run_id,mode,family,mode_interpretation,budget,effective_ants,effective_iterations,effective_max_epochs,seed,iteration,ant_id,candidate_id,dense_units_1,dense_units_2,dropout_1,dropout_2,batch_size,activation,optimizer,loss,learning_rate,fitness,train_accuracy,validation_accuracy,validation_loss,best_epoch,actual_epochs_completed,training_time_seconds,status,failure_reason,semantic_warning,effective_learning_rate,cache_hit,selection_probabilities,is_iteration_best,is_global_best,paper_label_activation,run_status
paper_conventional-main-ants20-iterations5-epochs5-seed-44,paper_conventional,paper_faithful,iteration_based_paper_interpretation,main,20,5,5,44,1,1,408f0e9a0daed593,16,64,0.4,0.8,32,gelu,rmsprop,binary_crossentropy,,0.9175000190734863,0.4347499907016754,0.9175000190734863,0.16146594285964966,4,5,15.545941723998112,cached,,nonstandard_loss_for_multiclass_sparse_labels,0.0010000000474974513,True,"{""activation"": [0.125, 0.125, 0.125, 0.125, 0.125, 0.125, 0.125, 0.125], ""batch_size"": [0.125, 0.125, 0.125, 0.125, 0.125, 0.125, 0.125, 0.125], ""dense_units_1"": [0.125, 0.125, 0.125, 0.125, 0.125, 0.125, 0.125, 0.125], ""dense_units_2"": [0.125, 0.125, 0.125, 0.125, 0.125, 0.125, 0.125, 0.125], ""dropout_1"": [0.125, 0.125, 0.125, 0.125, 0.125, 0.125, 0.125, 0.125], ""dropout_2"": [0.125, 0.125, 0.125, 0.125, 0.125, 0.125, 0.125, 0.125], ""loss"": [0.125, 0.125, 0.125, 0.125, 0.125, 0.125, 0.125, 0.125], ""optimizer"": [0.125, 0.125, 0.125, 0.125, 0.125, 0.125, 0.125, 0.125]}",False,False,gelu,success
paper_conventional-main-ants20-iterations5-epochs5-seed-44,paper_conventional,paper_faithful,iteration_based_paper_interpretation,main,20,5,5,44,1,2,5cdc3e4752c279df,512,256,0.8,0.4,2048,linear,adamax,sparse_categorical_crossentropy,,0.47999998927116394,0.7428749799728394,0.47999998927116394,1.8546414375305176,1,5,6.4503621219992056,cached,,,0.0010000000474974513,True,"{""activation"": [0.125, 0.125, 0.125, 0.125, 0.125, 0.125, 0.125, 0.125], ""batch_size"": [0.125, 0.125, 0.125, 0.125, 0.125, 0.125, 0.125, 0.125], ""dense_units_1"": [0.125, 0.125, 0.125, 0.125, 0.125, 0.125, 0.125, 0.125], ""dense_units_2"": [0.125, 0.125, 0.125, 0.125, 0.125, 0.125, 0.125, 0.125], ""dropout_1"": [0.125, 0.125, 0.125, 0.125, 0.125, 0.125, 0.125, 0.125], ""dropout_2"": [0.125, 0.125, 0.125, 0.125, 0.125, 0.125, 0.125, 0.125], ""loss"": [0.125, 0.125, 0.125, 0.125, 0.125, 0.125, 0.125, 0.125], ""optimizer"": [0.125, 0.125, 0.125, 0.125, 0.125, 0.125, 0.125, 0.125]}",False,False,linier,success
paper_conventional-main-ants20-iterations5-epochs5-seed-44,paper_conventional,paper_faithful,iteration_based_paper_interpretation,main,20,5,5,44,1,3,fe748ecc278fa672,1024,2048,0.5,0.2,32,gelu,adam,mean_squared_error,,0.9415000081062317,0.9413750171661377,0.9415000081062317,0.010734094306826591,5,5,20.11510195000301,cached,,nonstandard_loss_for_multiclass_sparse_labels,0.0010000000474974513,True,"{""activation"": [0.125, 0.125, 0.125, 0.125, 0.125, 0.125, 0.125, 0.125], ""batch_size"": [0.125, 0.125, 0.125, 0.125, 0.125, 0.125, 0.125, 0.125], ""dense_units_1"": [0.125, 0.125, 0.125, 0.125, 0.125, 0.125, 0.125, 0.125], ""dense_units_2"": [0.125, 0.125, 0.125, 0.125, 0.125, 0.125, 0.125, 0.125], ""dropout_1"": [0.125, 0.125, 0.125, 0.125, 0.125, 0.125, 0.125, 0.125], ""dropout_2"": [0.125, 0.125, 0.125, 0.125, 0.125, 0.125, 0.125, 0.125], ""loss"": [0.125, 0.125, 0.125, 0.125, 0.125, 0.125, 0.125, 0.125], ""optimizer"": [0.125, 0.125, 0.125, 0.125, 0.125, 0.125, 0.125, 0.125]}",False,False,gelu,success
paper_conventional-main-ants20-iterations5-epochs5-seed-44,paper_conventional,paper_faithful,iteration_based_paper_interpretation,main,20,5,5,44,1,4,9bafd3ed43924c4c,32,64,0.8,0.3,512,gelu,sgd,categorical_crossentropy,,0.5665000081062317,0.6230000257492065,0.5665000081062317,1.9211971759796143,3,5,5.061453491001885,cached,,nonstandard_loss_for_multiclass_sparse_labels,0.009999999776482582,True,"{""activation"": [0.125, 0.125, 0.125, 0.125, 0.125, 0.125, 0.125, 0.125], ""batch_size"": [0.125, 0.125, 0.125, 0.125, 0.125, 0.125, 0.125, 0.125], ""dense_units_1"": [0.125, 0.125, 0.125, 0.125, 0.125, 0.125, 0.125, 0.125], ""dense_units_2"": [0.125, 0.125, 0.125, 0.125, 0.125, 0.125, 0.125, 0.125], ""dropout_1"": [0.125, 0.125, 0.125, 0.125, 0.125, 0.125, 0.125, 0.125], ""dropout_2"": [0.125, 0.125, 0.125, 0.125, 0.125, 0.125, 0.125, 0.125], ""loss"": [0.125, 0.125, 0.125, 0.125, 0.125, 0.125, 0.125, 0.125], ""optimizer"": [0.125, 0.125, 0.125, 0.125, 0.125, 0.125, 0.125, 0.125]}",False,False,gelu,success
paper_conventional-main-ants20-iterations5-epochs5-seed-44,paper_conventional,paper_faithful,iteration_based_paper_interpretation,main,20,5,5,44,1,5,0b30330c32d67b3f,1024,128,0.3,0.2,2048,selu,adagrad,sparse_categorical_crossentropy,,0.8709999918937683,0.8763750195503235,0.8709999918937683,0.5815429091453552,5,5,6.08810240800085,cached,,,0.0010000000474974513,True,"{""activation"": [0.125, 0.125, 0.125, 0.125, 0.125, 0.125, 0.125, 0.125], ""batch_size"": [0.125, 0.125, 0.125, 0.125, 0.125, 0.125, 0.125, 0.125], ""dense_units_1"": [0.125, 0.125, 0.125, 0.125, 0.125, 0.125, 0.125, 0.125], ""dense_units_2"": [0.125, 0.125, 0.125, 0.125, 0.125, 0.125, 0.125, 0.125], ""dropout_1"": [0.125, 0.125, 0.125, 0.125, 0.125, 0.125, 0.125, 0.125], ""dropout_2"": [0.125, 0.125, 0.125, 0.125, 0.125, 0.125, 0.125, 0.125], ""loss"": [0.125, 0.125, 0.125, 0.125, 0.125, 0.125, 0.125, 0.125], ""optimizer"": [0.125, 0.125, 0.125, 0.125, 0.125, 0.125, 0.125, 0.125]}",False,False,selu,success
paper_conventional-main-ants20-iterations5-epochs5-seed-44,paper_conventional,paper_faithful,iteration_based_paper_interpretation,main,20,5,5,44,1,6,e63a855fbb4b31be,2048,64,0.7,0.8,32,linear,nadam,mean_squared_error,,0.4724999964237213,0.7555000185966492,0.4724999964237213,0.10473645478487015,4,5,22.090614213000663,cached,,nonstandard_loss_for_multiclass_sparse_labels,0.0010000000474974513,True,"{""activation"": [0.125, 0.125, 0.125, 0.125, 0.125, 0.125, 0.125, 0.125], ""batch_size"": [0.125, 0.125, 0.125, 0.125, 0.125, 0.125, 0.125, 0.125], ""dense_units_1"": [0.125, 0.125, 0.125, 0.125, 0.125, 0.125, 0.125, 0.125], ""dense_units_2"": [0.125, 0.125, 0.125, 0.125, 0.125, 0.125, 0.125, 0.125], ""dropout_1"": [0.125, 0.125, 0.125, 0.125, 0.125, 0.125, 0.125, 0.125], ""dropout_2"": [0.125, 0.125, 0.125, 0.125, 0.125, 0.125, 0.125, 0.125], ""loss"": [0.125, 0.125, 0.125, 0.125, 0.125, 0.125, 0.125, 0.125], ""optimizer"": [0.125, 0.125, 0.125, 0.125, 0.125, 0.125, 0.125, 0.125]}",False,False,linier,success
paper_conventional-main-ants20-iterations5-epochs5-seed-44,paper_conventional,paper_faithful,iteration_based_paper_interpretation,main,20,5,5,44,1,7,e4e161d6152b88a2,512,64,0.6,0.4,64,selu,adadelta,squared_hinge,,0.28850001096725464,0.195374995470047,0.28850001096725464,1.1513363122940063,5,5,10.503151190998324,cached,,nonstandard_loss_for_multiclass_sparse_labels,0.0010000000474974513,True,"{""activation"": [0.125, 0.125, 0.125, 0.125, 0.125, 0.125, 0.125, 0.125], ""batch_size"": [0.125, 0.125, 0.125, 0.125, 0.125, 0.125, 0.125, 0.125], ""dense_units_1"": [0.125, 0.125, 0.125, 0.125, 0.125, 0.125, 0.125, 0.125], ""dense_units_2"": [0.125, 0.125, 0.125, 0.125, 0.125, 0.125, 0.125, 0.125], ""dropout_1"": [0.125, 0.125, 0.125, 0.125, 0.125, 0.125, 0.125, 0.125], ""dropout_2"": [0.125, 0.125, 0.125, 0.125, 0.125, 0.125, 0.125, 0.125], ""loss"": [0.125, 0.125, 0.125, 0.125, 0.125, 0.125, 0.125, 0.125], ""optimizer"": [0.125, 0.125, 0.125, 0.125, 0.125, 0.125, 0.125, 0.125]}",False,False,selu,success
paper_conventional-main-ants20-iterations5-epochs5-seed-44,paper_conventional,paper_faithful,iteration_based_paper_interpretation,main,20,5,5,44,1,8,fc53e5e3ebc12e9f,1024,64,0.2,0.3,128,selu,adadelta,squared_hinge,,0.33149999380111694,0.27175000309944153,0.33149999380111694,1.151489019393921,5,5,6.830425204996573,cached,,nonstandard_loss_for_multiclass_sparse_labels,0.0010000000474974513,True,"{""activation"": [0.125, 0.125, 0.125, 0.125, 0.125, 0.125, 0.125, 0.125], ""batch_size"": [0.125, 0.125, 0.125, 0.125, 0.125, 0.125, 0.125, 0.125], ""dense_units_1"": [0.125, 0.125, 0.125, 0.125, 0.125, 0.125, 0.125, 0.125], ""dense_units_2"": [0.125, 0.125, 0.125, 0.125, 0.125, 0.125, 0.125, 0.125], ""dropout_1"": [0.125, 0.125, 0.125, 0.125, 0.125, 0.125, 0.125, 0.125], ""dropout_2"": [0.125, 0.125, 0.125, 0.125, 0.125, 0.125, 0.125, 0.125], ""loss"": [0.125, 0.125, 0.125, 0.125, 0.125, 0.125, 0.125, 0.125], ""optimizer"": [0.125, 0.125, 0.125, 0.125, 0.125, 0.125, 0.125, 0.125]}",False,False,selu,success
paper_conventional-main-ants20-iterations5-epochs5-seed-44,paper_conventional,paper_faithful,iteration_based_paper_interpretation,main,20,5,5,44,1,9,1a778349a26bc5b3,2048,32,0.7,0.4,128,tanh,adam,binary_crossentropy,,0.8240000009536743,0.9506250023841858,0.8240000009536743,0.20370575785636902,5,5,6.622412549000728,cached,,nonstandard_loss_for_multiclass_sparse_labels,0.0010000000474974513,True,"{""activation"": [0.125, 0.125, 0.125, 0.125, 0.125, 0.125, 0.125, 0.125], ""batch_size"": [0.125, 0.125, 0.125, 0.125, 0.125, 0.125, 0.125, 0.125], ""dense_units_1"": [0.125, 0.125, 0.125, 0.125, 0.125, 0.125, 0.125, 0.125], ""dense_units_2"": [0.125, 0.125, 0.125, 0.125, 0.125, 0.125, 0.125, 0.125], ""dropout_1"": [0.125, 0.125, 0.125, 0.125, 0.125, 0.125, 0.125, 0.125], ""dropout_2"": [0.125, 0.125, 0.125, 0.125, 0.125, 0.125, 0.125, 0.125], ""loss"": [0.125, 0.125, 0.125, 0.125, 0.125, 0.125, 0.125, 0.125], ""optimizer"": [0.125, 0.125, 0.125, 0.125, 0.125, 0.125, 0.125, 0.125]}",False,False,tanh,success
paper_conventional-main-ants20-iterations5-epochs5-seed-44,paper_conventional,paper_faithful,iteration_based_paper_interpretation,main,20,5,5,44,1,10,2af806c416c9899c,64,256,0.2,0.1,16,gelu,adamax,categorical_hinge,,0.972000002861023,0.9681249856948853,0.972000002861023,0.061133112758398056,5,5,34.50097649300005,cached,,nonstandard_loss_for_multiclass_sparse_labels,0.0010000000474974513,True,"{""activation"": [0.125, 0.125, 0.125, 0.125, 0.125, 0.125, 0.125, 0.125], ""batch_size"": [0.125, 0.125, 0.125, 0.125, 0.125, 0.125, 0.125, 0.125], ""dense_units_1"": [0.125, 0.125, 0.125, 0.125, 0.125, 0.125, 0.125, 0.125], ""dense_units_2"": [0.125, 0.125, 0.125, 0.125, 0.125, 0.125, 0.125, 0.125], ""dropout_1"": [0.125, 0.125, 0.125, 0.125, 0.125, 0.125, 0.125, 0.125], ""dropout_2"": [0.125, 0.125, 0.125, 0.125, 0.125, 0.125, 0.125, 0.125], ""loss"": [0.125, 0.125, 0.125, 0.125, 0.125, 0.125, 0.125, 0.125], ""optimizer"": [0.125, 0.125, 0.125, 0.125, 0.125, 0.125, 0.125, 0.125]}",False,False,gelu,success
paper_conventional-main-ants20-iterations5-epochs5-seed-44,paper_conventional,paper_faithful,iteration_based_paper_interpretation,main,20,5,5,44,1,11,58ac4ee9292b6cfc,512,16,0.6,0.5,2048,sigmoid,adam,categorical_hinge,,0.9290000200271606,0.9490000009536743,0.9290000200271606,0.43267714977264404,5,5,7.143163250999351,cached,,nonstandard_loss_for_multiclass_sparse_labels,0.0010000000474974513,True,"{""activation"": [0.125, 0.125, 0.125, 0.125, 0.125, 0.125, 0.125, 0.125], ""batch_size"": [0.125, 0.125, 0.125, 0.125, 0.125, 0.125, 0.125, 0.125], ""dense_units_1"": [0.125, 0.125, 0.125, 0.125, 0.125, 0.125, 0.125, 0.125], ""dense_units_2"": [0.125, 0.125, 0.125, 0.125, 0.125, 0.125, 0.125, 0.125], ""dropout_1"": [0.125, 0.125, 0.125, 0.125, 0.125, 0.125, 0.125, 0.125], ""dropout_2"": [0.125, 0.125, 0.125, 0.125, 0.125, 0.125, 0.125, 0.125], ""loss"": [0.125, 0.125, 0.125, 0.125, 0.125, 0.125, 0.125, 0.125], ""optimizer"": [0.125, 0.125, 0.125, 0.125, 0.125, 0.125, 0.125, 0.125]}",False,False,sigmoid,success
paper_conventional-main-ants20-iterations5-epochs5-seed-44,paper_conventional,paper_faithful,iteration_based_paper_interpretation,main,20,5,5,44,1,12,378774773795efe3,128,128,0.6,0.2,128,gelu,adagrad,cosine_similarity,,0.3140000104904175,0.46437498927116394,0.3140000104904175,-0.38525885343551636,5,5,5.857088283999474,cached,,nonstandard_loss_for_multiclass_sparse_labels,0.0010000000474974513,True,"{""activation"": [0.125, 0.125, 0.125, 0.125, 0.125, 0.125, 0.125, 0.125], ""batch_size"": [0.125, 0.125, 0.125, 0.125, 0.125, 0.125, 0.125, 0.125], ""dense_units_1"": [0.125, 0.125, 0.125, 0.125, 0.125, 0.125, 0.125, 0.125], ""dense_units_2"": [0.125, 0.125, 0.125, 0.125, 0.125, 0.125, 0.125, 0.125], ""dropout_1"": [0.125, 0.125, 0.125, 0.125, 0.125, 0.125, 0.125, 0.125], ""dropout_2"": [0.125, 0.125, 0.125, 0.125, 0.125, 0.125, 0.125, 0.125], ""loss"": [0.125, 0.125, 0.125, 0.125, 0.125, 0.125, 0.125, 0.125], ""optimizer"": [0.125, 0.125, 0.125, 0.125, 0.125, 0.125, 0.125, 0.125]}",False,False,gelu,success
paper_conventional-main-ants20-iterations5-epochs5-seed-44,paper_conventional,paper_faithful,iteration_based_paper_interpretation,main,20,5,5,44,1,13,d7993e5015c6243a,1024,64,0.7,0.6,16,softplus,ftrl,categorical_hinge,,0.10000000149011612,0.10575000196695328,0.10000000149011612,1.0001246929168701,4,5,33.585069050997845,cached,,nonstandard_loss_for_multiclass_sparse_labels,0.0010000000474974513,True,"{""activation"": [0.125, 0.125, 0.125, 0.125, 0.125, 0.125, 0.125, 0.125], ""batch_size"": [0.125, 0.125, 0.125, 0.125, 0.125, 0.125, 0.125, 0.125], ""dense_units_1"": [0.125, 0.125, 0.125, 0.125, 0.125, 0.125, 0.125, 0.125], ""dense_units_2"": [0.125, 0.125, 0.125, 0.125, 0.125, 0.125, 0.125, 0.125], ""dropout_1"": [0.125, 0.125, 0.125, 0.125, 0.125, 0.125, 0.125, 0.125], ""dropout_2"": [0.125, 0.125, 0.125, 0.125, 0.125, 0.125, 0.125, 0.125], ""loss"": [0.125, 0.125, 0.125, 0.125, 0.125, 0.125, 0.125, 0.125], ""optimizer"": [0.125, 0.125, 0.125, 0.125, 0.125, 0.125, 0.125, 0.125]}",False,False,softplus,success
paper_conventional-main-ants20-iterations5-epochs5-seed-44,paper_conventional,paper_faithful,iteration_based_paper_interpretation,main,20,5,5,44,1,14,fc08fb960c1f994b,32,512,0.3,0.2,16,relu,adadelta,sparse_categorical_crossentropy,,0.2904999852180481,0.2563750147819519,0.2904999852180481,2.1687841415405273,5,5,34.433723087000544,cached,,,0.0010000000474974513,True,"{""activation"": [0.125, 0.125, 0.125, 0.125, 0.125, 0.125, 0.125, 0.125], ""batch_size"": [0.125, 0.125, 0.125, 0.125, 0.125, 0.125, 0.125, 0.125], ""dense_units_1"": [0.125, 0.125, 0.125, 0.125, 0.125, 0.125, 0.125, 0.125], ""dense_units_2"": [0.125, 0.125, 0.125, 0.125, 0.125, 0.125, 0.125, 0.125], ""dropout_1"": [0.125, 0.125, 0.125, 0.125, 0.125, 0.125, 0.125, 0.125], ""dropout_2"": [0.125, 0.125, 0.125, 0.125, 0.125, 0.125, 0.125, 0.125], ""loss"": [0.125, 0.125, 0.125, 0.125, 0.125, 0.125, 0.125, 0.125], ""optimizer"": [0.125, 0.125, 0.125, 0.125, 0.125, 0.125, 0.125, 0.125]}",False,False,relu,success
paper_conventional-main-ants20-iterations5-epochs5-seed-44,paper_conventional,paper_faithful,iteration_based_paper_interpretation,main,20,5,5,44,1,15,7b39f9604fcf25b2,256,1024,0.4,0.5,1024,gelu,sgd,mean_squared_error,,0.2004999965429306,0.15212500095367432,0.2004999965429306,0.08942063897848129,5,5,5.674087608000264,cached,,nonstandard_loss_for_multiclass_sparse_labels,0.009999999776482582,True,"{""activation"": [0.125, 0.125, 0.125, 0.125, 0.125, 0.125, 0.125, 0.125], ""batch_size"": [0.125, 0.125, 0.125, 0.125, 0.125, 0.125, 0.125, 0.125], ""dense_units_1"": [0.125, 0.125, 0.125, 0.125, 0.125, 0.125, 0.125, 0.125], ""dense_units_2"": [0.125, 0.125, 0.125, 0.125, 0.125, 0.125, 0.125, 0.125], ""dropout_1"": [0.125, 0.125, 0.125, 0.125, 0.125, 0.125, 0.125, 0.125], ""dropout_2"": [0.125, 0.125, 0.125, 0.125, 0.125, 0.125, 0.125, 0.125], ""loss"": [0.125, 0.125, 0.125, 0.125, 0.125, 0.125, 0.125, 0.125], ""optimizer"": [0.125, 0.125, 0.125, 0.125, 0.125, 0.125, 0.125, 0.125]}",False,False,gelu,success
paper_conventional-main-ants20-iterations5-epochs5-seed-44,paper_conventional,paper_faithful,iteration_based_paper_interpretation,main,20,5,5,44,1,16,9bcb5a93f88102b6,128,16,0.2,0.1,32,linear,nadam,categorical_hinge,,0.9495000243186951,0.9623749852180481,0.9495000243186951,0.09871423244476318,5,5,30.549239708998357,success,,nonstandard_loss_for_multiclass_sparse_labels,0.0010000000474974513,False,"{""activation"": [0.125, 0.125, 0.125, 0.125, 0.125, 0.125, 0.125, 0.125], ""batch_size"": [0.125, 0.125, 0.125, 0.125, 0.125, 0.125, 0.125, 0.125], ""dense_units_1"": [0.125, 0.125, 0.125, 0.125, 0.125, 0.125, 0.125, 0.125], ""dense_units_2"": [0.125, 0.125, 0.125, 0.125, 0.125, 0.125, 0.125, 0.125], ""dropout_1"": [0.125, 0.125, 0.125, 0.125, 0.125, 0.125, 0.125, 0.125], ""dropout_2"": [0.125, 0.125, 0.125, 0.125, 0.125, 0.125, 0.125, 0.125], ""loss"": [0.125, 0.125, 0.125, 0.125, 0.125, 0.125, 0.125, 0.125], ""optimizer"": [0.125, 0.125, 0.125, 0.125, 0.125, 0.125, 0.125, 0.125]}",False,False,linier,success
paper_conventional-main-ants20-iterations5-epochs5-seed-44,paper_conventional,paper_faithful,iteration_based_paper_interpretation,main,20,5,5,44,1,17,af7a52d6220d960a,1024,2048,0.2,0.5,128,sigmoid,rmsprop,categorical_hinge,,0.9775000214576721,0.9775000214576721,0.9775000214576721,0.05142586678266525,5,5,14.187695504002477,success,,nonstandard_loss_for_multiclass_sparse_labels,0.0010000000474974513,False,"{""activation"": [0.125, 0.125, 0.125, 0.125, 0.125, 0.125, 0.125, 0.125], ""batch_size"": [0.125, 0.125, 0.125, 0.125, 0.125, 0.125, 0.125, 0.125], ""dense_units_1"": [0.125, 0.125, 0.125, 0.125, 0.125, 0.125, 0.125, 0.125], ""dense_units_2"": [0.125, 0.125, 0.125, 0.125, 0.125, 0.125, 0.125, 0.125], ""dropout_1"": [0.125, 0.125, 0.125, 0.125, 0.125, 0.125, 0.125, 0.125], ""dropout_2"": [0.125, 0.125, 0.125, 0.125, 0.125, 0.125, 0.125, 0.125], ""loss"": [0.125, 0.125, 0.125, 0.125, 0.125, 0.125, 0.125, 0.125], ""optimizer"": [0.125, 0.125, 0.125, 0.125, 0.125, 0.125, 0.125, 0.125]}",True,False,sigmoid,success
paper_conventional-main-ants20-iterations5-epochs5-seed-44,paper_conventional,paper_faithful,iteration_based_paper_interpretation,main,20,5,5,44,1,18,ed0a9f497e50e8cc,512,512,0.8,0.2,2048,softsign,sgd,cosine_similarity,,0.515999972820282,0.8293750286102295,0.515999972820282,-0.5921807289123535,5,5,13.49557224399905,success,,nonstandard_loss_for_multiclass_sparse_labels,0.009999999776482582,False,"{""activation"": [0.125, 0.125, 0.125, 0.125, 0.125, 0.125, 0.125, 0.125], ""batch_size"": [0.125, 0.125, 0.125, 0.125, 0.125, 0.125, 0.125, 0.125], ""dense_units_1"": [0.125, 0.125, 0.125, 0.125, 0.125, 0.125, 0.125, 0.125], ""dense_units_2"": [0.125, 0.125, 0.125, 0.125, 0.125, 0.125, 0.125, 0.125], ""dropout_1"": [0.125, 0.125, 0.125, 0.125, 0.125, 0.125, 0.125, 0.125], ""dropout_2"": [0.125, 0.125, 0.125, 0.125, 0.125, 0.125, 0.125, 0.125], ""loss"": [0.125, 0.125, 0.125, 0.125, 0.125, 0.125, 0.125, 0.125], ""optimizer"": [0.125, 0.125, 0.125, 0.125, 0.125, 0.125, 0.125, 0.125]}",False,False,softsign,success
paper_conventional-main-ants20-iterations5-epochs5-seed-44,paper_conventional,paper_faithful,iteration_based_paper_interpretation,main,20,5,5,44,1,19,f466e6a276699903,64,1024,0.2,0.5,256,softplus,adagrad,cosine_similarity,,0.7745000123977661,0.6234999895095825,0.7745000123977661,-0.733527660369873,5,5,15.257241262999742,success,,nonstandard_loss_for_multiclass_sparse_labels,0.0010000000474974513,False,"{""activation"": [0.125, 0.125, 0.125, 0.125, 0.125, 0.125, 0.125, 0.125], ""batch_size"": [0.125, 0.125, 0.125, 0.125, 0.125, 0.125, 0.125, 0.125], ""dense_units_1"": [0.125, 0.125, 0.125, 0.125, 0.125, 0.125, 0.125, 0.125], ""dense_units_2"": [0.125, 0.125, 0.125, 0.125, 0.125, 0.125, 0.125, 0.125], ""dropout_1"": [0.125, 0.125, 0.125, 0.125, 0.125, 0.125, 0.125, 0.125], ""dropout_2"": [0.125, 0.125, 0.125, 0.125, 0.125, 0.125, 0.125, 0.125], ""loss"": [0.125, 0.125, 0.125, 0.125, 0.125, 0.125, 0.125, 0.125], ""optimizer"": [0.125, 0.125, 0.125, 0.125, 0.125, 0.125, 0.125, 0.125]}",False,False,softplus,success
paper_conventional-main-ants20-iterations5-epochs5-seed-44,paper_conventional,paper_faithful,iteration_based_paper_interpretation,main,20,5,5,44,1,20,bf96d36f9485391c,64,16,0.4,0.1,512,selu,adam,categorical_hinge,,0.9639999866485596,0.965499997138977,0.9639999866485596,0.07310894876718521,5,5,18.614885967999726,success,,nonstandard_loss_for_multiclass_sparse_labels,0.0010000000474974513,False,"{""activation"": [0.125, 0.125, 0.125, 0.125, 0.125, 0.125, 0.125, 0.125], ""batch_size"": [0.125, 0.125, 0.125, 0.125, 0.125, 0.125, 0.125, 0.125], ""dense_units_1"": [0.125, 0.125, 0.125, 0.125, 0.125, 0.125, 0.125, 0.125], ""dense_units_2"": [0.125, 0.125, 0.125, 0.125, 0.125, 0.125, 0.125, 0.125], ""dropout_1"": [0.125, 0.125, 0.125, 0.125, 0.125, 0.125, 0.125, 0.125], ""dropout_2"": [0.125, 0.125, 0.125, 0.125, 0.125, 0.125, 0.125, 0.125], ""loss"": [0.125, 0.125, 0.125, 0.125, 0.125, 0.125, 0.125, 0.125], ""optimizer"": [0.125, 0.125, 0.125, 0.125, 0.125, 0.125, 0.125, 0.125]}",False,False,selu,success
paper_conventional-main-ants20-iterations5-epochs5-seed-44,paper_conventional,paper_faithful,iteration_based_paper_interpretation,main,20,5,5,44,2,1,e2e39f142bd84091,512,64,0.1,0.2,128,gelu,adam,categorical_hinge,,0.9620000123977661,0.9614999890327454,0.9620000123977661,0.07540377974510193,5,5,18.551275524998346,success,,nonstandard_loss_for_multiclass_sparse_labels,0.0010000000474974513,False,"{""activation"": [0.078125, 0.109375, 0.109375, 0.078125, 0.078125, 0.171875, 0.234375, 0.140625], ""batch_size"": [0.140625, 0.171875, 0.078125, 0.171875, 0.078125, 0.109375, 0.078125, 0.171875], ""dense_units_1"": [0.078125, 0.109375, 0.140625, 0.109375, 0.078125, 0.171875, 0.203125, 0.109375], ""dense_units_2"": [0.140625, 0.078125, 0.234375, 0.109375, 0.109375, 0.109375, 0.109375, 0.109375], ""dropout_1"": [0.046875, 0.203125, 0.109375, 0.140625, 0.078125, 0.140625, 0.140625, 0.140625], ""dropout_2"": [0.140625, 0.203125, 0.109375, 0.140625, 0.171875, 0.078125, 0.046875, 0.109375], ""loss"": [0.140625, 0.078125, 0.109375, 0.046875, 0.140625, 0.109375, 0.234375, 0.140625], ""optimizer"": [0.171875, 0.109375, 0.140625, 0.140625, 0.140625, 0.109375, 0.078125, 0.109375]}",False,False,gelu,success
paper_conventional-main-ants20-iterations5-epochs5-seed-44,paper_conventional,paper_faithful,iteration_based_paper_interpretation,main,20,5,5,44,2,2,b366df30eda4be0a,16,128,0.3,0.6,32,gelu,adamax,cosine_similarity,,0.940500020980835,0.715624988079071,0.940500020980835,-0.9350082278251648,5,5,17.42918460600049,success,,nonstandard_loss_for_multiclass_sparse_labels,0.0010000000474974513,False,"{""activation"": [0.078125, 0.109375, 0.109375, 0.078125, 0.078125, 0.171875, 0.234375, 0.140625], ""batch_size"": [0.140625, 0.171875, 0.078125, 0.171875, 0.078125, 0.109375, 0.078125, 0.171875], ""dense_units_1"": [0.078125, 0.109375, 0.140625, 0.109375, 0.078125, 0.171875, 0.203125, 0.109375], ""dense_units_2"": [0.140625, 0.078125, 0.234375, 0.109375, 0.109375, 0.109375, 0.109375, 0.109375], ""dropout_1"": [0.046875, 0.203125, 0.109375, 0.140625, 0.078125, 0.140625, 0.140625, 0.140625], ""dropout_2"": [0.140625, 0.203125, 0.109375, 0.140625, 0.171875, 0.078125, 0.046875, 0.109375], ""loss"": [0.140625, 0.078125, 0.109375, 0.046875, 0.140625, 0.109375, 0.234375, 0.140625], ""optimizer"": [0.171875, 0.109375, 0.140625, 0.140625, 0.140625, 0.109375, 0.078125, 0.109375]}",False,False,gelu,success
paper_conventional-main-ants20-iterations5-epochs5-seed-44,paper_conventional,paper_faithful,iteration_based_paper_interpretation,main,20,5,5,44,2,3,32f21b7971322cbe,512,64,0.7,0.4,16,sigmoid,rmsprop,categorical_hinge,,0.9409999847412109,0.9408749938011169,0.9409999847412109,0.1482761949300766,3,5,28.929065262000222,success,,nonstandard_loss_for_multiclass_sparse_labels,0.0010000000474974513,False,"{""activation"": [0.078125, 0.109375, 0.109375, 0.078125, 0.078125, 0.171875, 0.234375, 0.140625], ""batch_size"": [0.140625, 0.171875, 0.078125, 0.171875, 0.078125, 0.109375, 0.078125, 0.171875], ""dense_units_1"": [0.078125, 0.109375, 0.140625, 0.109375, 0.078125, 0.171875, 0.203125, 0.109375], ""dense_units_2"": [0.140625, 0.078125, 0.234375, 0.109375, 0.109375, 0.109375, 0.109375, 0.109375], ""dropout_1"": [0.046875, 0.203125, 0.109375, 0.140625, 0.078125, 0.140625, 0.140625, 0.140625], ""dropout_2"": [0.140625, 0.203125, 0.109375, 0.140625, 0.171875, 0.078125, 0.046875, 0.109375], ""loss"": [0.140625, 0.078125, 0.109375, 0.046875, 0.140625, 0.109375, 0.234375, 0.140625], ""optimizer"": [0.171875, 0.109375, 0.140625, 0.140625, 0.140625, 0.109375, 0.078125, 0.109375]}",False,False,sigmoid,success
paper_conventional-main-ants20-iterations5-epochs5-seed-44,paper_conventional,paper_faithful,iteration_based_paper_interpretation,main,20,5,5,44,2,4,eb66e008b86f1f51,2048,32,0.4,0.5,2048,linear,adadelta,categorical_crossentropy,,0.414000004529953,0.43562498688697815,0.414000004529953,1.5990710258483887,5,5,16.56365558499965,success,,nonstandard_loss_for_multiclass_sparse_labels,0.0010000000474974513,False,"{""activation"": [0.078125, 0.109375, 0.109375, 0.078125, 0.078125, 0.171875, 0.234375, 0.140625], ""batch_size"": [0.140625, 0.171875, 0.078125, 0.171875, 0.078125, 0.109375, 0.078125, 0.171875], ""dense_units_1"": [0.078125, 0.109375, 0.140625, 0.109375, 0.078125, 0.171875, 0.203125, 0.109375], ""dense_units_2"": [0.140625, 0.078125, 0.234375, 0.109375, 0.109375, 0.109375, 0.109375, 0.109375], ""dropout_1"": [0.046875, 0.203125, 0.109375, 0.140625, 0.078125, 0.140625, 0.140625, 0.140625], ""dropout_2"": [0.140625, 0.203125, 0.109375, 0.140625, 0.171875, 0.078125, 0.046875, 0.109375], ""loss"": [0.140625, 0.078125, 0.109375, 0.046875, 0.140625, 0.109375, 0.234375, 0.140625], ""optimizer"": [0.171875, 0.109375, 0.140625, 0.140625, 0.140625, 0.109375, 0.078125, 0.109375]}",False,False,linier,success
paper_conventional-main-ants20-iterations5-epochs5-seed-44,paper_conventional,paper_faithful,iteration_based_paper_interpretation,main,20,5,5,44,2,5,04a6d28ff97c16b4,64,256,0.5,0.1,2048,gelu,adamax,mean_absolute_error,,0.9449999928474426,0.9541249871253967,0.9449999928474426,0.012496312148869038,5,5,18.388938447002147,success,,nonstandard_loss_for_multiclass_sparse_labels,0.0010000000474974513,False,"{""activation"": [0.078125, 0.109375, 0.109375, 0.078125, 0.078125, 0.171875, 0.234375, 0.140625], ""batch_size"": [0.140625, 0.171875, 0.078125, 0.171875, 0.078125, 0.109375, 0.078125, 0.171875], ""dense_units_1"": [0.078125, 0.109375, 0.140625, 0.109375, 0.078125, 0.171875, 0.203125, 0.109375], ""dense_units_2"": [0.140625, 0.078125, 0.234375, 0.109375, 0.109375, 0.109375, 0.109375, 0.109375], ""dropout_1"": [0.046875, 0.203125, 0.109375, 0.140625, 0.078125, 0.140625, 0.140625, 0.140625], ""dropout_2"": [0.140625, 0.203125, 0.109375, 0.140625, 0.171875, 0.078125, 0.046875, 0.109375], ""loss"": [0.140625, 0.078125, 0.109375, 0.046875, 0.140625, 0.109375, 0.234375, 0.140625], ""optimizer"": [0.171875, 0.109375, 0.140625, 0.140625, 0.140625, 0.109375, 0.078125, 0.109375]}",False,False,gelu,success
paper_conventional-main-ants20-iterations5-epochs5-seed-44,paper_conventional,paper_faithful,iteration_based_paper_interpretation,main,20,5,5,44,2,6,cdd793e42d571df2,256,64,0.2,0.8,2048,selu,sgd,binary_crossentropy,,0.9020000100135803,0.7408750057220459,0.9020000100135803,0.11111539602279663,5,5,14.271856917999685,success,,nonstandard_loss_for_multiclass_sparse_labels,0.009999999776482582,False,"{""activation"": [0.078125, 0.109375, 0.109375, 0.078125, 0.078125, 0.171875, 0.234375, 0.140625], ""batch_size"": [0.140625, 0.171875, 0.078125, 0.171875, 0.078125, 0.109375, 0.078125, 0.171875], ""dense_units_1"": [0.078125, 0.109375, 0.140625, 0.109375, 0.078125, 0.171875, 0.203125, 0.109375], ""dense_units_2"": [0.140625, 0.078125, 0.234375, 0.109375, 0.109375, 0.109375, 0.109375, 0.109375], ""dropout_1"": [0.046875, 0.203125, 0.109375, 0.140625, 0.078125, 0.140625, 0.140625, 0.140625], ""dropout_2"": [0.140625, 0.203125, 0.109375, 0.140625, 0.171875, 0.078125, 0.046875, 0.109375], ""loss"": [0.140625, 0.078125, 0.109375, 0.046875, 0.140625, 0.109375, 0.234375, 0.140625], ""optimizer"": [0.171875, 0.109375, 0.140625, 0.140625, 0.140625, 0.109375, 0.078125, 0.109375]}",False,False,selu,success
paper_conventional-main-ants20-iterations5-epochs5-seed-44,paper_conventional,paper_faithful,iteration_based_paper_interpretation,main,20,5,5,44,2,7,68e613d187ab21f8,32,512,0.1,0.5,1024,relu,adagrad,categorical_hinge,,0.5410000085830688,0.3488749861717224,0.5410000085830688,0.9878503084182739,5,5,16.129475069003092,success,,nonstandard_loss_for_multiclass_sparse_labels,0.0010000000474974513,False,"{""activation"": [0.078125, 0.109375, 0.109375, 0.078125, 0.078125, 0.171875, 0.234375, 0.140625], ""batch_size"": [0.140625, 0.171875, 0.078125, 0.171875, 0.078125, 0.109375, 0.078125, 0.171875], ""dense_units_1"": [0.078125, 0.109375, 0.140625, 0.109375, 0.078125, 0.171875, 0.203125, 0.109375], ""dense_units_2"": [0.140625, 0.078125, 0.234375, 0.109375, 0.109375, 0.109375, 0.109375, 0.109375], ""dropout_1"": [0.046875, 0.203125, 0.109375, 0.140625, 0.078125, 0.140625, 0.140625, 0.140625], ""dropout_2"": [0.140625, 0.203125, 0.109375, 0.140625, 0.171875, 0.078125, 0.046875, 0.109375], ""loss"": [0.140625, 0.078125, 0.109375, 0.046875, 0.140625, 0.109375, 0.234375, 0.140625], ""optimizer"": [0.171875, 0.109375, 0.140625, 0.140625, 0.140625, 0.109375, 0.078125, 0.109375]}",False,False,relu,success
paper_conventional-main-ants20-iterations5-epochs5-seed-44,paper_conventional,paper_faithful,iteration_based_paper_interpretation,main,20,5,5,44,2,8,141cf37798e5db2f,32,512,0.2,0.3,32,sigmoid,adamax,categorical_hinge,,0.9670000076293945,0.9578750133514404,0.9670000076293945,0.09415692836046219,5,5,16.692170715999964,success,,nonstandard_loss_for_multiclass_sparse_labels,0.0010000000474974513,False,"{""activation"": [0.078125, 0.109375, 0.109375, 0.078125, 0.078125, 0.171875, 0.234375, 0.140625], ""batch_size"": [0.140625, 0.171875, 0.078125, 0.171875, 0.078125, 0.109375, 0.078125, 0.171875], ""dense_units_1"": [0.078125, 0.109375, 0.140625, 0.109375, 0.078125, 0.171875, 0.203125, 0.109375], ""dense_units_2"": [0.140625, 0.078125, 0.234375, 0.109375, 0.109375, 0.109375, 0.109375, 0.109375], ""dropout_1"": [0.046875, 0.203125, 0.109375, 0.140625, 0.078125, 0.140625, 0.140625, 0.140625], ""dropout_2"": [0.140625, 0.203125, 0.109375, 0.140625, 0.171875, 0.078125, 0.046875, 0.109375], ""loss"": [0.140625, 0.078125, 0.109375, 0.046875, 0.140625, 0.109375, 0.234375, 0.140625], ""optimizer"": [0.171875, 0.109375, 0.140625, 0.140625, 0.140625, 0.109375, 0.078125, 0.109375]}",False,False,sigmoid,success
paper_conventional-main-ants20-iterations5-epochs5-seed-44,paper_conventional,paper_faithful,iteration_based_paper_interpretation,main,20,5,5,44,2,9,979261fb5aee9db1,1024,64,0.3,0.5,64,gelu,adam,mean_absolute_error,,0.9595000147819519,0.9488750100135803,0.9595000147819519,0.00833836104720831,5,5,17.37697143400146,success,,nonstandard_loss_for_multiclass_sparse_labels,0.0010000000474974513,False,"{""activation"": [0.078125, 0.109375, 0.109375, 0.078125, 0.078125, 0.171875, 0.234375, 0.140625], ""batch_size"": [0.140625, 0.171875, 0.078125, 0.171875, 0.078125, 0.109375, 0.078125, 0.171875], ""dense_units_1"": [0.078125, 0.109375, 0.140625, 0.109375, 0.078125, 0.171875, 0.203125, 0.109375], ""dense_units_2"": [0.140625, 0.078125, 0.234375, 0.109375, 0.109375, 0.109375, 0.109375, 0.109375], ""dropout_1"": [0.046875, 0.203125, 0.109375, 0.140625, 0.078125, 0.140625, 0.140625, 0.140625], ""dropout_2"": [0.140625, 0.203125, 0.109375, 0.140625, 0.171875, 0.078125, 0.046875, 0.109375], ""loss"": [0.140625, 0.078125, 0.109375, 0.046875, 0.140625, 0.109375, 0.234375, 0.140625], ""optimizer"": [0.171875, 0.109375, 0.140625, 0.140625, 0.140625, 0.109375, 0.078125, 0.109375]}",False,False,gelu,success
paper_conventional-main-ants20-iterations5-epochs5-seed-44,paper_conventional,paper_faithful,iteration_based_paper_interpretation,main,20,5,5,44,2,10,da9675ef20df8097,1024,64,0.2,0.3,128,sigmoid,adadelta,binary_crossentropy,,0.10000000149011612,0.10087499767541885,0.10000000149011612,0.6074379682540894,5,5,18.10748631000024,success,,nonstandard_loss_for_multiclass_sparse_labels,0.0010000000474974513,False,"{""activation"": [0.078125, 0.109375, 0.109375, 0.078125, 0.078125, 0.171875, 0.234375, 0.140625], ""batch_size"": [0.140625, 0.171875, 0.078125, 0.171875, 0.078125, 0.109375, 0.078125, 0.171875], ""dense_units_1"": [0.078125, 0.109375, 0.140625, 0.109375, 0.078125, 0.171875, 0.203125, 0.109375], ""dense_units_2"": [0.140625, 0.078125, 0.234375, 0.109375, 0.109375, 0.109375, 0.109375, 0.109375], ""dropout_1"": [0.046875, 0.203125, 0.109375, 0.140625, 0.078125, 0.140625, 0.140625, 0.140625], ""dropout_2"": [0.140625, 0.203125, 0.109375, 0.140625, 0.171875, 0.078125, 0.046875, 0.109375], ""loss"": [0.140625, 0.078125, 0.109375, 0.046875, 0.140625, 0.109375, 0.234375, 0.140625], ""optimizer"": [0.171875, 0.109375, 0.140625, 0.140625, 0.140625, 0.109375, 0.078125, 0.109375]}",False,False,sigmoid,success
paper_conventional-main-ants20-iterations5-epochs5-seed-44,paper_conventional,paper_faithful,iteration_based_paper_interpretation,main,20,5,5,44,2,11,92a807f80d0d9293,2048,64,0.3,0.1,1024,tanh,rmsprop,binary_crossentropy,,0.9835000038146973,0.9943749904632568,0.9835000038146973,0.011546885594725609,5,5,14.847115169999597,success,,nonstandard_loss_for_multiclass_sparse_labels,0.0010000000474974513,False,"{""activation"": [0.078125, 0.109375, 0.109375, 0.078125, 0.078125, 0.171875, 0.234375, 0.140625], ""batch_size"": [0.140625, 0.171875, 0.078125, 0.171875, 0.078125, 0.109375, 0.078125, 0.171875], ""dense_units_1"": [0.078125, 0.109375, 0.140625, 0.109375, 0.078125, 0.171875, 0.203125, 0.109375], ""dense_units_2"": [0.140625, 0.078125, 0.234375, 0.109375, 0.109375, 0.109375, 0.109375, 0.109375], ""dropout_1"": [0.046875, 0.203125, 0.109375, 0.140625, 0.078125, 0.140625, 0.140625, 0.140625], ""dropout_2"": [0.140625, 0.203125, 0.109375, 0.140625, 0.171875, 0.078125, 0.046875, 0.109375], ""loss"": [0.140625, 0.078125, 0.109375, 0.046875, 0.140625, 0.109375, 0.234375, 0.140625], ""optimizer"": [0.171875, 0.109375, 0.140625, 0.140625, 0.140625, 0.109375, 0.078125, 0.109375]}",True,True,tanh,success
paper_conventional-main-ants20-iterations5-epochs5-seed-44,paper_conventional,paper_faithful,iteration_based_paper_interpretation,main,20,5,5,44,2,12,a244fe99a0d47fde,1024,256,0.4,0.1,16,softsign,adam,sparse_categorical_crossentropy,,0.9800000190734863,0.9806249737739563,0.9800000190734863,0.07890845090150833,4,5,36.17666736699903,success,,,0.0010000000474974513,False,"{""activation"": [0.078125, 0.109375, 0.109375, 0.078125, 0.078125, 0.171875, 0.234375, 0.140625], ""batch_size"": [0.140625, 0.171875, 0.078125, 0.171875, 0.078125, 0.109375, 0.078125, 0.171875], ""dense_units_1"": [0.078125, 0.109375, 0.140625, 0.109375, 0.078125, 0.171875, 0.203125, 0.109375], ""dense_units_2"": [0.140625, 0.078125, 0.234375, 0.109375, 0.109375, 0.109375, 0.109375, 0.109375], ""dropout_1"": [0.046875, 0.203125, 0.109375, 0.140625, 0.078125, 0.140625, 0.140625, 0.140625], ""dropout_2"": [0.140625, 0.203125, 0.109375, 0.140625, 0.171875, 0.078125, 0.046875, 0.109375], ""loss"": [0.140625, 0.078125, 0.109375, 0.046875, 0.140625, 0.109375, 0.234375, 0.140625], ""optimizer"": [0.171875, 0.109375, 0.140625, 0.140625, 0.140625, 0.109375, 0.078125, 0.109375]}",False,False,softsign,success
paper_conventional-main-ants20-iterations5-epochs5-seed-44,paper_conventional,paper_faithful,iteration_based_paper_interpretation,main,20,5,5,44,2,13,a412d48ba939b9a5,1024,32,0.7,0.2,128,gelu,adagrad,mean_squared_error,,0.1940000057220459,0.21449999511241913,0.1940000057220459,0.08802589774131775,4,5,13.982660513000155,success,,nonstandard_loss_for_multiclass_sparse_labels,0.0010000000474974513,False,"{""activation"": [0.078125, 0.109375, 0.109375, 0.078125, 0.078125, 0.171875, 0.234375, 0.140625], ""batch_size"": [0.140625, 0.171875, 0.078125, 0.171875, 0.078125, 0.109375, 0.078125, 0.171875], ""dense_units_1"": [0.078125, 0.109375, 0.140625, 0.109375, 0.078125, 0.171875, 0.203125, 0.109375], ""dense_units_2"": [0.140625, 0.078125, 0.234375, 0.109375, 0.109375, 0.109375, 0.109375, 0.109375], ""dropout_1"": [0.046875, 0.203125, 0.109375, 0.140625, 0.078125, 0.140625, 0.140625, 0.140625], ""dropout_2"": [0.140625, 0.203125, 0.109375, 0.140625, 0.171875, 0.078125, 0.046875, 0.109375], ""loss"": [0.140625, 0.078125, 0.109375, 0.046875, 0.140625, 0.109375, 0.234375, 0.140625], ""optimizer"": [0.171875, 0.109375, 0.140625, 0.140625, 0.140625, 0.109375, 0.078125, 0.109375]}",False,False,gelu,success
paper_conventional-main-ants20-iterations5-epochs5-seed-44,paper_conventional,paper_faithful,iteration_based_paper_interpretation,main,20,5,5,44,2,14,f9cc342ae7f4bedd,64,16,0.7,0.6,32,softplus,ftrl,sparse_categorical_crossentropy,,0.10000000149011612,0.09950000047683716,0.10000000149011612,2.3051702976226807,5,5,18.475843824999174,success,,,0.0010000000474974513,False,"{""activation"": [0.078125, 0.109375, 0.109375, 0.078125, 0.078125, 0.171875, 0.234375, 0.140625], ""batch_size"": [0.140625, 0.171875, 0.078125, 0.171875, 0.078125, 0.109375, 0.078125, 0.171875], ""dense_units_1"": [0.078125, 0.109375, 0.140625, 0.109375, 0.078125, 0.171875, 0.203125, 0.109375], ""dense_units_2"": [0.140625, 0.078125, 0.234375, 0.109375, 0.109375, 0.109375, 0.109375, 0.109375], ""dropout_1"": [0.046875, 0.203125, 0.109375, 0.140625, 0.078125, 0.140625, 0.140625, 0.140625], ""dropout_2"": [0.140625, 0.203125, 0.109375, 0.140625, 0.171875, 0.078125, 0.046875, 0.109375], ""loss"": [0.140625, 0.078125, 0.109375, 0.046875, 0.140625, 0.109375, 0.234375, 0.140625], ""optimizer"": [0.171875, 0.109375, 0.140625, 0.140625, 0.140625, 0.109375, 0.078125, 0.109375]}",False,False,softplus,success
paper_conventional-main-ants20-iterations5-epochs5-seed-44,paper_conventional,paper_faithful,iteration_based_paper_interpretation,main,20,5,5,44,2,15,cd2eb995978e5dca,16,1024,0.4,0.3,64,softplus,adagrad,sparse_categorical_crossentropy,,0.7634999752044678,0.6233749985694885,0.7634999752044678,0.9448522925376892,5,5,13.07304545900115,success,,,0.0010000000474974513,False,"{""activation"": [0.078125, 0.109375, 0.109375, 0.078125, 0.078125, 0.171875, 0.234375, 0.140625], ""batch_size"": [0.140625, 0.171875, 0.078125, 0.171875, 0.078125, 0.109375, 0.078125, 0.171875], ""dense_units_1"": [0.078125, 0.109375, 0.140625, 0.109375, 0.078125, 0.171875, 0.203125, 0.109375], ""dense_units_2"": [0.140625, 0.078125, 0.234375, 0.109375, 0.109375, 0.109375, 0.109375, 0.109375], ""dropout_1"": [0.046875, 0.203125, 0.109375, 0.140625, 0.078125, 0.140625, 0.140625, 0.140625], ""dropout_2"": [0.140625, 0.203125, 0.109375, 0.140625, 0.171875, 0.078125, 0.046875, 0.109375], ""loss"": [0.140625, 0.078125, 0.109375, 0.046875, 0.140625, 0.109375, 0.234375, 0.140625], ""optimizer"": [0.171875, 0.109375, 0.140625, 0.140625, 0.140625, 0.109375, 0.078125, 0.109375]}",False,False,softplus,success
paper_conventional-main-ants20-iterations5-epochs5-seed-44,paper_conventional,paper_faithful,iteration_based_paper_interpretation,main,20,5,5,44,2,16,2d5401194a397243,1024,2048,0.7,0.2,1024,gelu,adam,squared_hinge,,0.7929999828338623,0.8341249823570251,0.7929999828338623,0.9819525480270386,4,5,18.929931984999712,success,,nonstandard_loss_for_multiclass_sparse_labels,0.0010000000474974513,False,"{""activation"": [0.078125, 0.109375, 0.109375, 0.078125, 0.078125, 0.171875, 0.234375, 0.140625], ""batch_size"": [0.140625, 0.171875, 0.078125, 0.171875, 0.078125, 0.109375, 0.078125, 0.171875], ""dense_units_1"": [0.078125, 0.109375, 0.140625, 0.109375, 0.078125, 0.171875, 0.203125, 0.109375], ""dense_units_2"": [0.140625, 0.078125, 0.234375, 0.109375, 0.109375, 0.109375, 0.109375, 0.109375], ""dropout_1"": [0.046875, 0.203125, 0.109375, 0.140625, 0.078125, 0.140625, 0.140625, 0.140625], ""dropout_2"": [0.140625, 0.203125, 0.109375, 0.140625, 0.171875, 0.078125, 0.046875, 0.109375], ""loss"": [0.140625, 0.078125, 0.109375, 0.046875, 0.140625, 0.109375, 0.234375, 0.140625], ""optimizer"": [0.171875, 0.109375, 0.140625, 0.140625, 0.140625, 0.109375, 0.078125, 0.109375]}",False,False,gelu,success
paper_conventional-main-ants20-iterations5-epochs5-seed-44,paper_conventional,paper_faithful,iteration_based_paper_interpretation,main,20,5,5,44,2,17,83743dd93cd48601,32,256,0.2,0.1,64,softsign,adagrad,squared_hinge,,0.40400001406669617,0.3557499945163727,0.40400001406669617,1.1557132005691528,5,5,15.984101006000856,success,,nonstandard_loss_for_multiclass_sparse_labels,0.0010000000474974513,False,"{""activation"": [0.078125, 0.109375, 0.109375, 0.078125, 0.078125, 0.171875, 0.234375, 0.140625], ""batch_size"": [0.140625, 0.171875, 0.078125, 0.171875, 0.078125, 0.109375, 0.078125, 0.171875], ""dense_units_1"": [0.078125, 0.109375, 0.140625, 0.109375, 0.078125, 0.171875, 0.203125, 0.109375], ""dense_units_2"": [0.140625, 0.078125, 0.234375, 0.109375, 0.109375, 0.109375, 0.109375, 0.109375], ""dropout_1"": [0.046875, 0.203125, 0.109375, 0.140625, 0.078125, 0.140625, 0.140625, 0.140625], ""dropout_2"": [0.140625, 0.203125, 0.109375, 0.140625, 0.171875, 0.078125, 0.046875, 0.109375], ""loss"": [0.140625, 0.078125, 0.109375, 0.046875, 0.140625, 0.109375, 0.234375, 0.140625], ""optimizer"": [0.171875, 0.109375, 0.140625, 0.140625, 0.140625, 0.109375, 0.078125, 0.109375]}",False,False,softsign,success
paper_conventional-main-ants20-iterations5-epochs5-seed-44,paper_conventional,paper_faithful,iteration_based_paper_interpretation,main,20,5,5,44,2,18,7dbc1bddc7138494,1024,64,0.2,0.5,32,selu,adam,sparse_categorical_crossentropy,,0.9764999747276306,0.9781249761581421,0.9764999747276306,0.09473566710948944,5,5,18.946824997998192,success,,,0.0010000000474974513,False,"{""activation"": [0.078125, 0.109375, 0.109375, 0.078125, 0.078125, 0.171875, 0.234375, 0.140625], ""batch_size"": [0.140625, 0.171875, 0.078125, 0.171875, 0.078125, 0.109375, 0.078125, 0.171875], ""dense_units_1"": [0.078125, 0.109375, 0.140625, 0.109375, 0.078125, 0.171875, 0.203125, 0.109375], ""dense_units_2"": [0.140625, 0.078125, 0.234375, 0.109375, 0.109375, 0.109375, 0.109375, 0.109375], ""dropout_1"": [0.046875, 0.203125, 0.109375, 0.140625, 0.078125, 0.140625, 0.140625, 0.140625], ""dropout_2"": [0.140625, 0.203125, 0.109375, 0.140625, 0.171875, 0.078125, 0.046875, 0.109375], ""loss"": [0.140625, 0.078125, 0.109375, 0.046875, 0.140625, 0.109375, 0.234375, 0.140625], ""optimizer"": [0.171875, 0.109375, 0.140625, 0.140625, 0.140625, 0.109375, 0.078125, 0.109375]}",False,False,selu,success
paper_conventional-main-ants20-iterations5-epochs5-seed-44,paper_conventional,paper_faithful,iteration_based_paper_interpretation,main,20,5,5,44,2,19,07112d42301b6869,128,1024,0.2,0.4,16,softsign,ftrl,categorical_hinge,,0.10000000149011612,0.10262499749660492,0.10000000149011612,1.0000015497207642,5,5,33.991800743002386,success,,nonstandard_loss_for_multiclass_sparse_labels,0.0010000000474974513,False,"{""activation"": [0.078125, 0.109375, 0.109375, 0.078125, 0.078125, 0.171875, 0.234375, 0.140625], ""batch_size"": [0.140625, 0.171875, 0.078125, 0.171875, 0.078125, 0.109375, 0.078125, 0.171875], ""dense_units_1"": [0.078125, 0.109375, 0.140625, 0.109375, 0.078125, 0.171875, 0.203125, 0.109375], ""dense_units_2"": [0.140625, 0.078125, 0.234375, 0.109375, 0.109375, 0.109375, 0.109375, 0.109375], ""dropout_1"": [0.046875, 0.203125, 0.109375, 0.140625, 0.078125, 0.140625, 0.140625, 0.140625], ""dropout_2"": [0.140625, 0.203125, 0.109375, 0.140625, 0.171875, 0.078125, 0.046875, 0.109375], ""loss"": [0.140625, 0.078125, 0.109375, 0.046875, 0.140625, 0.109375, 0.234375, 0.140625], ""optimizer"": [0.171875, 0.109375, 0.140625, 0.140625, 0.140625, 0.109375, 0.078125, 0.109375]}",False,False,softsign,success
paper_conventional-main-ants20-iterations5-epochs5-seed-44,paper_conventional,paper_faithful,iteration_based_paper_interpretation,main,20,5,5,44,2,20,ab8e68981094cc05,64,1024,0.6,0.4,2048,gelu,sgd,mean_squared_error,,0.2540000081062317,0.22062499821186066,0.2540000081062317,0.08757930994033813,3,5,13.50848969800063,success,,nonstandard_loss_for_multiclass_sparse_labels,0.009999999776482582,False,"{""activation"": [0.078125, 0.109375, 0.109375, 0.078125, 0.078125, 0.171875, 0.234375, 0.140625], ""batch_size"": [0.140625, 0.171875, 0.078125, 0.171875, 0.078125, 0.109375, 0.078125, 0.171875], ""dense_units_1"": [0.078125, 0.109375, 0.140625, 0.109375, 0.078125, 0.171875, 0.203125, 0.109375], ""dense_units_2"": [0.140625, 0.078125, 0.234375, 0.109375, 0.109375, 0.109375, 0.109375, 0.109375], ""dropout_1"": [0.046875, 0.203125, 0.109375, 0.140625, 0.078125, 0.140625, 0.140625, 0.140625], ""dropout_2"": [0.140625, 0.203125, 0.109375, 0.140625, 0.171875, 0.078125, 0.046875, 0.109375], ""loss"": [0.140625, 0.078125, 0.109375, 0.046875, 0.140625, 0.109375, 0.234375, 0.140625], ""optimizer"": [0.171875, 0.109375, 0.140625, 0.140625, 0.140625, 0.109375, 0.078125, 0.109375]}",False,False,gelu,success
paper_conventional-main-ants20-iterations5-epochs5-seed-44,paper_conventional,paper_faithful,iteration_based_paper_interpretation,main,20,5,5,44,3,1,8fdb8628b304784b,2048,64,0.2,0.4,32,selu,ftrl,sparse_categorical_crossentropy,,0.10000000149011612,0.09324999898672104,0.10000000149011612,2.302584648132324,1,5,17.51794397899721,success,,,0.0010000000474974513,False,"{""activation"": [0.06534090909090909, 0.1278409090909091, 0.10511363636363637, 0.11079545454545454, 0.06534090909090909, 0.13920454545454544, 0.2869318181818182, 0.09943181818181818], ""batch_size"": [0.14488636363636365, 0.1846590909090909, 0.11079545454545454, 0.16193181818181818, 0.04261363636363636, 0.05965909090909091, 0.11079545454545454, 0.1846590909090909], ""dense_units_1"": [0.08806818181818182, 0.1278409090909091, 0.14488636363636365, 0.08238636363636363, 0.06534090909090909, 0.13920454545454544, 0.2471590909090909, 0.10511363636363637], ""dense_units_2"": [0.09943181818181818, 0.08806818181818182, 0.2869318181818182, 0.08238636363636363, 0.1278409090909091, 0.10511363636363637, 0.1278409090909091, 0.08238636363636363], ""dropout_1"": [0.07102272727272728, 0.2471590909090909, 0.1278409090909091, 0.14488636363636365, 0.06534090909090909, 0.09943181818181818, 0.16761363636363635, 0.07670454545454546], ""dropout_2"": [0.16761363636363635, 0.17897727272727273, 0.1278409090909091, 0.14488636363636365, 0.1846590909090909, 0.08806818181818182, 0.02556818181818182, 0.08238636363636363], ""loss"": [0.16761363636363635, 0.06534090909090909, 0.1278409090909091, 0.07102272727272728, 0.12215909090909091, 0.10511363636363637, 0.24147727272727273, 0.09943181818181818], ""optimizer"": [0.20738636363636365, 0.10511363636363637, 0.12215909090909091, 0.12215909090909091, 0.16761363636363635, 0.1278409090909091, 0.08806818181818182, 0.05965909090909091]}",False,False,selu,success
paper_conventional-main-ants20-iterations5-epochs5-seed-44,paper_conventional,paper_faithful,iteration_based_paper_interpretation,main,20,5,5,44,3,2,897cdb1be79d6217,32,512,0.2,0.2,128,selu,adam,sparse_categorical_crossentropy,,0.9775000214576721,0.9726250171661377,0.9775000214576721,0.0873323306441307,5,5,19.40719815799821,success,,,0.0010000000474974513,False,"{""activation"": [0.06534090909090909, 0.1278409090909091, 0.10511363636363637, 0.11079545454545454, 0.06534090909090909, 0.13920454545454544, 0.2869318181818182, 0.09943181818181818], ""batch_size"": [0.14488636363636365, 0.1846590909090909, 0.11079545454545454, 0.16193181818181818, 0.04261363636363636, 0.05965909090909091, 0.11079545454545454, 0.1846590909090909], ""dense_units_1"": [0.08806818181818182, 0.1278409090909091, 0.14488636363636365, 0.08238636363636363, 0.06534090909090909, 0.13920454545454544, 0.2471590909090909, 0.10511363636363637], ""dense_units_2"": [0.09943181818181818, 0.08806818181818182, 0.2869318181818182, 0.08238636363636363, 0.1278409090909091, 0.10511363636363637, 0.1278409090909091, 0.08238636363636363], ""dropout_1"": [0.07102272727272728, 0.2471590909090909, 0.1278409090909091, 0.14488636363636365, 0.06534090909090909, 0.09943181818181818, 0.16761363636363635, 0.07670454545454546], ""dropout_2"": [0.16761363636363635, 0.17897727272727273, 0.1278409090909091, 0.14488636363636365, 0.1846590909090909, 0.08806818181818182, 0.02556818181818182, 0.08238636363636363], ""loss"": [0.16761363636363635, 0.06534090909090909, 0.1278409090909091, 0.07102272727272728, 0.12215909090909091, 0.10511363636363637, 0.24147727272727273, 0.09943181818181818], ""optimizer"": [0.20738636363636365, 0.10511363636363637, 0.12215909090909091, 0.12215909090909091, 0.16761363636363635, 0.1278409090909091, 0.08806818181818182, 0.05965909090909091]}",False,False,selu,success
paper_conventional-main-ants20-iterations5-epochs5-seed-44,paper_conventional,paper_faithful,iteration_based_paper_interpretation,main,20,5,5,44,3,3,6106758dccb76e4c,1024,64,0.2,0.2,512,gelu,adagrad,squared_hinge,,0.5835000276565552,0.5293750166893005,0.5835000276565552,1.07199227809906,5,5,15.734787967998273,success,,nonstandard_loss_for_multiclass_sparse_labels,0.0010000000474974513,False,"{""activation"": [0.06534090909090909, 0.1278409090909091, 0.10511363636363637, 0.11079545454545454, 0.06534090909090909, 0.13920454545454544, 0.2869318181818182, 0.09943181818181818], ""batch_size"": [0.14488636363636365, 0.1846590909090909, 0.11079545454545454, 0.16193181818181818, 0.04261363636363636, 0.05965909090909091, 0.11079545454545454, 0.1846590909090909], ""dense_units_1"": [0.08806818181818182, 0.1278409090909091, 0.14488636363636365, 0.08238636363636363, 0.06534090909090909, 0.13920454545454544, 0.2471590909090909, 0.10511363636363637], ""dense_units_2"": [0.09943181818181818, 0.08806818181818182, 0.2869318181818182, 0.08238636363636363, 0.1278409090909091, 0.10511363636363637, 0.1278409090909091, 0.08238636363636363], ""dropout_1"": [0.07102272727272728, 0.2471590909090909, 0.1278409090909091, 0.14488636363636365, 0.06534090909090909, 0.09943181818181818, 0.16761363636363635, 0.07670454545454546], ""dropout_2"": [0.16761363636363635, 0.17897727272727273, 0.1278409090909091, 0.14488636363636365, 0.1846590909090909, 0.08806818181818182, 0.02556818181818182, 0.08238636363636363], ""loss"": [0.16761363636363635, 0.06534090909090909, 0.1278409090909091, 0.07102272727272728, 0.12215909090909091, 0.10511363636363637, 0.24147727272727273, 0.09943181818181818], ""optimizer"": [0.20738636363636365, 0.10511363636363637, 0.12215909090909091, 0.12215909090909091, 0.16761363636363635, 0.1278409090909091, 0.08806818181818182, 0.05965909090909091]}",False,False,gelu,success
paper_conventional-main-ants20-iterations5-epochs5-seed-44,paper_conventional,paper_faithful,iteration_based_paper_interpretation,main,20,5,5,44,3,4,10811dc178e48e8e,256,64,0.2,0.2,2048,relu,adagrad,categorical_crossentropy,,0.9254999756813049,0.9112499952316284,0.9254999756813049,0.2635204792022705,5,5,14.152431933001935,success,,nonstandard_loss_for_multiclass_sparse_labels,0.0010000000474974513,False,"{""activation"": [0.06534090909090909, 0.1278409090909091, 0.10511363636363637, 0.11079545454545454, 0.06534090909090909, 0.13920454545454544, 0.2869318181818182, 0.09943181818181818], ""batch_size"": [0.14488636363636365, 0.1846590909090909, 0.11079545454545454, 0.16193181818181818, 0.04261363636363636, 0.05965909090909091, 0.11079545454545454, 0.1846590909090909], ""dense_units_1"": [0.08806818181818182, 0.1278409090909091, 0.14488636363636365, 0.08238636363636363, 0.06534090909090909, 0.13920454545454544, 0.2471590909090909, 0.10511363636363637], ""dense_units_2"": [0.09943181818181818, 0.08806818181818182, 0.2869318181818182, 0.08238636363636363, 0.1278409090909091, 0.10511363636363637, 0.1278409090909091, 0.08238636363636363], ""dropout_1"": [0.07102272727272728, 0.2471590909090909, 0.1278409090909091, 0.14488636363636365, 0.06534090909090909, 0.09943181818181818, 0.16761363636363635, 0.07670454545454546], ""dropout_2"": [0.16761363636363635, 0.17897727272727273, 0.1278409090909091, 0.14488636363636365, 0.1846590909090909, 0.08806818181818182, 0.02556818181818182, 0.08238636363636363], ""loss"": [0.16761363636363635, 0.06534090909090909, 0.1278409090909091, 0.07102272727272728, 0.12215909090909091, 0.10511363636363637, 0.24147727272727273, 0.09943181818181818], ""optimizer"": [0.20738636363636365, 0.10511363636363637, 0.12215909090909091, 0.12215909090909091, 0.16761363636363635, 0.1278409090909091, 0.08806818181818182, 0.05965909090909091]}",False,False,relu,success
paper_conventional-main-ants20-iterations5-epochs5-seed-44,paper_conventional,paper_faithful,iteration_based_paper_interpretation,main,20,5,5,44,3,5,62d54faa06f67ade,256,2048,0.8,0.2,16,linear,adagrad,categorical_hinge,,0.38999998569488525,0.7978749871253967,0.38999998569488525,1.1573741436004639,5,5,28.824636686000304,success,,nonstandard_loss_for_multiclass_sparse_labels,0.0010000000474974513,False,"{""activation"": [0.06534090909090909, 0.1278409090909091, 0.10511363636363637, 0.11079545454545454, 0.06534090909090909, 0.13920454545454544, 0.2869318181818182, 0.09943181818181818], ""batch_size"": [0.14488636363636365, 0.1846590909090909, 0.11079545454545454, 0.16193181818181818, 0.04261363636363636, 0.05965909090909091, 0.11079545454545454, 0.1846590909090909], ""dense_units_1"": [0.08806818181818182, 0.1278409090909091, 0.14488636363636365, 0.08238636363636363, 0.06534090909090909, 0.13920454545454544, 0.2471590909090909, 0.10511363636363637], ""dense_units_2"": [0.09943181818181818, 0.08806818181818182, 0.2869318181818182, 0.08238636363636363, 0.1278409090909091, 0.10511363636363637, 0.1278409090909091, 0.08238636363636363], ""dropout_1"": [0.07102272727272728, 0.2471590909090909, 0.1278409090909091, 0.14488636363636365, 0.06534090909090909, 0.09943181818181818, 0.16761363636363635, 0.07670454545454546], ""dropout_2"": [0.16761363636363635, 0.17897727272727273, 0.1278409090909091, 0.14488636363636365, 0.1846590909090909, 0.08806818181818182, 0.02556818181818182, 0.08238636363636363], ""loss"": [0.16761363636363635, 0.06534090909090909, 0.1278409090909091, 0.07102272727272728, 0.12215909090909091, 0.10511363636363637, 0.24147727272727273, 0.09943181818181818], ""optimizer"": [0.20738636363636365, 0.10511363636363637, 0.12215909090909091, 0.12215909090909091, 0.16761363636363635, 0.1278409090909091, 0.08806818181818182, 0.05965909090909091]}",False,False,linier,success
paper_conventional-main-ants20-iterations5-epochs5-seed-44,paper_conventional,paper_faithful,iteration_based_paper_interpretation,main,20,5,5,44,3,6,85c501470ea9aba1,1024,64,0.5,0.2,32,selu,ftrl,mean_absolute_error,,0.10000000149011612,0.09749999642372131,0.10000000149011612,0.18000003695487976,1,5,16.850053590002062,success,,nonstandard_loss_for_multiclass_sparse_labels,0.0010000000474974513,False,"{""activation"": [0.06534090909090909, 0.1278409090909091, 0.10511363636363637, 0.11079545454545454, 0.06534090909090909, 0.13920454545454544, 0.2869318181818182, 0.09943181818181818], ""batch_size"": [0.14488636363636365, 0.1846590909090909, 0.11079545454545454, 0.16193181818181818, 0.04261363636363636, 0.05965909090909091, 0.11079545454545454, 0.1846590909090909], ""dense_units_1"": [0.08806818181818182, 0.1278409090909091, 0.14488636363636365, 0.08238636363636363, 0.06534090909090909, 0.13920454545454544, 0.2471590909090909, 0.10511363636363637], ""dense_units_2"": [0.09943181818181818, 0.08806818181818182, 0.2869318181818182, 0.08238636363636363, 0.1278409090909091, 0.10511363636363637, 0.1278409090909091, 0.08238636363636363], ""dropout_1"": [0.07102272727272728, 0.2471590909090909, 0.1278409090909091, 0.14488636363636365, 0.06534090909090909, 0.09943181818181818, 0.16761363636363635, 0.07670454545454546], ""dropout_2"": [0.16761363636363635, 0.17897727272727273, 0.1278409090909091, 0.14488636363636365, 0.1846590909090909, 0.08806818181818182, 0.02556818181818182, 0.08238636363636363], ""loss"": [0.16761363636363635, 0.06534090909090909, 0.1278409090909091, 0.07102272727272728, 0.12215909090909091, 0.10511363636363637, 0.24147727272727273, 0.09943181818181818], ""optimizer"": [0.20738636363636365, 0.10511363636363637, 0.12215909090909091, 0.12215909090909091, 0.16761363636363635, 0.1278409090909091, 0.08806818181818182, 0.05965909090909091]}",False,False,selu,success
paper_conventional-main-ants20-iterations5-epochs5-seed-44,paper_conventional,paper_faithful,iteration_based_paper_interpretation,main,20,5,5,44,3,7,8c505b8de2892cfc,64,128,0.2,0.4,1024,tanh,adamax,categorical_crossentropy,,0.9785000085830688,0.9725000262260437,0.9785000085830688,0.07336843758821487,5,5,16.30608927600042,success,,nonstandard_loss_for_multiclass_sparse_labels,0.0010000000474974513,False,"{""activation"": [0.06534090909090909, 0.1278409090909091, 0.10511363636363637, 0.11079545454545454, 0.06534090909090909, 0.13920454545454544, 0.2869318181818182, 0.09943181818181818], ""batch_size"": [0.14488636363636365, 0.1846590909090909, 0.11079545454545454, 0.16193181818181818, 0.04261363636363636, 0.05965909090909091, 0.11079545454545454, 0.1846590909090909], ""dense_units_1"": [0.08806818181818182, 0.1278409090909091, 0.14488636363636365, 0.08238636363636363, 0.06534090909090909, 0.13920454545454544, 0.2471590909090909, 0.10511363636363637], ""dense_units_2"": [0.09943181818181818, 0.08806818181818182, 0.2869318181818182, 0.08238636363636363, 0.1278409090909091, 0.10511363636363637, 0.1278409090909091, 0.08238636363636363], ""dropout_1"": [0.07102272727272728, 0.2471590909090909, 0.1278409090909091, 0.14488636363636365, 0.06534090909090909, 0.09943181818181818, 0.16761363636363635, 0.07670454545454546], ""dropout_2"": [0.16761363636363635, 0.17897727272727273, 0.1278409090909091, 0.14488636363636365, 0.1846590909090909, 0.08806818181818182, 0.02556818181818182, 0.08238636363636363], ""loss"": [0.16761363636363635, 0.06534090909090909, 0.1278409090909091, 0.07102272727272728, 0.12215909090909091, 0.10511363636363637, 0.24147727272727273, 0.09943181818181818], ""optimizer"": [0.20738636363636365, 0.10511363636363637, 0.12215909090909091, 0.12215909090909091, 0.16761363636363635, 0.1278409090909091, 0.08806818181818182, 0.05965909090909091]}",True,False,tanh,success
paper_conventional-main-ants20-iterations5-epochs5-seed-44,paper_conventional,paper_faithful,iteration_based_paper_interpretation,main,20,5,5,44,3,8,0485b142944daaf5,1024,1024,0.6,0.5,2048,relu,adadelta,squared_hinge,,0.10400000214576721,0.12087500095367432,0.10400000214576721,1.1700035333633423,1,5,19.937224962999608,success,,nonstandard_loss_for_multiclass_sparse_labels,0.0010000000474974513,False,"{""activation"": [0.06534090909090909, 0.1278409090909091, 0.10511363636363637, 0.11079545454545454, 0.06534090909090909, 0.13920454545454544, 0.2869318181818182, 0.09943181818181818], ""batch_size"": [0.14488636363636365, 0.1846590909090909, 0.11079545454545454, 0.16193181818181818, 0.04261363636363636, 0.05965909090909091, 0.11079545454545454, 0.1846590909090909], ""dense_units_1"": [0.08806818181818182, 0.1278409090909091, 0.14488636363636365, 0.08238636363636363, 0.06534090909090909, 0.13920454545454544, 0.2471590909090909, 0.10511363636363637], ""dense_units_2"": [0.09943181818181818, 0.08806818181818182, 0.2869318181818182, 0.08238636363636363, 0.1278409090909091, 0.10511363636363637, 0.1278409090909091, 0.08238636363636363], ""dropout_1"": [0.07102272727272728, 0.2471590909090909, 0.1278409090909091, 0.14488636363636365, 0.06534090909090909, 0.09943181818181818, 0.16761363636363635, 0.07670454545454546], ""dropout_2"": [0.16761363636363635, 0.17897727272727273, 0.1278409090909091, 0.14488636363636365, 0.1846590909090909, 0.08806818181818182, 0.02556818181818182, 0.08238636363636363], ""loss"": [0.16761363636363635, 0.06534090909090909, 0.1278409090909091, 0.07102272727272728, 0.12215909090909091, 0.10511363636363637, 0.24147727272727273, 0.09943181818181818], ""optimizer"": [0.20738636363636365, 0.10511363636363637, 0.12215909090909091, 0.12215909090909091, 0.16761363636363635, 0.1278409090909091, 0.08806818181818182, 0.05965909090909091]}",False,False,relu,success
paper_conventional-main-ants20-iterations5-epochs5-seed-44,paper_conventional,paper_faithful,iteration_based_paper_interpretation,main,20,5,5,44,3,9,f93876b8cdd81b5c,128,64,0.8,0.1,2048,gelu,adam,mean_squared_error,,0.7114999890327454,0.9158750176429749,0.7114999890327454,0.046851422637701035,4,5,19.3214120119992,success,,nonstandard_loss_for_multiclass_sparse_labels,0.0010000000474974513,False,"{""activation"": [0.06534090909090909, 0.1278409090909091, 0.10511363636363637, 0.11079545454545454, 0.06534090909090909, 0.13920454545454544, 0.2869318181818182, 0.09943181818181818], ""batch_size"": [0.14488636363636365, 0.1846590909090909, 0.11079545454545454, 0.16193181818181818, 0.04261363636363636, 0.05965909090909091, 0.11079545454545454, 0.1846590909090909], ""dense_units_1"": [0.08806818181818182, 0.1278409090909091, 0.14488636363636365, 0.08238636363636363, 0.06534090909090909, 0.13920454545454544, 0.2471590909090909, 0.10511363636363637], ""dense_units_2"": [0.09943181818181818, 0.08806818181818182, 0.2869318181818182, 0.08238636363636363, 0.1278409090909091, 0.10511363636363637, 0.1278409090909091, 0.08238636363636363], ""dropout_1"": [0.07102272727272728, 0.2471590909090909, 0.1278409090909091, 0.14488636363636365, 0.06534090909090909, 0.09943181818181818, 0.16761363636363635, 0.07670454545454546], ""dropout_2"": [0.16761363636363635, 0.17897727272727273, 0.1278409090909091, 0.14488636363636365, 0.1846590909090909, 0.08806818181818182, 0.02556818181818182, 0.08238636363636363], ""loss"": [0.16761363636363635, 0.06534090909090909, 0.1278409090909091, 0.07102272727272728, 0.12215909090909091, 0.10511363636363637, 0.24147727272727273, 0.09943181818181818], ""optimizer"": [0.20738636363636365, 0.10511363636363637, 0.12215909090909091, 0.12215909090909091, 0.16761363636363635, 0.1278409090909091, 0.08806818181818182, 0.05965909090909091]}",False,False,gelu,success
paper_conventional-main-ants20-iterations5-epochs5-seed-44,paper_conventional,paper_faithful,iteration_based_paper_interpretation,main,20,5,5,44,3,10,fde958b8bf594f18,1024,64,0.4,0.3,2048,softsign,adadelta,mean_squared_error,,0.13199999928474426,0.1146249994635582,0.13199999928474426,0.09026247262954712,5,5,16.46394516500004,success,,nonstandard_loss_for_multiclass_sparse_labels,0.0010000000474974513,False,"{""activation"": [0.06534090909090909, 0.1278409090909091, 0.10511363636363637, 0.11079545454545454, 0.06534090909090909, 0.13920454545454544, 0.2869318181818182, 0.09943181818181818], ""batch_size"": [0.14488636363636365, 0.1846590909090909, 0.11079545454545454, 0.16193181818181818, 0.04261363636363636, 0.05965909090909091, 0.11079545454545454, 0.1846590909090909], ""dense_units_1"": [0.08806818181818182, 0.1278409090909091, 0.14488636363636365, 0.08238636363636363, 0.06534090909090909, 0.13920454545454544, 0.2471590909090909, 0.10511363636363637], ""dense_units_2"": [0.09943181818181818, 0.08806818181818182, 0.2869318181818182, 0.08238636363636363, 0.1278409090909091, 0.10511363636363637, 0.1278409090909091, 0.08238636363636363], ""dropout_1"": [0.07102272727272728, 0.2471590909090909, 0.1278409090909091, 0.14488636363636365, 0.06534090909090909, 0.09943181818181818, 0.16761363636363635, 0.07670454545454546], ""dropout_2"": [0.16761363636363635, 0.17897727272727273, 0.1278409090909091, 0.14488636363636365, 0.1846590909090909, 0.08806818181818182, 0.02556818181818182, 0.08238636363636363], ""loss"": [0.16761363636363635, 0.06534090909090909, 0.1278409090909091, 0.07102272727272728, 0.12215909090909091, 0.10511363636363637, 0.24147727272727273, 0.09943181818181818], ""optimizer"": [0.20738636363636365, 0.10511363636363637, 0.12215909090909091, 0.12215909090909091, 0.16761363636363635, 0.1278409090909091, 0.08806818181818182, 0.05965909090909091]}",False,False,softsign,success
paper_conventional-main-ants20-iterations5-epochs5-seed-44,paper_conventional,paper_faithful,iteration_based_paper_interpretation,main,20,5,5,44,3,11,456d1d02c45135bf,512,2048,0.5,0.1,128,relu,rmsprop,cosine_similarity,,0.9325000047683716,0.9375,0.9325000047683716,-0.935570240020752,4,5,15.701087623998319,success,,nonstandard_loss_for_multiclass_sparse_labels,0.0010000000474974513,False,"{""activation"": [0.06534090909090909, 0.1278409090909091, 0.10511363636363637, 0.11079545454545454, 0.06534090909090909, 0.13920454545454544, 0.2869318181818182, 0.09943181818181818], ""batch_size"": [0.14488636363636365, 0.1846590909090909, 0.11079545454545454, 0.16193181818181818, 0.04261363636363636, 0.05965909090909091, 0.11079545454545454, 0.1846590909090909], ""dense_units_1"": [0.08806818181818182, 0.1278409090909091, 0.14488636363636365, 0.08238636363636363, 0.06534090909090909, 0.13920454545454544, 0.2471590909090909, 0.10511363636363637], ""dense_units_2"": [0.09943181818181818, 0.08806818181818182, 0.2869318181818182, 0.08238636363636363, 0.1278409090909091, 0.10511363636363637, 0.1278409090909091, 0.08238636363636363], ""dropout_1"": [0.07102272727272728, 0.2471590909090909, 0.1278409090909091, 0.14488636363636365, 0.06534090909090909, 0.09943181818181818, 0.16761363636363635, 0.07670454545454546], ""dropout_2"": [0.16761363636363635, 0.17897727272727273, 0.1278409090909091, 0.14488636363636365, 0.1846590909090909, 0.08806818181818182, 0.02556818181818182, 0.08238636363636363], ""loss"": [0.16761363636363635, 0.06534090909090909, 0.1278409090909091, 0.07102272727272728, 0.12215909090909091, 0.10511363636363637, 0.24147727272727273, 0.09943181818181818], ""optimizer"": [0.20738636363636365, 0.10511363636363637, 0.12215909090909091, 0.12215909090909091, 0.16761363636363635, 0.1278409090909091, 0.08806818181818182, 0.05965909090909091]}",False,False,relu,success
paper_conventional-main-ants20-iterations5-epochs5-seed-44,paper_conventional,paper_faithful,iteration_based_paper_interpretation,main,20,5,5,44,3,12,a0a5cedfe740c8ae,16,2048,0.2,0.2,64,gelu,ftrl,categorical_hinge,,0.10000000149011612,0.10062500089406967,0.10000000149011612,1.000003695487976,5,5,19.39317761699931,success,,nonstandard_loss_for_multiclass_sparse_labels,0.0010000000474974513,False,"{""activation"": [0.06534090909090909, 0.1278409090909091, 0.10511363636363637, 0.11079545454545454, 0.06534090909090909, 0.13920454545454544, 0.2869318181818182, 0.09943181818181818], ""batch_size"": [0.14488636363636365, 0.1846590909090909, 0.11079545454545454, 0.16193181818181818, 0.04261363636363636, 0.05965909090909091, 0.11079545454545454, 0.1846590909090909], ""dense_units_1"": [0.08806818181818182, 0.1278409090909091, 0.14488636363636365, 0.08238636363636363, 0.06534090909090909, 0.13920454545454544, 0.2471590909090909, 0.10511363636363637], ""dense_units_2"": [0.09943181818181818, 0.08806818181818182, 0.2869318181818182, 0.08238636363636363, 0.1278409090909091, 0.10511363636363637, 0.1278409090909091, 0.08238636363636363], ""dropout_1"": [0.07102272727272728, 0.2471590909090909, 0.1278409090909091, 0.14488636363636365, 0.06534090909090909, 0.09943181818181818, 0.16761363636363635, 0.07670454545454546], ""dropout_2"": [0.16761363636363635, 0.17897727272727273, 0.1278409090909091, 0.14488636363636365, 0.1846590909090909, 0.08806818181818182, 0.02556818181818182, 0.08238636363636363], ""loss"": [0.16761363636363635, 0.06534090909090909, 0.1278409090909091, 0.07102272727272728, 0.12215909090909091, 0.10511363636363637, 0.24147727272727273, 0.09943181818181818], ""optimizer"": [0.20738636363636365, 0.10511363636363637, 0.12215909090909091, 0.12215909090909091, 0.16761363636363635, 0.1278409090909091, 0.08806818181818182, 0.05965909090909091]}",False,False,gelu,success
paper_conventional-main-ants20-iterations5-epochs5-seed-44,paper_conventional,paper_faithful,iteration_based_paper_interpretation,main,20,5,5,44,3,13,511ec7e5028461bb,64,1024,0.3,0.1,128,relu,sgd,mean_squared_error,,0.3100000023841858,0.3686249852180481,0.3100000023841858,0.07855411618947983,5,5,13.135369285002525,success,,nonstandard_loss_for_multiclass_sparse_labels,0.009999999776482582,False,"{""activation"": [0.06534090909090909, 0.1278409090909091, 0.10511363636363637, 0.11079545454545454, 0.06534090909090909, 0.13920454545454544, 0.2869318181818182, 0.09943181818181818], ""batch_size"": [0.14488636363636365, 0.1846590909090909, 0.11079545454545454, 0.16193181818181818, 0.04261363636363636, 0.05965909090909091, 0.11079545454545454, 0.1846590909090909], ""dense_units_1"": [0.08806818181818182, 0.1278409090909091, 0.14488636363636365, 0.08238636363636363, 0.06534090909090909, 0.13920454545454544, 0.2471590909090909, 0.10511363636363637], ""dense_units_2"": [0.09943181818181818, 0.08806818181818182, 0.2869318181818182, 0.08238636363636363, 0.1278409090909091, 0.10511363636363637, 0.1278409090909091, 0.08238636363636363], ""dropout_1"": [0.07102272727272728, 0.2471590909090909, 0.1278409090909091, 0.14488636363636365, 0.06534090909090909, 0.09943181818181818, 0.16761363636363635, 0.07670454545454546], ""dropout_2"": [0.16761363636363635, 0.17897727272727273, 0.1278409090909091, 0.14488636363636365, 0.1846590909090909, 0.08806818181818182, 0.02556818181818182, 0.08238636363636363], ""loss"": [0.16761363636363635, 0.06534090909090909, 0.1278409090909091, 0.07102272727272728, 0.12215909090909091, 0.10511363636363637, 0.24147727272727273, 0.09943181818181818], ""optimizer"": [0.20738636363636365, 0.10511363636363637, 0.12215909090909091, 0.12215909090909091, 0.16761363636363635, 0.1278409090909091, 0.08806818181818182, 0.05965909090909091]}",False,False,relu,success
paper_conventional-main-ants20-iterations5-epochs5-seed-44,paper_conventional,paper_faithful,iteration_based_paper_interpretation,main,20,5,5,44,3,14,67fa2a9b887b0d0e,32,16,0.7,0.5,64,gelu,sgd,categorical_hinge,,0.13899999856948853,0.4593749940395355,0.13899999856948853,1.3517756462097168,5,5,14.41964209300204,success,,nonstandard_loss_for_multiclass_sparse_labels,0.009999999776482582,False,"{""activation"": [0.06534090909090909, 0.1278409090909091, 0.10511363636363637, 0.11079545454545454, 0.06534090909090909, 0.13920454545454544, 0.2869318181818182, 0.09943181818181818], ""batch_size"": [0.14488636363636365, 0.1846590909090909, 0.11079545454545454, 0.16193181818181818, 0.04261363636363636, 0.05965909090909091, 0.11079545454545454, 0.1846590909090909], ""dense_units_1"": [0.08806818181818182, 0.1278409090909091, 0.14488636363636365, 0.08238636363636363, 0.06534090909090909, 0.13920454545454544, 0.2471590909090909, 0.10511363636363637], ""dense_units_2"": [0.09943181818181818, 0.08806818181818182, 0.2869318181818182, 0.08238636363636363, 0.1278409090909091, 0.10511363636363637, 0.1278409090909091, 0.08238636363636363], ""dropout_1"": [0.07102272727272728, 0.2471590909090909, 0.1278409090909091, 0.14488636363636365, 0.06534090909090909, 0.09943181818181818, 0.16761363636363635, 0.07670454545454546], ""dropout_2"": [0.16761363636363635, 0.17897727272727273, 0.1278409090909091, 0.14488636363636365, 0.1846590909090909, 0.08806818181818182, 0.02556818181818182, 0.08238636363636363], ""loss"": [0.16761363636363635, 0.06534090909090909, 0.1278409090909091, 0.07102272727272728, 0.12215909090909091, 0.10511363636363637, 0.24147727272727273, 0.09943181818181818], ""optimizer"": [0.20738636363636365, 0.10511363636363637, 0.12215909090909091, 0.12215909090909091, 0.16761363636363635, 0.1278409090909091, 0.08806818181818182, 0.05965909090909091]}",False,False,gelu,success
paper_conventional-main-ants20-iterations5-epochs5-seed-44,paper_conventional,paper_faithful,iteration_based_paper_interpretation,main,20,5,5,44,3,15,9a549da92da1ebbb,512,64,0.6,0.3,256,selu,adadelta,categorical_hinge,,0.25850000977516174,0.1378750056028366,0.25850000977516174,1.1445659399032593,2,5,16.712038548001146,success,,nonstandard_loss_for_multiclass_sparse_labels,0.0010000000474974513,False,"{""activation"": [0.06534090909090909, 0.1278409090909091, 0.10511363636363637, 0.11079545454545454, 0.06534090909090909, 0.13920454545454544, 0.2869318181818182, 0.09943181818181818], ""batch_size"": [0.14488636363636365, 0.1846590909090909, 0.11079545454545454, 0.16193181818181818, 0.04261363636363636, 0.05965909090909091, 0.11079545454545454, 0.1846590909090909], ""dense_units_1"": [0.08806818181818182, 0.1278409090909091, 0.14488636363636365, 0.08238636363636363, 0.06534090909090909, 0.13920454545454544, 0.2471590909090909, 0.10511363636363637], ""dense_units_2"": [0.09943181818181818, 0.08806818181818182, 0.2869318181818182, 0.08238636363636363, 0.1278409090909091, 0.10511363636363637, 0.1278409090909091, 0.08238636363636363], ""dropout_1"": [0.07102272727272728, 0.2471590909090909, 0.1278409090909091, 0.14488636363636365, 0.06534090909090909, 0.09943181818181818, 0.16761363636363635, 0.07670454545454546], ""dropout_2"": [0.16761363636363635, 0.17897727272727273, 0.1278409090909091, 0.14488636363636365, 0.1846590909090909, 0.08806818181818182, 0.02556818181818182, 0.08238636363636363], ""loss"": [0.16761363636363635, 0.06534090909090909, 0.1278409090909091, 0.07102272727272728, 0.12215909090909091, 0.10511363636363637, 0.24147727272727273, 0.09943181818181818], ""optimizer"": [0.20738636363636365, 0.10511363636363637, 0.12215909090909091, 0.12215909090909091, 0.16761363636363635, 0.1278409090909091, 0.08806818181818182, 0.05965909090909091]}",False,False,selu,success
paper_conventional-main-ants20-iterations5-epochs5-seed-44,paper_conventional,paper_faithful,iteration_based_paper_interpretation,main,20,5,5,44,3,16,ecb6fc8b23aa5885,32,16,0.1,0.3,32,gelu,sgd,mean_squared_error,,0.5065000057220459,0.4571250081062317,0.5065000057220459,0.060015566647052765,5,5,13.052705340000102,success,,nonstandard_loss_for_multiclass_sparse_labels,0.009999999776482582,False,"{""activation"": [0.06534090909090909, 0.1278409090909091, 0.10511363636363637, 0.11079545454545454, 0.06534090909090909, 0.13920454545454544, 0.2869318181818182, 0.09943181818181818], ""batch_size"": [0.14488636363636365, 0.1846590909090909, 0.11079545454545454, 0.16193181818181818, 0.04261363636363636, 0.05965909090909091, 0.11079545454545454, 0.1846590909090909], ""dense_units_1"": [0.08806818181818182, 0.1278409090909091, 0.14488636363636365, 0.08238636363636363, 0.06534090909090909, 0.13920454545454544, 0.2471590909090909, 0.10511363636363637], ""dense_units_2"": [0.09943181818181818, 0.08806818181818182, 0.2869318181818182, 0.08238636363636363, 0.1278409090909091, 0.10511363636363637, 0.1278409090909091, 0.08238636363636363], ""dropout_1"": [0.07102272727272728, 0.2471590909090909, 0.1278409090909091, 0.14488636363636365, 0.06534090909090909, 0.09943181818181818, 0.16761363636363635, 0.07670454545454546], ""dropout_2"": [0.16761363636363635, 0.17897727272727273, 0.1278409090909091, 0.14488636363636365, 0.1846590909090909, 0.08806818181818182, 0.02556818181818182, 0.08238636363636363], ""loss"": [0.16761363636363635, 0.06534090909090909, 0.1278409090909091, 0.07102272727272728, 0.12215909090909091, 0.10511363636363637, 0.24147727272727273, 0.09943181818181818], ""optimizer"": [0.20738636363636365, 0.10511363636363637, 0.12215909090909091, 0.12215909090909091, 0.16761363636363635, 0.1278409090909091, 0.08806818181818182, 0.05965909090909091]}",False,False,gelu,success
paper_conventional-main-ants20-iterations5-epochs5-seed-44,paper_conventional,paper_faithful,iteration_based_paper_interpretation,main,20,5,5,44,3,17,1d043b7db929eb92,32,64,0.7,0.4,16,selu,adamax,squared_hinge,,0.843500018119812,0.8870000243186951,0.843500018119812,0.9601081013679504,5,5,33.290443719000905,success,,nonstandard_loss_for_multiclass_sparse_labels,0.0010000000474974513,False,"{""activation"": [0.06534090909090909, 0.1278409090909091, 0.10511363636363637, 0.11079545454545454, 0.06534090909090909, 0.13920454545454544, 0.2869318181818182, 0.09943181818181818], ""batch_size"": [0.14488636363636365, 0.1846590909090909, 0.11079545454545454, 0.16193181818181818, 0.04261363636363636, 0.05965909090909091, 0.11079545454545454, 0.1846590909090909], ""dense_units_1"": [0.08806818181818182, 0.1278409090909091, 0.14488636363636365, 0.08238636363636363, 0.06534090909090909, 0.13920454545454544, 0.2471590909090909, 0.10511363636363637], ""dense_units_2"": [0.09943181818181818, 0.08806818181818182, 0.2869318181818182, 0.08238636363636363, 0.1278409090909091, 0.10511363636363637, 0.1278409090909091, 0.08238636363636363], ""dropout_1"": [0.07102272727272728, 0.2471590909090909, 0.1278409090909091, 0.14488636363636365, 0.06534090909090909, 0.09943181818181818, 0.16761363636363635, 0.07670454545454546], ""dropout_2"": [0.16761363636363635, 0.17897727272727273, 0.1278409090909091, 0.14488636363636365, 0.1846590909090909, 0.08806818181818182, 0.02556818181818182, 0.08238636363636363], ""loss"": [0.16761363636363635, 0.06534090909090909, 0.1278409090909091, 0.07102272727272728, 0.12215909090909091, 0.10511363636363637, 0.24147727272727273, 0.09943181818181818], ""optimizer"": [0.20738636363636365, 0.10511363636363637, 0.12215909090909091, 0.12215909090909091, 0.16761363636363635, 0.1278409090909091, 0.08806818181818182, 0.05965909090909091]}",False,False,selu,success
paper_conventional-main-ants20-iterations5-epochs5-seed-44,paper_conventional,paper_faithful,iteration_based_paper_interpretation,main,20,5,5,44,3,18,e86193aa2ebbd9e7,64,512,0.8,0.3,16,gelu,adagrad,squared_hinge,,0.20749999582767487,0.2253749966621399,0.20749999582767487,1.166941523551941,3,5,30.096189048999804,success,,nonstandard_loss_for_multiclass_sparse_labels,0.0010000000474974513,False,"{""activation"": [0.06534090909090909, 0.1278409090909091, 0.10511363636363637, 0.11079545454545454, 0.06534090909090909, 0.13920454545454544, 0.2869318181818182, 0.09943181818181818], ""batch_size"": [0.14488636363636365, 0.1846590909090909, 0.11079545454545454, 0.16193181818181818, 0.04261363636363636, 0.05965909090909091, 0.11079545454545454, 0.1846590909090909], ""dense_units_1"": [0.08806818181818182, 0.1278409090909091, 0.14488636363636365, 0.08238636363636363, 0.06534090909090909, 0.13920454545454544, 0.2471590909090909, 0.10511363636363637], ""dense_units_2"": [0.09943181818181818, 0.08806818181818182, 0.2869318181818182, 0.08238636363636363, 0.1278409090909091, 0.10511363636363637, 0.1278409090909091, 0.08238636363636363], ""dropout_1"": [0.07102272727272728, 0.2471590909090909, 0.1278409090909091, 0.14488636363636365, 0.06534090909090909, 0.09943181818181818, 0.16761363636363635, 0.07670454545454546], ""dropout_2"": [0.16761363636363635, 0.17897727272727273, 0.1278409090909091, 0.14488636363636365, 0.1846590909090909, 0.08806818181818182, 0.02556818181818182, 0.08238636363636363], ""loss"": [0.16761363636363635, 0.06534090909090909, 0.1278409090909091, 0.07102272727272728, 0.12215909090909091, 0.10511363636363637, 0.24147727272727273, 0.09943181818181818], ""optimizer"": [0.20738636363636365, 0.10511363636363637, 0.12215909090909091, 0.12215909090909091, 0.16761363636363635, 0.1278409090909091, 0.08806818181818182, 0.05965909090909091]}",False,False,gelu,success
paper_conventional-main-ants20-iterations5-epochs5-seed-44,paper_conventional,paper_faithful,iteration_based_paper_interpretation,main,20,5,5,44,3,19,dcd9d8124b39bac8,64,128,0.5,0.7,32,sigmoid,adam,sparse_categorical_crossentropy,,0.9570000171661377,0.9054999947547913,0.9570000171661377,0.16000542044639587,5,5,18.543174865000765,success,,,0.0010000000474974513,False,"{""activation"": [0.06534090909090909, 0.1278409090909091, 0.10511363636363637, 0.11079545454545454, 0.06534090909090909, 0.13920454545454544, 0.2869318181818182, 0.09943181818181818], ""batch_size"": [0.14488636363636365, 0.1846590909090909, 0.11079545454545454, 0.16193181818181818, 0.04261363636363636, 0.05965909090909091, 0.11079545454545454, 0.1846590909090909], ""dense_units_1"": [0.08806818181818182, 0.1278409090909091, 0.14488636363636365, 0.08238636363636363, 0.06534090909090909, 0.13920454545454544, 0.2471590909090909, 0.10511363636363637], ""dense_units_2"": [0.09943181818181818, 0.08806818181818182, 0.2869318181818182, 0.08238636363636363, 0.1278409090909091, 0.10511363636363637, 0.1278409090909091, 0.08238636363636363], ""dropout_1"": [0.07102272727272728, 0.2471590909090909, 0.1278409090909091, 0.14488636363636365, 0.06534090909090909, 0.09943181818181818, 0.16761363636363635, 0.07670454545454546], ""dropout_2"": [0.16761363636363635, 0.17897727272727273, 0.1278409090909091, 0.14488636363636365, 0.1846590909090909, 0.08806818181818182, 0.02556818181818182, 0.08238636363636363], ""loss"": [0.16761363636363635, 0.06534090909090909, 0.1278409090909091, 0.07102272727272728, 0.12215909090909091, 0.10511363636363637, 0.24147727272727273, 0.09943181818181818], ""optimizer"": [0.20738636363636365, 0.10511363636363637, 0.12215909090909091, 0.12215909090909091, 0.16761363636363635, 0.1278409090909091, 0.08806818181818182, 0.05965909090909091]}",False,False,sigmoid,success
paper_conventional-main-ants20-iterations5-epochs5-seed-44,paper_conventional,paper_faithful,iteration_based_paper_interpretation,main,20,5,5,44,3,20,ed2fd06a903909f9,32,64,0.2,0.6,32,softsign,ftrl,categorical_hinge,,0.10000000149011612,0.09937500208616257,0.10000000149011612,1.0000032186508179,5,5,18.78474514700065,success,,nonstandard_loss_for_multiclass_sparse_labels,0.0010000000474974513,False,"{""activation"": [0.06534090909090909, 0.1278409090909091, 0.10511363636363637, 0.11079545454545454, 0.06534090909090909, 0.13920454545454544, 0.2869318181818182, 0.09943181818181818], ""batch_size"": [0.14488636363636365, 0.1846590909090909, 0.11079545454545454, 0.16193181818181818, 0.04261363636363636, 0.05965909090909091, 0.11079545454545454, 0.1846590909090909], ""dense_units_1"": [0.08806818181818182, 0.1278409090909091, 0.14488636363636365, 0.08238636363636363, 0.06534090909090909, 0.13920454545454544, 0.2471590909090909, 0.10511363636363637], ""dense_units_2"": [0.09943181818181818, 0.08806818181818182, 0.2869318181818182, 0.08238636363636363, 0.1278409090909091, 0.10511363636363637, 0.1278409090909091, 0.08238636363636363], ""dropout_1"": [0.07102272727272728, 0.2471590909090909, 0.1278409090909091, 0.14488636363636365, 0.06534090909090909, 0.09943181818181818, 0.16761363636363635, 0.07670454545454546], ""dropout_2"": [0.16761363636363635, 0.17897727272727273, 0.1278409090909091, 0.14488636363636365, 0.1846590909090909, 0.08806818181818182, 0.02556818181818182, 0.08238636363636363], ""loss"": [0.16761363636363635, 0.06534090909090909, 0.1278409090909091, 0.07102272727272728, 0.12215909090909091, 0.10511363636363637, 0.24147727272727273, 0.09943181818181818], ""optimizer"": [0.20738636363636365, 0.10511363636363637, 0.12215909090909091, 0.12215909090909091, 0.16761363636363635, 0.1278409090909091, 0.08806818181818182, 0.05965909090909091]}",False,False,softsign,success
paper_conventional-main-ants20-iterations5-epochs5-seed-44,paper_conventional,paper_faithful,iteration_based_paper_interpretation,main,20,5,5,44,4,1,df855c8e77ceb36d,64,512,0.2,0.8,2048,tanh,adam,categorical_hinge,,0.9629999995231628,0.9083750247955322,0.9629999995231628,0.07541397213935852,5,5,19.408432598997024,success,,nonstandard_loss_for_multiclass_sparse_labels,0.0010000000474974513,False,"{""activation"": [0.11615566037735849, 0.09846698113207547, 0.06544811320754718, 0.10672169811320754, 0.05955188679245283, 0.18101415094339623, 0.2918632075471698, 0.08077830188679246], ""batch_size"": [0.14681603773584906, 0.20931603773584906, 0.10672169811320754, 0.15742924528301888, 0.04540094339622641, 0.05601415094339623, 0.08785377358490566, 0.19044811320754718], ""dense_units_1"": [0.07370283018867925, 0.17393867924528303, 0.16568396226415094, 0.07016509433962265, 0.07841981132075472, 0.12441037735849056, 0.22936320754716982, 0.08431603773584906], ""dense_units_2"": [0.09964622641509434, 0.05483490566037736, 0.34846698113207547, 0.08903301886792453, 0.07959905660377359, 0.10318396226415094, 0.11733490566037735, 0.10790094339622641], ""dropout_1"": [0.06308962264150944, 0.28596698113207547, 0.09846698113207547, 0.10908018867924528, 0.0972877358490566, 0.09964622641509434, 0.1420990566037736, 0.10436320754716981], ""dropout_2"": [0.16096698113207547, 0.22464622641509435, 0.15507075471698112, 0.14681603773584906, 0.15271226415094338, 0.07370283018867925, 0.0347877358490566, 0.05129716981132076], ""loss"": [0.16096698113207547, 0.07841981132075472, 0.07959905660377359, 0.06308962264150944, 0.15153301886792453, 0.1409198113207547, 0.2446933962264151, 0.08077830188679246], ""optimizer"": [0.1857311320754717, 0.08431603773584906, 0.13266509433962265, 0.13266509433962265, 0.17983490566037735, 0.11733490566037735, 0.1303066037735849, 0.03714622641509434]}",False,False,tanh,success
paper_conventional-main-ants20-iterations5-epochs5-seed-44,paper_conventional,paper_faithful,iteration_based_paper_interpretation,main,20,5,5,44,4,2,a4c13f7b959ae24d,16,32,0.7,0.6,2048,softplus,nadam,categorical_hinge,,0.784500002861023,0.5403749942779541,0.784500002861023,0.34498223662376404,5,5,23.611022885001148,success,,nonstandard_loss_for_multiclass_sparse_labels,0.0010000000474974513,False,"{""activation"": [0.11615566037735849, 0.09846698113207547, 0.06544811320754718, 0.10672169811320754, 0.05955188679245283, 0.18101415094339623, 0.2918632075471698, 0.08077830188679246], ""batch_size"": [0.14681603773584906, 0.20931603773584906, 0.10672169811320754, 0.15742924528301888, 0.04540094339622641, 0.05601415094339623, 0.08785377358490566, 0.19044811320754718], ""dense_units_1"": [0.07370283018867925, 0.17393867924528303, 0.16568396226415094, 0.07016509433962265, 0.07841981132075472, 0.12441037735849056, 0.22936320754716982, 0.08431603773584906], ""dense_units_2"": [0.09964622641509434, 0.05483490566037736, 0.34846698113207547, 0.08903301886792453, 0.07959905660377359, 0.10318396226415094, 0.11733490566037735, 0.10790094339622641], ""dropout_1"": [0.06308962264150944, 0.28596698113207547, 0.09846698113207547, 0.10908018867924528, 0.0972877358490566, 0.09964622641509434, 0.1420990566037736, 0.10436320754716981], ""dropout_2"": [0.16096698113207547, 0.22464622641509435, 0.15507075471698112, 0.14681603773584906, 0.15271226415094338, 0.07370283018867925, 0.0347877358490566, 0.05129716981132076], ""loss"": [0.16096698113207547, 0.07841981132075472, 0.07959905660377359, 0.06308962264150944, 0.15153301886792453, 0.1409198113207547, 0.2446933962264151, 0.08077830188679246], ""optimizer"": [0.1857311320754717, 0.08431603773584906, 0.13266509433962265, 0.13266509433962265, 0.17983490566037735, 0.11733490566037735, 0.1303066037735849, 0.03714622641509434]}",False,False,softplus,success
paper_conventional-main-ants20-iterations5-epochs5-seed-44,paper_conventional,paper_faithful,iteration_based_paper_interpretation,main,20,5,5,44,4,3,b1be14e28a452b76,64,32,0.2,0.1,2048,gelu,ftrl,cosine_similarity,,0.10000000149011612,0.09425000101327896,0.10000000149011612,-0.31622782349586487,3,5,19.183909072999086,success,,nonstandard_loss_for_multiclass_sparse_labels,0.0010000000474974513,False,"{""activation"": [0.11615566037735849, 0.09846698113207547, 0.06544811320754718, 0.10672169811320754, 0.05955188679245283, 0.18101415094339623, 0.2918632075471698, 0.08077830188679246], ""batch_size"": [0.14681603773584906, 0.20931603773584906, 0.10672169811320754, 0.15742924528301888, 0.04540094339622641, 0.05601415094339623, 0.08785377358490566, 0.19044811320754718], ""dense_units_1"": [0.07370283018867925, 0.17393867924528303, 0.16568396226415094, 0.07016509433962265, 0.07841981132075472, 0.12441037735849056, 0.22936320754716982, 0.08431603773584906], ""dense_units_2"": [0.09964622641509434, 0.05483490566037736, 0.34846698113207547, 0.08903301886792453, 0.07959905660377359, 0.10318396226415094, 0.11733490566037735, 0.10790094339622641], ""dropout_1"": [0.06308962264150944, 0.28596698113207547, 0.09846698113207547, 0.10908018867924528, 0.0972877358490566, 0.09964622641509434, 0.1420990566037736, 0.10436320754716981], ""dropout_2"": [0.16096698113207547, 0.22464622641509435, 0.15507075471698112, 0.14681603773584906, 0.15271226415094338, 0.07370283018867925, 0.0347877358490566, 0.05129716981132076], ""loss"": [0.16096698113207547, 0.07841981132075472, 0.07959905660377359, 0.06308962264150944, 0.15153301886792453, 0.1409198113207547, 0.2446933962264151, 0.08077830188679246], ""optimizer"": [0.1857311320754717, 0.08431603773584906, 0.13266509433962265, 0.13266509433962265, 0.17983490566037735, 0.11733490566037735, 0.1303066037735849, 0.03714622641509434]}",False,False,gelu,success
paper_conventional-main-ants20-iterations5-epochs5-seed-44,paper_conventional,paper_faithful,iteration_based_paper_interpretation,main,20,5,5,44,4,4,e591b83cca009805,512,16,0.2,0.1,128,selu,ftrl,mean_squared_error,,0.10000000149011612,0.09562499821186066,0.10000000149011612,0.09000001847743988,1,5,17.4249221559985,success,,nonstandard_loss_for_multiclass_sparse_labels,0.0010000000474974513,False,"{""activation"": [0.11615566037735849, 0.09846698113207547, 0.06544811320754718, 0.10672169811320754, 0.05955188679245283, 0.18101415094339623, 0.2918632075471698, 0.08077830188679246], ""batch_size"": [0.14681603773584906, 0.20931603773584906, 0.10672169811320754, 0.15742924528301888, 0.04540094339622641, 0.05601415094339623, 0.08785377358490566, 0.19044811320754718], ""dense_units_1"": [0.07370283018867925, 0.17393867924528303, 0.16568396226415094, 0.07016509433962265, 0.07841981132075472, 0.12441037735849056, 0.22936320754716982, 0.08431603773584906], ""dense_units_2"": [0.09964622641509434, 0.05483490566037736, 0.34846698113207547, 0.08903301886792453, 0.07959905660377359, 0.10318396226415094, 0.11733490566037735, 0.10790094339622641], ""dropout_1"": [0.06308962264150944, 0.28596698113207547, 0.09846698113207547, 0.10908018867924528, 0.0972877358490566, 0.09964622641509434, 0.1420990566037736, 0.10436320754716981], ""dropout_2"": [0.16096698113207547, 0.22464622641509435, 0.15507075471698112, 0.14681603773584906, 0.15271226415094338, 0.07370283018867925, 0.0347877358490566, 0.05129716981132076], ""loss"": [0.16096698113207547, 0.07841981132075472, 0.07959905660377359, 0.06308962264150944, 0.15153301886792453, 0.1409198113207547, 0.2446933962264151, 0.08077830188679246], ""optimizer"": [0.1857311320754717, 0.08431603773584906, 0.13266509433962265, 0.13266509433962265, 0.17983490566037735, 0.11733490566037735, 0.1303066037735849, 0.03714622641509434]}",False,False,selu,success
paper_conventional-main-ants20-iterations5-epochs5-seed-44,paper_conventional,paper_faithful,iteration_based_paper_interpretation,main,20,5,5,44,4,5,e9adbd501e5d8789,16,16,0.7,0.4,32,gelu,adagrad,squared_hinge,,0.12200000137090683,0.10912500321865082,0.12200000137090683,1.169956922531128,1,5,16.441939426000317,success,,nonstandard_loss_for_multiclass_sparse_labels,0.0010000000474974513,False,"{""activation"": [0.11615566037735849, 0.09846698113207547, 0.06544811320754718, 0.10672169811320754, 0.05955188679245283, 0.18101415094339623, 0.2918632075471698, 0.08077830188679246], ""batch_size"": [0.14681603773584906, 0.20931603773584906, 0.10672169811320754, 0.15742924528301888, 0.04540094339622641, 0.05601415094339623, 0.08785377358490566, 0.19044811320754718], ""dense_units_1"": [0.07370283018867925, 0.17393867924528303, 0.16568396226415094, 0.07016509433962265, 0.07841981132075472, 0.12441037735849056, 0.22936320754716982, 0.08431603773584906], ""dense_units_2"": [0.09964622641509434, 0.05483490566037736, 0.34846698113207547, 0.08903301886792453, 0.07959905660377359, 0.10318396226415094, 0.11733490566037735, 0.10790094339622641], ""dropout_1"": [0.06308962264150944, 0.28596698113207547, 0.09846698113207547, 0.10908018867924528, 0.0972877358490566, 0.09964622641509434, 0.1420990566037736, 0.10436320754716981], ""dropout_2"": [0.16096698113207547, 0.22464622641509435, 0.15507075471698112, 0.14681603773584906, 0.15271226415094338, 0.07370283018867925, 0.0347877358490566, 0.05129716981132076], ""loss"": [0.16096698113207547, 0.07841981132075472, 0.07959905660377359, 0.06308962264150944, 0.15153301886792453, 0.1409198113207547, 0.2446933962264151, 0.08077830188679246], ""optimizer"": [0.1857311320754717, 0.08431603773584906, 0.13266509433962265, 0.13266509433962265, 0.17983490566037735, 0.11733490566037735, 0.1303066037735849, 0.03714622641509434]}",False,False,gelu,success
paper_conventional-main-ants20-iterations5-epochs5-seed-44,paper_conventional,paper_faithful,iteration_based_paper_interpretation,main,20,5,5,44,4,6,8ca78907541e4dc0,2048,16,0.7,0.8,32,selu,adadelta,sparse_categorical_crossentropy,,0.11800000071525574,0.0963750034570694,0.11800000071525574,2.4397895336151123,1,5,17.225513921999664,success,,,0.0010000000474974513,False,"{""activation"": [0.11615566037735849, 0.09846698113207547, 0.06544811320754718, 0.10672169811320754, 0.05955188679245283, 0.18101415094339623, 0.2918632075471698, 0.08077830188679246], ""batch_size"": [0.14681603773584906, 0.20931603773584906, 0.10672169811320754, 0.15742924528301888, 0.04540094339622641, 0.05601415094339623, 0.08785377358490566, 0.19044811320754718], ""dense_units_1"": [0.07370283018867925, 0.17393867924528303, 0.16568396226415094, 0.07016509433962265, 0.07841981132075472, 0.12441037735849056, 0.22936320754716982, 0.08431603773584906], ""dense_units_2"": [0.09964622641509434, 0.05483490566037736, 0.34846698113207547, 0.08903301886792453, 0.07959905660377359, 0.10318396226415094, 0.11733490566037735, 0.10790094339622641], ""dropout_1"": [0.06308962264150944, 0.28596698113207547, 0.09846698113207547, 0.10908018867924528, 0.0972877358490566, 0.09964622641509434, 0.1420990566037736, 0.10436320754716981], ""dropout_2"": [0.16096698113207547, 0.22464622641509435, 0.15507075471698112, 0.14681603773584906, 0.15271226415094338, 0.07370283018867925, 0.0347877358490566, 0.05129716981132076], ""loss"": [0.16096698113207547, 0.07841981132075472, 0.07959905660377359, 0.06308962264150944, 0.15153301886792453, 0.1409198113207547, 0.2446933962264151, 0.08077830188679246], ""optimizer"": [0.1857311320754717, 0.08431603773584906, 0.13266509433962265, 0.13266509433962265, 0.17983490566037735, 0.11733490566037735, 0.1303066037735849, 0.03714622641509434]}",False,False,selu,success
paper_conventional-main-ants20-iterations5-epochs5-seed-44,paper_conventional,paper_faithful,iteration_based_paper_interpretation,main,20,5,5,44,4,7,1c4b72b8fc9b899c,256,2048,0.2,0.2,128,relu,rmsprop,mean_squared_error,,0.9775000214576721,0.9731249809265137,0.9775000214576721,0.003508311929181218,4,5,14.238313157999073,success,,nonstandard_loss_for_multiclass_sparse_labels,0.0010000000474974513,False,"{""activation"": [0.11615566037735849, 0.09846698113207547, 0.06544811320754718, 0.10672169811320754, 0.05955188679245283, 0.18101415094339623, 0.2918632075471698, 0.08077830188679246], ""batch_size"": [0.14681603773584906, 0.20931603773584906, 0.10672169811320754, 0.15742924528301888, 0.04540094339622641, 0.05601415094339623, 0.08785377358490566, 0.19044811320754718], ""dense_units_1"": [0.07370283018867925, 0.17393867924528303, 0.16568396226415094, 0.07016509433962265, 0.07841981132075472, 0.12441037735849056, 0.22936320754716982, 0.08431603773584906], ""dense_units_2"": [0.09964622641509434, 0.05483490566037736, 0.34846698113207547, 0.08903301886792453, 0.07959905660377359, 0.10318396226415094, 0.11733490566037735, 0.10790094339622641], ""dropout_1"": [0.06308962264150944, 0.28596698113207547, 0.09846698113207547, 0.10908018867924528, 0.0972877358490566, 0.09964622641509434, 0.1420990566037736, 0.10436320754716981], ""dropout_2"": [0.16096698113207547, 0.22464622641509435, 0.15507075471698112, 0.14681603773584906, 0.15271226415094338, 0.07370283018867925, 0.0347877358490566, 0.05129716981132076], ""loss"": [0.16096698113207547, 0.07841981132075472, 0.07959905660377359, 0.06308962264150944, 0.15153301886792453, 0.1409198113207547, 0.2446933962264151, 0.08077830188679246], ""optimizer"": [0.1857311320754717, 0.08431603773584906, 0.13266509433962265, 0.13266509433962265, 0.17983490566037735, 0.11733490566037735, 0.1303066037735849, 0.03714622641509434]}",False,False,relu,success
paper_conventional-main-ants20-iterations5-epochs5-seed-44,paper_conventional,paper_faithful,iteration_based_paper_interpretation,main,20,5,5,44,4,8,de90c34586a71987,1024,64,0.2,0.1,2048,gelu,rmsprop,mean_squared_error,,0.9819999933242798,0.9861249923706055,0.9819999933242798,0.0028819728177040815,5,5,14.914233941999555,success,,nonstandard_loss_for_multiclass_sparse_labels,0.0010000000474974513,False,"{""activation"": [0.11615566037735849, 0.09846698113207547, 0.06544811320754718, 0.10672169811320754, 0.05955188679245283, 0.18101415094339623, 0.2918632075471698, 0.08077830188679246], ""batch_size"": [0.14681603773584906, 0.20931603773584906, 0.10672169811320754, 0.15742924528301888, 0.04540094339622641, 0.05601415094339623, 0.08785377358490566, 0.19044811320754718], ""dense_units_1"": [0.07370283018867925, 0.17393867924528303, 0.16568396226415094, 0.07016509433962265, 0.07841981132075472, 0.12441037735849056, 0.22936320754716982, 0.08431603773584906], ""dense_units_2"": [0.09964622641509434, 0.05483490566037736, 0.34846698113207547, 0.08903301886792453, 0.07959905660377359, 0.10318396226415094, 0.11733490566037735, 0.10790094339622641], ""dropout_1"": [0.06308962264150944, 0.28596698113207547, 0.09846698113207547, 0.10908018867924528, 0.0972877358490566, 0.09964622641509434, 0.1420990566037736, 0.10436320754716981], ""dropout_2"": [0.16096698113207547, 0.22464622641509435, 0.15507075471698112, 0.14681603773584906, 0.15271226415094338, 0.07370283018867925, 0.0347877358490566, 0.05129716981132076], ""loss"": [0.16096698113207547, 0.07841981132075472, 0.07959905660377359, 0.06308962264150944, 0.15153301886792453, 0.1409198113207547, 0.2446933962264151, 0.08077830188679246], ""optimizer"": [0.1857311320754717, 0.08431603773584906, 0.13266509433962265, 0.13266509433962265, 0.17983490566037735, 0.11733490566037735, 0.1303066037735849, 0.03714622641509434]}",True,False,gelu,success
paper_conventional-main-ants20-iterations5-epochs5-seed-44,paper_conventional,paper_faithful,iteration_based_paper_interpretation,main,20,5,5,44,4,9,9280f4994c915b4c,128,1024,0.3,0.2,2048,selu,adadelta,categorical_hinge,,0.34599998593330383,0.41075000166893005,0.34599998593330383,1.04053795337677,5,5,17.447481744999095,success,,nonstandard_loss_for_multiclass_sparse_labels,0.0010000000474974513,False,"{""activation"": [0.11615566037735849, 0.09846698113207547, 0.06544811320754718, 0.10672169811320754, 0.05955188679245283, 0.18101415094339623, 0.2918632075471698, 0.08077830188679246], ""batch_size"": [0.14681603773584906, 0.20931603773584906, 0.10672169811320754, 0.15742924528301888, 0.04540094339622641, 0.05601415094339623, 0.08785377358490566, 0.19044811320754718], ""dense_units_1"": [0.07370283018867925, 0.17393867924528303, 0.16568396226415094, 0.07016509433962265, 0.07841981132075472, 0.12441037735849056, 0.22936320754716982, 0.08431603773584906], ""dense_units_2"": [0.09964622641509434, 0.05483490566037736, 0.34846698113207547, 0.08903301886792453, 0.07959905660377359, 0.10318396226415094, 0.11733490566037735, 0.10790094339622641], ""dropout_1"": [0.06308962264150944, 0.28596698113207547, 0.09846698113207547, 0.10908018867924528, 0.0972877358490566, 0.09964622641509434, 0.1420990566037736, 0.10436320754716981], ""dropout_2"": [0.16096698113207547, 0.22464622641509435, 0.15507075471698112, 0.14681603773584906, 0.15271226415094338, 0.07370283018867925, 0.0347877358490566, 0.05129716981132076], ""loss"": [0.16096698113207547, 0.07841981132075472, 0.07959905660377359, 0.06308962264150944, 0.15153301886792453, 0.1409198113207547, 0.2446933962264151, 0.08077830188679246], ""optimizer"": [0.1857311320754717, 0.08431603773584906, 0.13266509433962265, 0.13266509433962265, 0.17983490566037735, 0.11733490566037735, 0.1303066037735849, 0.03714622641509434]}",False,False,selu,success
paper_conventional-main-ants20-iterations5-epochs5-seed-44,paper_conventional,paper_faithful,iteration_based_paper_interpretation,main,20,5,5,44,4,10,67e27bba6e6824ca,128,512,0.2,0.2,128,gelu,adagrad,sparse_categorical_crossentropy,,0.906499981880188,0.8893749713897705,0.906499981880188,0.32105353474617004,5,5,15.01447321500018,success,,,0.0010000000474974513,False,"{""activation"": [0.11615566037735849, 0.09846698113207547, 0.06544811320754718, 0.10672169811320754, 0.05955188679245283, 0.18101415094339623, 0.2918632075471698, 0.08077830188679246], ""batch_size"": [0.14681603773584906, 0.20931603773584906, 0.10672169811320754, 0.15742924528301888, 0.04540094339622641, 0.05601415094339623, 0.08785377358490566, 0.19044811320754718], ""dense_units_1"": [0.07370283018867925, 0.17393867924528303, 0.16568396226415094, 0.07016509433962265, 0.07841981132075472, 0.12441037735849056, 0.22936320754716982, 0.08431603773584906], ""dense_units_2"": [0.09964622641509434, 0.05483490566037736, 0.34846698113207547, 0.08903301886792453, 0.07959905660377359, 0.10318396226415094, 0.11733490566037735, 0.10790094339622641], ""dropout_1"": [0.06308962264150944, 0.28596698113207547, 0.09846698113207547, 0.10908018867924528, 0.0972877358490566, 0.09964622641509434, 0.1420990566037736, 0.10436320754716981], ""dropout_2"": [0.16096698113207547, 0.22464622641509435, 0.15507075471698112, 0.14681603773584906, 0.15271226415094338, 0.07370283018867925, 0.0347877358490566, 0.05129716981132076], ""loss"": [0.16096698113207547, 0.07841981132075472, 0.07959905660377359, 0.06308962264150944, 0.15153301886792453, 0.1409198113207547, 0.2446933962264151, 0.08077830188679246], ""optimizer"": [0.1857311320754717, 0.08431603773584906, 0.13266509433962265, 0.13266509433962265, 0.17983490566037735, 0.11733490566037735, 0.1303066037735849, 0.03714622641509434]}",False,False,gelu,success
paper_conventional-main-ants20-iterations5-epochs5-seed-44,paper_conventional,paper_faithful,iteration_based_paper_interpretation,main,20,5,5,44,4,11,156ae4722f8e3c45,32,2048,0.7,0.1,32,sigmoid,adagrad,binary_crossentropy,,0.10000000149011612,0.1613750010728836,0.10000000149011612,0.324855238199234,5,5,14.52572235000116,success,,nonstandard_loss_for_multiclass_sparse_labels,0.0010000000474974513,False,"{""activation"": [0.11615566037735849, 0.09846698113207547, 0.06544811320754718, 0.10672169811320754, 0.05955188679245283, 0.18101415094339623, 0.2918632075471698, 0.08077830188679246], ""batch_size"": [0.14681603773584906, 0.20931603773584906, 0.10672169811320754, 0.15742924528301888, 0.04540094339622641, 0.05601415094339623, 0.08785377358490566, 0.19044811320754718], ""dense_units_1"": [0.07370283018867925, 0.17393867924528303, 0.16568396226415094, 0.07016509433962265, 0.07841981132075472, 0.12441037735849056, 0.22936320754716982, 0.08431603773584906], ""dense_units_2"": [0.09964622641509434, 0.05483490566037736, 0.34846698113207547, 0.08903301886792453, 0.07959905660377359, 0.10318396226415094, 0.11733490566037735, 0.10790094339622641], ""dropout_1"": [0.06308962264150944, 0.28596698113207547, 0.09846698113207547, 0.10908018867924528, 0.0972877358490566, 0.09964622641509434, 0.1420990566037736, 0.10436320754716981], ""dropout_2"": [0.16096698113207547, 0.22464622641509435, 0.15507075471698112, 0.14681603773584906, 0.15271226415094338, 0.07370283018867925, 0.0347877358490566, 0.05129716981132076], ""loss"": [0.16096698113207547, 0.07841981132075472, 0.07959905660377359, 0.06308962264150944, 0.15153301886792453, 0.1409198113207547, 0.2446933962264151, 0.08077830188679246], ""optimizer"": [0.1857311320754717, 0.08431603773584906, 0.13266509433962265, 0.13266509433962265, 0.17983490566037735, 0.11733490566037735, 0.1303066037735849, 0.03714622641509434]}",False,False,sigmoid,success
paper_conventional-main-ants20-iterations5-epochs5-seed-44,paper_conventional,paper_faithful,iteration_based_paper_interpretation,main,20,5,5,44,4,12,33e76fe88fc818b7,256,16,0.1,0.2,128,gelu,adamax,mean_absolute_error,,0.9750000238418579,0.9771249890327454,0.9750000238418579,0.005853022448718548,5,5,17.231091337998805,success,,nonstandard_loss_for_multiclass_sparse_labels,0.0010000000474974513,False,"{""activation"": [0.11615566037735849, 0.09846698113207547, 0.06544811320754718, 0.10672169811320754, 0.05955188679245283, 0.18101415094339623, 0.2918632075471698, 0.08077830188679246], ""batch_size"": [0.14681603773584906, 0.20931603773584906, 0.10672169811320754, 0.15742924528301888, 0.04540094339622641, 0.05601415094339623, 0.08785377358490566, 0.19044811320754718], ""dense_units_1"": [0.07370283018867925, 0.17393867924528303, 0.16568396226415094, 0.07016509433962265, 0.07841981132075472, 0.12441037735849056, 0.22936320754716982, 0.08431603773584906], ""dense_units_2"": [0.09964622641509434, 0.05483490566037736, 0.34846698113207547, 0.08903301886792453, 0.07959905660377359, 0.10318396226415094, 0.11733490566037735, 0.10790094339622641], ""dropout_1"": [0.06308962264150944, 0.28596698113207547, 0.09846698113207547, 0.10908018867924528, 0.0972877358490566, 0.09964622641509434, 0.1420990566037736, 0.10436320754716981], ""dropout_2"": [0.16096698113207547, 0.22464622641509435, 0.15507075471698112, 0.14681603773584906, 0.15271226415094338, 0.07370283018867925, 0.0347877358490566, 0.05129716981132076], ""loss"": [0.16096698113207547, 0.07841981132075472, 0.07959905660377359, 0.06308962264150944, 0.15153301886792453, 0.1409198113207547, 0.2446933962264151, 0.08077830188679246], ""optimizer"": [0.1857311320754717, 0.08431603773584906, 0.13266509433962265, 0.13266509433962265, 0.17983490566037735, 0.11733490566037735, 0.1303066037735849, 0.03714622641509434]}",False,False,gelu,success
paper_conventional-main-ants20-iterations5-epochs5-seed-44,paper_conventional,paper_faithful,iteration_based_paper_interpretation,main,20,5,5,44,4,13,4ee4db50e29681b2,64,256,0.8,0.1,32,gelu,ftrl,categorical_hinge,,0.10000000149011612,0.09549999982118607,0.10000000149011612,1.0000030994415283,5,5,19.560764522997488,success,,nonstandard_loss_for_multiclass_sparse_labels,0.0010000000474974513,False,"{""activation"": [0.11615566037735849, 0.09846698113207547, 0.06544811320754718, 0.10672169811320754, 0.05955188679245283, 0.18101415094339623, 0.2918632075471698, 0.08077830188679246], ""batch_size"": [0.14681603773584906, 0.20931603773584906, 0.10672169811320754, 0.15742924528301888, 0.04540094339622641, 0.05601415094339623, 0.08785377358490566, 0.19044811320754718], ""dense_units_1"": [0.07370283018867925, 0.17393867924528303, 0.16568396226415094, 0.07016509433962265, 0.07841981132075472, 0.12441037735849056, 0.22936320754716982, 0.08431603773584906], ""dense_units_2"": [0.09964622641509434, 0.05483490566037736, 0.34846698113207547, 0.08903301886792453, 0.07959905660377359, 0.10318396226415094, 0.11733490566037735, 0.10790094339622641], ""dropout_1"": [0.06308962264150944, 0.28596698113207547, 0.09846698113207547, 0.10908018867924528, 0.0972877358490566, 0.09964622641509434, 0.1420990566037736, 0.10436320754716981], ""dropout_2"": [0.16096698113207547, 0.22464622641509435, 0.15507075471698112, 0.14681603773584906, 0.15271226415094338, 0.07370283018867925, 0.0347877358490566, 0.05129716981132076], ""loss"": [0.16096698113207547, 0.07841981132075472, 0.07959905660377359, 0.06308962264150944, 0.15153301886792453, 0.1409198113207547, 0.2446933962264151, 0.08077830188679246], ""optimizer"": [0.1857311320754717, 0.08431603773584906, 0.13266509433962265, 0.13266509433962265, 0.17983490566037735, 0.11733490566037735, 0.1303066037735849, 0.03714622641509434]}",False,False,gelu,success
paper_conventional-main-ants20-iterations5-epochs5-seed-44,paper_conventional,paper_faithful,iteration_based_paper_interpretation,main,20,5,5,44,4,14,6708e22ea5bd4893,64,16,0.1,0.1,16,relu,adam,mean_squared_error,,0.9739999771118164,0.9736250042915344,0.9739999771118164,0.0040627592243254185,5,5,35.575975744999596,success,,nonstandard_loss_for_multiclass_sparse_labels,0.0010000000474974513,False,"{""activation"": [0.11615566037735849, 0.09846698113207547, 0.06544811320754718, 0.10672169811320754, 0.05955188679245283, 0.18101415094339623, 0.2918632075471698, 0.08077830188679246], ""batch_size"": [0.14681603773584906, 0.20931603773584906, 0.10672169811320754, 0.15742924528301888, 0.04540094339622641, 0.05601415094339623, 0.08785377358490566, 0.19044811320754718], ""dense_units_1"": [0.07370283018867925, 0.17393867924528303, 0.16568396226415094, 0.07016509433962265, 0.07841981132075472, 0.12441037735849056, 0.22936320754716982, 0.08431603773584906], ""dense_units_2"": [0.09964622641509434, 0.05483490566037736, 0.34846698113207547, 0.08903301886792453, 0.07959905660377359, 0.10318396226415094, 0.11733490566037735, 0.10790094339622641], ""dropout_1"": [0.06308962264150944, 0.28596698113207547, 0.09846698113207547, 0.10908018867924528, 0.0972877358490566, 0.09964622641509434, 0.1420990566037736, 0.10436320754716981], ""dropout_2"": [0.16096698113207547, 0.22464622641509435, 0.15507075471698112, 0.14681603773584906, 0.15271226415094338, 0.07370283018867925, 0.0347877358490566, 0.05129716981132076], ""loss"": [0.16096698113207547, 0.07841981132075472, 0.07959905660377359, 0.06308962264150944, 0.15153301886792453, 0.1409198113207547, 0.2446933962264151, 0.08077830188679246], ""optimizer"": [0.1857311320754717, 0.08431603773584906, 0.13266509433962265, 0.13266509433962265, 0.17983490566037735, 0.11733490566037735, 0.1303066037735849, 0.03714622641509434]}",False,False,relu,success
paper_conventional-main-ants20-iterations5-epochs5-seed-44,paper_conventional,paper_faithful,iteration_based_paper_interpretation,main,20,5,5,44,4,15,91fa6f988fa8204e,256,1024,0.4,0.4,1024,softsign,adamax,categorical_hinge,,0.9649999737739563,0.9636250138282776,0.9649999737739563,0.0791609063744545,5,5,16.832323321999866,success,,nonstandard_loss_for_multiclass_sparse_labels,0.0010000000474974513,False,"{""activation"": [0.11615566037735849, 0.09846698113207547, 0.06544811320754718, 0.10672169811320754, 0.05955188679245283, 0.18101415094339623, 0.2918632075471698, 0.08077830188679246], ""batch_size"": [0.14681603773584906, 0.20931603773584906, 0.10672169811320754, 0.15742924528301888, 0.04540094339622641, 0.05601415094339623, 0.08785377358490566, 0.19044811320754718], ""dense_units_1"": [0.07370283018867925, 0.17393867924528303, 0.16568396226415094, 0.07016509433962265, 0.07841981132075472, 0.12441037735849056, 0.22936320754716982, 0.08431603773584906], ""dense_units_2"": [0.09964622641509434, 0.05483490566037736, 0.34846698113207547, 0.08903301886792453, 0.07959905660377359, 0.10318396226415094, 0.11733490566037735, 0.10790094339622641], ""dropout_1"": [0.06308962264150944, 0.28596698113207547, 0.09846698113207547, 0.10908018867924528, 0.0972877358490566, 0.09964622641509434, 0.1420990566037736, 0.10436320754716981], ""dropout_2"": [0.16096698113207547, 0.22464622641509435, 0.15507075471698112, 0.14681603773584906, 0.15271226415094338, 0.07370283018867925, 0.0347877358490566, 0.05129716981132076], ""loss"": [0.16096698113207547, 0.07841981132075472, 0.07959905660377359, 0.06308962264150944, 0.15153301886792453, 0.1409198113207547, 0.2446933962264151, 0.08077830188679246], ""optimizer"": [0.1857311320754717, 0.08431603773584906, 0.13266509433962265, 0.13266509433962265, 0.17983490566037735, 0.11733490566037735, 0.1303066037735849, 0.03714622641509434]}",False,False,softsign,success
paper_conventional-main-ants20-iterations5-epochs5-seed-44,paper_conventional,paper_faithful,iteration_based_paper_interpretation,main,20,5,5,44,4,16,27ff6c7c4b6eeaf5,32,1024,0.3,0.2,32,linear,sgd,categorical_hinge,,0.9325000047683716,0.9268749952316284,0.9325000047683716,0.152408167719841,5,5,13.207184165999934,success,,nonstandard_loss_for_multiclass_sparse_labels,0.009999999776482582,False,"{""activation"": [0.11615566037735849, 0.09846698113207547, 0.06544811320754718, 0.10672169811320754, 0.05955188679245283, 0.18101415094339623, 0.2918632075471698, 0.08077830188679246], ""batch_size"": [0.14681603773584906, 0.20931603773584906, 0.10672169811320754, 0.15742924528301888, 0.04540094339622641, 0.05601415094339623, 0.08785377358490566, 0.19044811320754718], ""dense_units_1"": [0.07370283018867925, 0.17393867924528303, 0.16568396226415094, 0.07016509433962265, 0.07841981132075472, 0.12441037735849056, 0.22936320754716982, 0.08431603773584906], ""dense_units_2"": [0.09964622641509434, 0.05483490566037736, 0.34846698113207547, 0.08903301886792453, 0.07959905660377359, 0.10318396226415094, 0.11733490566037735, 0.10790094339622641], ""dropout_1"": [0.06308962264150944, 0.28596698113207547, 0.09846698113207547, 0.10908018867924528, 0.0972877358490566, 0.09964622641509434, 0.1420990566037736, 0.10436320754716981], ""dropout_2"": [0.16096698113207547, 0.22464622641509435, 0.15507075471698112, 0.14681603773584906, 0.15271226415094338, 0.07370283018867925, 0.0347877358490566, 0.05129716981132076], ""loss"": [0.16096698113207547, 0.07841981132075472, 0.07959905660377359, 0.06308962264150944, 0.15153301886792453, 0.1409198113207547, 0.2446933962264151, 0.08077830188679246], ""optimizer"": [0.1857311320754717, 0.08431603773584906, 0.13266509433962265, 0.13266509433962265, 0.17983490566037735, 0.11733490566037735, 0.1303066037735849, 0.03714622641509434]}",False,False,linier,success
paper_conventional-main-ants20-iterations5-epochs5-seed-44,paper_conventional,paper_faithful,iteration_based_paper_interpretation,main,20,5,5,44,4,17,9db98d6666d313de,1024,2048,0.5,0.2,16,relu,adamax,categorical_hinge,,0.9424999952316284,0.9555000066757202,0.9424999952316284,0.11688902974128723,4,5,31.10038729000007,success,,nonstandard_loss_for_multiclass_sparse_labels,0.0010000000474974513,False,"{""activation"": [0.11615566037735849, 0.09846698113207547, 0.06544811320754718, 0.10672169811320754, 0.05955188679245283, 0.18101415094339623, 0.2918632075471698, 0.08077830188679246], ""batch_size"": [0.14681603773584906, 0.20931603773584906, 0.10672169811320754, 0.15742924528301888, 0.04540094339622641, 0.05601415094339623, 0.08785377358490566, 0.19044811320754718], ""dense_units_1"": [0.07370283018867925, 0.17393867924528303, 0.16568396226415094, 0.07016509433962265, 0.07841981132075472, 0.12441037735849056, 0.22936320754716982, 0.08431603773584906], ""dense_units_2"": [0.09964622641509434, 0.05483490566037736, 0.34846698113207547, 0.08903301886792453, 0.07959905660377359, 0.10318396226415094, 0.11733490566037735, 0.10790094339622641], ""dropout_1"": [0.06308962264150944, 0.28596698113207547, 0.09846698113207547, 0.10908018867924528, 0.0972877358490566, 0.09964622641509434, 0.1420990566037736, 0.10436320754716981], ""dropout_2"": [0.16096698113207547, 0.22464622641509435, 0.15507075471698112, 0.14681603773584906, 0.15271226415094338, 0.07370283018867925, 0.0347877358490566, 0.05129716981132076], ""loss"": [0.16096698113207547, 0.07841981132075472, 0.07959905660377359, 0.06308962264150944, 0.15153301886792453, 0.1409198113207547, 0.2446933962264151, 0.08077830188679246], ""optimizer"": [0.1857311320754717, 0.08431603773584906, 0.13266509433962265, 0.13266509433962265, 0.17983490566037735, 0.11733490566037735, 0.1303066037735849, 0.03714622641509434]}",False,False,relu,success
paper_conventional-main-ants20-iterations5-epochs5-seed-44,paper_conventional,paper_faithful,iteration_based_paper_interpretation,main,20,5,5,44,4,18,3c0df54739b1c9a4,1024,32,0.3,0.1,32,tanh,sgd,categorical_hinge,,0.9394999742507935,0.937125027179718,0.9394999742507935,0.20757368206977844,5,5,12.782402201999503,success,,nonstandard_loss_for_multiclass_sparse_labels,0.009999999776482582,False,"{""activation"": [0.11615566037735849, 0.09846698113207547, 0.06544811320754718, 0.10672169811320754, 0.05955188679245283, 0.18101415094339623, 0.2918632075471698, 0.08077830188679246], ""batch_size"": [0.14681603773584906, 0.20931603773584906, 0.10672169811320754, 0.15742924528301888, 0.04540094339622641, 0.05601415094339623, 0.08785377358490566, 0.19044811320754718], ""dense_units_1"": [0.07370283018867925, 0.17393867924528303, 0.16568396226415094, 0.07016509433962265, 0.07841981132075472, 0.12441037735849056, 0.22936320754716982, 0.08431603773584906], ""dense_units_2"": [0.09964622641509434, 0.05483490566037736, 0.34846698113207547, 0.08903301886792453, 0.07959905660377359, 0.10318396226415094, 0.11733490566037735, 0.10790094339622641], ""dropout_1"": [0.06308962264150944, 0.28596698113207547, 0.09846698113207547, 0.10908018867924528, 0.0972877358490566, 0.09964622641509434, 0.1420990566037736, 0.10436320754716981], ""dropout_2"": [0.16096698113207547, 0.22464622641509435, 0.15507075471698112, 0.14681603773584906, 0.15271226415094338, 0.07370283018867925, 0.0347877358490566, 0.05129716981132076], ""loss"": [0.16096698113207547, 0.07841981132075472, 0.07959905660377359, 0.06308962264150944, 0.15153301886792453, 0.1409198113207547, 0.2446933962264151, 0.08077830188679246], ""optimizer"": [0.1857311320754717, 0.08431603773584906, 0.13266509433962265, 0.13266509433962265, 0.17983490566037735, 0.11733490566037735, 0.1303066037735849, 0.03714622641509434]}",False,False,tanh,success
paper_conventional-main-ants20-iterations5-epochs5-seed-44,paper_conventional,paper_faithful,iteration_based_paper_interpretation,main,20,5,5,44,4,19,5b6d6e194eb42b71,2048,64,0.2,0.6,16,gelu,adam,categorical_crossentropy,,0.972000002861023,0.9695000052452087,0.972000002861023,0.09242338687181473,5,5,34.94391800100129,success,,nonstandard_loss_for_multiclass_sparse_labels,0.0010000000474974513,False,"{""activation"": [0.11615566037735849, 0.09846698113207547, 0.06544811320754718, 0.10672169811320754, 0.05955188679245283, 0.18101415094339623, 0.2918632075471698, 0.08077830188679246], ""batch_size"": [0.14681603773584906, 0.20931603773584906, 0.10672169811320754, 0.15742924528301888, 0.04540094339622641, 0.05601415094339623, 0.08785377358490566, 0.19044811320754718], ""dense_units_1"": [0.07370283018867925, 0.17393867924528303, 0.16568396226415094, 0.07016509433962265, 0.07841981132075472, 0.12441037735849056, 0.22936320754716982, 0.08431603773584906], ""dense_units_2"": [0.09964622641509434, 0.05483490566037736, 0.34846698113207547, 0.08903301886792453, 0.07959905660377359, 0.10318396226415094, 0.11733490566037735, 0.10790094339622641], ""dropout_1"": [0.06308962264150944, 0.28596698113207547, 0.09846698113207547, 0.10908018867924528, 0.0972877358490566, 0.09964622641509434, 0.1420990566037736, 0.10436320754716981], ""dropout_2"": [0.16096698113207547, 0.22464622641509435, 0.15507075471698112, 0.14681603773584906, 0.15271226415094338, 0.07370283018867925, 0.0347877358490566, 0.05129716981132076], ""loss"": [0.16096698113207547, 0.07841981132075472, 0.07959905660377359, 0.06308962264150944, 0.15153301886792453, 0.1409198113207547, 0.2446933962264151, 0.08077830188679246], ""optimizer"": [0.1857311320754717, 0.08431603773584906, 0.13266509433962265, 0.13266509433962265, 0.17983490566037735, 0.11733490566037735, 0.1303066037735849, 0.03714622641509434]}",False,False,gelu,success
paper_conventional-main-ants20-iterations5-epochs5-seed-44,paper_conventional,paper_faithful,iteration_based_paper_interpretation,main,20,5,5,44,4,20,63b1dbf3a0f55c5b,1024,64,0.3,0.2,32,tanh,adagrad,categorical_hinge,,0.8579999804496765,0.8550000190734863,0.8579999804496765,0.3852350115776062,5,5,14.166242721999879,success,,nonstandard_loss_for_multiclass_sparse_labels,0.0010000000474974513,False,"{""activation"": [0.11615566037735849, 0.09846698113207547, 0.06544811320754718, 0.10672169811320754, 0.05955188679245283, 0.18101415094339623, 0.2918632075471698, 0.08077830188679246], ""batch_size"": [0.14681603773584906, 0.20931603773584906, 0.10672169811320754, 0.15742924528301888, 0.04540094339622641, 0.05601415094339623, 0.08785377358490566, 0.19044811320754718], ""dense_units_1"": [0.07370283018867925, 0.17393867924528303, 0.16568396226415094, 0.07016509433962265, 0.07841981132075472, 0.12441037735849056, 0.22936320754716982, 0.08431603773584906], ""dense_units_2"": [0.09964622641509434, 0.05483490566037736, 0.34846698113207547, 0.08903301886792453, 0.07959905660377359, 0.10318396226415094, 0.11733490566037735, 0.10790094339622641], ""dropout_1"": [0.06308962264150944, 0.28596698113207547, 0.09846698113207547, 0.10908018867924528, 0.0972877358490566, 0.09964622641509434, 0.1420990566037736, 0.10436320754716981], ""dropout_2"": [0.16096698113207547, 0.22464622641509435, 0.15507075471698112, 0.14681603773584906, 0.15271226415094338, 0.07370283018867925, 0.0347877358490566, 0.05129716981132076], ""loss"": [0.16096698113207547, 0.07841981132075472, 0.07959905660377359, 0.06308962264150944, 0.15153301886792453, 0.1409198113207547, 0.2446933962264151, 0.08077830188679246], ""optimizer"": [0.1857311320754717, 0.08431603773584906, 0.13266509433962265, 0.13266509433962265, 0.17983490566037735, 0.11733490566037735, 0.1303066037735849, 0.03714622641509434]}",False,False,tanh,success
paper_conventional-main-ants20-iterations5-epochs5-seed-44,paper_conventional,paper_faithful,iteration_based_paper_interpretation,main,20,5,5,44,5,1,143b92f7dc36b743,16,64,0.6,0.2,1024,softsign,adamax,categorical_crossentropy,,0.9185000061988831,0.9284999966621399,0.9185000061988831,0.29368361830711365,5,5,17.016696444003173,success,,nonstandard_loss_for_multiclass_sparse_labels,0.0010000000474974513,False,"{""activation"": [0.12748430962343096, 0.08224372384937238, 0.06027719665271967, 0.08773535564853556, 0.08982740585774059, 0.17063284518828453, 0.3113232217573222, 0.07047594142259414], ""batch_size"": [0.14788179916317992, 0.25640690376569036, 0.0709989539748954, 0.17167887029288703, 0.03020397489539749, 0.037264644351464433, 0.07518305439330544, 0.21038179916317992], ""dense_units_1"": [0.08250523012552301, 0.14918933054393305, 0.1771705020920502, 0.08015167364016737, 0.10237970711297072, 0.0995031380753138, 0.21953451882845187, 0.08956589958158996], ""dense_units_2"": [0.14997384937238495, 0.08668933054393306, 0.2820345188284519, 0.059231171548117155, 0.06969142259414227, 0.10211820083682008, 0.12826882845188284, 0.12199267782426779], ""dropout_1"": [0.07544456066945607, 0.30740062761506276, 0.1324529288702929, 0.08930439330543934, 0.08145920502092051, 0.0662918410041841, 0.16148012552301255, 0.0861663179916318], ""dropout_2"": [0.22424163179916318, 0.26660564853556484, 0.10316422594142259, 0.13114539748953974, 0.10159518828451883, 0.08250523012552301, 0.023143305439330544, 0.06759937238493724], ""loss"": [0.14055962343096234, 0.06890690376569038, 0.06969142259414227, 0.0587081589958159, 0.1677562761506276, 0.11048640167364017, 0.3134152719665272, 0.07047594142259414], ""optimizer"": [0.17377092050209206, 0.08956589958158996, 0.12173117154811715, 0.12173117154811715, 0.1865847280334728, 0.12826882845188284, 0.13689853556485357, 0.04144874476987448]}",False,False,softsign,success
paper_conventional-main-ants20-iterations5-epochs5-seed-44,paper_conventional,paper_faithful,iteration_based_paper_interpretation,main,20,5,5,44,5,2,6d4a957cef259cb7,2048,64,0.7,0.1,1024,tanh,sgd,categorical_hinge,,0.7770000100135803,0.8892499804496765,0.7770000100135803,0.506950855255127,5,5,12.761463773000287,success,,nonstandard_loss_for_multiclass_sparse_labels,0.009999999776482582,False,"{""activation"": [0.12748430962343096, 0.08224372384937238, 0.06027719665271967, 0.08773535564853556, 0.08982740585774059, 0.17063284518828453, 0.3113232217573222, 0.07047594142259414], ""batch_size"": [0.14788179916317992, 0.25640690376569036, 0.0709989539748954, 0.17167887029288703, 0.03020397489539749, 0.037264644351464433, 0.07518305439330544, 0.21038179916317992], ""dense_units_1"": [0.08250523012552301, 0.14918933054393305, 0.1771705020920502, 0.08015167364016737, 0.10237970711297072, 0.0995031380753138, 0.21953451882845187, 0.08956589958158996], ""dense_units_2"": [0.14997384937238495, 0.08668933054393306, 0.2820345188284519, 0.059231171548117155, 0.06969142259414227, 0.10211820083682008, 0.12826882845188284, 0.12199267782426779], ""dropout_1"": [0.07544456066945607, 0.30740062761506276, 0.1324529288702929, 0.08930439330543934, 0.08145920502092051, 0.0662918410041841, 0.16148012552301255, 0.0861663179916318], ""dropout_2"": [0.22424163179916318, 0.26660564853556484, 0.10316422594142259, 0.13114539748953974, 0.10159518828451883, 0.08250523012552301, 0.023143305439330544, 0.06759937238493724], ""loss"": [0.14055962343096234, 0.06890690376569038, 0.06969142259414227, 0.0587081589958159, 0.1677562761506276, 0.11048640167364017, 0.3134152719665272, 0.07047594142259414], ""optimizer"": [0.17377092050209206, 0.08956589958158996, 0.12173117154811715, 0.12173117154811715, 0.1865847280334728, 0.12826882845188284, 0.13689853556485357, 0.04144874476987448]}",False,False,tanh,success
paper_conventional-main-ants20-iterations5-epochs5-seed-44,paper_conventional,paper_faithful,iteration_based_paper_interpretation,main,20,5,5,44,5,3,db70285192efdd91,256,2048,0.2,0.1,32,gelu,adadelta,categorical_hinge,,0.3564999997615814,0.3606249988079071,0.3564999997615814,0.9906874895095825,5,5,18.299911127000087,success,,nonstandard_loss_for_multiclass_sparse_labels,0.0010000000474974513,False,"{""activation"": [0.12748430962343096, 0.08224372384937238, 0.06027719665271967, 0.08773535564853556, 0.08982740585774059, 0.17063284518828453, 0.3113232217573222, 0.07047594142259414], ""batch_size"": [0.14788179916317992, 0.25640690376569036, 0.0709989539748954, 0.17167887029288703, 0.03020397489539749, 0.037264644351464433, 0.07518305439330544, 0.21038179916317992], ""dense_units_1"": [0.08250523012552301, 0.14918933054393305, 0.1771705020920502, 0.08015167364016737, 0.10237970711297072, 0.0995031380753138, 0.21953451882845187, 0.08956589958158996], ""dense_units_2"": [0.14997384937238495, 0.08668933054393306, 0.2820345188284519, 0.059231171548117155, 0.06969142259414227, 0.10211820083682008, 0.12826882845188284, 0.12199267782426779], ""dropout_1"": [0.07544456066945607, 0.30740062761506276, 0.1324529288702929, 0.08930439330543934, 0.08145920502092051, 0.0662918410041841, 0.16148012552301255, 0.0861663179916318], ""dropout_2"": [0.22424163179916318, 0.26660564853556484, 0.10316422594142259, 0.13114539748953974, 0.10159518828451883, 0.08250523012552301, 0.023143305439330544, 0.06759937238493724], ""loss"": [0.14055962343096234, 0.06890690376569038, 0.06969142259414227, 0.0587081589958159, 0.1677562761506276, 0.11048640167364017, 0.3134152719665272, 0.07047594142259414], ""optimizer"": [0.17377092050209206, 0.08956589958158996, 0.12173117154811715, 0.12173117154811715, 0.1865847280334728, 0.12826882845188284, 0.13689853556485357, 0.04144874476987448]}",False,False,gelu,success
paper_conventional-main-ants20-iterations5-epochs5-seed-44,paper_conventional,paper_faithful,iteration_based_paper_interpretation,main,20,5,5,44,5,4,28fcabc2c0789742,2048,64,0.6,0.1,2048,sigmoid,ftrl,categorical_hinge,,0.10000000149011612,0.0951249971985817,0.10000000149011612,1.0000791549682617,5,5,18.304973255999357,success,,nonstandard_loss_for_multiclass_sparse_labels,0.0010000000474974513,False,"{""activation"": [0.12748430962343096, 0.08224372384937238, 0.06027719665271967, 0.08773535564853556, 0.08982740585774059, 0.17063284518828453, 0.3113232217573222, 0.07047594142259414], ""batch_size"": [0.14788179916317992, 0.25640690376569036, 0.0709989539748954, 0.17167887029288703, 0.03020397489539749, 0.037264644351464433, 0.07518305439330544, 0.21038179916317992], ""dense_units_1"": [0.08250523012552301, 0.14918933054393305, 0.1771705020920502, 0.08015167364016737, 0.10237970711297072, 0.0995031380753138, 0.21953451882845187, 0.08956589958158996], ""dense_units_2"": [0.14997384937238495, 0.08668933054393306, 0.2820345188284519, 0.059231171548117155, 0.06969142259414227, 0.10211820083682008, 0.12826882845188284, 0.12199267782426779], ""dropout_1"": [0.07544456066945607, 0.30740062761506276, 0.1324529288702929, 0.08930439330543934, 0.08145920502092051, 0.0662918410041841, 0.16148012552301255, 0.0861663179916318], ""dropout_2"": [0.22424163179916318, 0.26660564853556484, 0.10316422594142259, 0.13114539748953974, 0.10159518828451883, 0.08250523012552301, 0.023143305439330544, 0.06759937238493724], ""loss"": [0.14055962343096234, 0.06890690376569038, 0.06969142259414227, 0.0587081589958159, 0.1677562761506276, 0.11048640167364017, 0.3134152719665272, 0.07047594142259414], ""optimizer"": [0.17377092050209206, 0.08956589958158996, 0.12173117154811715, 0.12173117154811715, 0.1865847280334728, 0.12826882845188284, 0.13689853556485357, 0.04144874476987448]}",False,False,sigmoid,success
paper_conventional-main-ants20-iterations5-epochs5-seed-44,paper_conventional,paper_faithful,iteration_based_paper_interpretation,main,20,5,5,44,5,5,ede030822b3fde91,1024,32,0.7,0.4,128,relu,adamax,categorical_hinge,,0.8395000100135803,0.9235000014305115,0.8395000100135803,0.3233904242515564,5,5,17.1282249270007,success,,nonstandard_loss_for_multiclass_sparse_labels,0.0010000000474974513,False,"{""activation"": [0.12748430962343096, 0.08224372384937238, 0.06027719665271967, 0.08773535564853556, 0.08982740585774059, 0.17063284518828453, 0.3113232217573222, 0.07047594142259414], ""batch_size"": [0.14788179916317992, 0.25640690376569036, 0.0709989539748954, 0.17167887029288703, 0.03020397489539749, 0.037264644351464433, 0.07518305439330544, 0.21038179916317992], ""dense_units_1"": [0.08250523012552301, 0.14918933054393305, 0.1771705020920502, 0.08015167364016737, 0.10237970711297072, 0.0995031380753138, 0.21953451882845187, 0.08956589958158996], ""dense_units_2"": [0.14997384937238495, 0.08668933054393306, 0.2820345188284519, 0.059231171548117155, 0.06969142259414227, 0.10211820083682008, 0.12826882845188284, 0.12199267782426779], ""dropout_1"": [0.07544456066945607, 0.30740062761506276, 0.1324529288702929, 0.08930439330543934, 0.08145920502092051, 0.0662918410041841, 0.16148012552301255, 0.0861663179916318], ""dropout_2"": [0.22424163179916318, 0.26660564853556484, 0.10316422594142259, 0.13114539748953974, 0.10159518828451883, 0.08250523012552301, 0.023143305439330544, 0.06759937238493724], ""loss"": [0.14055962343096234, 0.06890690376569038, 0.06969142259414227, 0.0587081589958159, 0.1677562761506276, 0.11048640167364017, 0.3134152719665272, 0.07047594142259414], ""optimizer"": [0.17377092050209206, 0.08956589958158996, 0.12173117154811715, 0.12173117154811715, 0.1865847280334728, 0.12826882845188284, 0.13689853556485357, 0.04144874476987448]}",False,False,relu,success
paper_conventional-main-ants20-iterations5-epochs5-seed-44,paper_conventional,paper_faithful,iteration_based_paper_interpretation,main,20,5,5,44,5,6,218b7e84d69eb8b5,256,64,0.2,0.5,16,gelu,adagrad,sparse_categorical_crossentropy,,0.9315000176429749,0.8837500214576721,0.9315000176429749,0.2446489781141281,5,5,28.349960210001882,success,,,0.0010000000474974513,False,"{""activation"": [0.12748430962343096, 0.08224372384937238, 0.06027719665271967, 0.08773535564853556, 0.08982740585774059, 0.17063284518828453, 0.3113232217573222, 0.07047594142259414], ""batch_size"": [0.14788179916317992, 0.25640690376569036, 0.0709989539748954, 0.17167887029288703, 0.03020397489539749, 0.037264644351464433, 0.07518305439330544, 0.21038179916317992], ""dense_units_1"": [0.08250523012552301, 0.14918933054393305, 0.1771705020920502, 0.08015167364016737, 0.10237970711297072, 0.0995031380753138, 0.21953451882845187, 0.08956589958158996], ""dense_units_2"": [0.14997384937238495, 0.08668933054393306, 0.2820345188284519, 0.059231171548117155, 0.06969142259414227, 0.10211820083682008, 0.12826882845188284, 0.12199267782426779], ""dropout_1"": [0.07544456066945607, 0.30740062761506276, 0.1324529288702929, 0.08930439330543934, 0.08145920502092051, 0.0662918410041841, 0.16148012552301255, 0.0861663179916318], ""dropout_2"": [0.22424163179916318, 0.26660564853556484, 0.10316422594142259, 0.13114539748953974, 0.10159518828451883, 0.08250523012552301, 0.023143305439330544, 0.06759937238493724], ""loss"": [0.14055962343096234, 0.06890690376569038, 0.06969142259414227, 0.0587081589958159, 0.1677562761506276, 0.11048640167364017, 0.3134152719665272, 0.07047594142259414], ""optimizer"": [0.17377092050209206, 0.08956589958158996, 0.12173117154811715, 0.12173117154811715, 0.1865847280334728, 0.12826882845188284, 0.13689853556485357, 0.04144874476987448]}",False,False,gelu,success
paper_conventional-main-ants20-iterations5-epochs5-seed-44,paper_conventional,paper_faithful,iteration_based_paper_interpretation,main,20,5,5,44,5,7,c24ebad5e767f4d7,256,128,0.3,0.1,16,gelu,adamax,mean_squared_error,,0.972000002861023,0.9758750200271606,0.972000002861023,0.004207415506243706,4,5,37.0074956080025,success,,nonstandard_loss_for_multiclass_sparse_labels,0.0010000000474974513,False,"{""activation"": [0.12748430962343096, 0.08224372384937238, 0.06027719665271967, 0.08773535564853556, 0.08982740585774059, 0.17063284518828453, 0.3113232217573222, 0.07047594142259414], ""batch_size"": [0.14788179916317992, 0.25640690376569036, 0.0709989539748954, 0.17167887029288703, 0.03020397489539749, 0.037264644351464433, 0.07518305439330544, 0.21038179916317992], ""dense_units_1"": [0.08250523012552301, 0.14918933054393305, 0.1771705020920502, 0.08015167364016737, 0.10237970711297072, 0.0995031380753138, 0.21953451882845187, 0.08956589958158996], ""dense_units_2"": [0.14997384937238495, 0.08668933054393306, 0.2820345188284519, 0.059231171548117155, 0.06969142259414227, 0.10211820083682008, 0.12826882845188284, 0.12199267782426779], ""dropout_1"": [0.07544456066945607, 0.30740062761506276, 0.1324529288702929, 0.08930439330543934, 0.08145920502092051, 0.0662918410041841, 0.16148012552301255, 0.0861663179916318], ""dropout_2"": [0.22424163179916318, 0.26660564853556484, 0.10316422594142259, 0.13114539748953974, 0.10159518828451883, 0.08250523012552301, 0.023143305439330544, 0.06759937238493724], ""loss"": [0.14055962343096234, 0.06890690376569038, 0.06969142259414227, 0.0587081589958159, 0.1677562761506276, 0.11048640167364017, 0.3134152719665272, 0.07047594142259414], ""optimizer"": [0.17377092050209206, 0.08956589958158996, 0.12173117154811715, 0.12173117154811715, 0.1865847280334728, 0.12826882845188284, 0.13689853556485357, 0.04144874476987448]}",False,False,gelu,success
paper_conventional-main-ants20-iterations5-epochs5-seed-44,paper_conventional,paper_faithful,iteration_based_paper_interpretation,main,20,5,5,44,5,8,c09cd1cec8da78f5,16,1024,0.2,0.1,128,linear,sgd,mean_absolute_error,,0.6370000243186951,0.6002500057220459,0.6370000243186951,0.08881375193595886,5,5,13.015500567002164,success,,nonstandard_loss_for_multiclass_sparse_labels,0.009999999776482582,False,"{""activation"": [0.12748430962343096, 0.08224372384937238, 0.06027719665271967, 0.08773535564853556, 0.08982740585774059, 0.17063284518828453, 0.3113232217573222, 0.07047594142259414], ""batch_size"": [0.14788179916317992, 0.25640690376569036, 0.0709989539748954, 0.17167887029288703, 0.03020397489539749, 0.037264644351464433, 0.07518305439330544, 0.21038179916317992], ""dense_units_1"": [0.08250523012552301, 0.14918933054393305, 0.1771705020920502, 0.08015167364016737, 0.10237970711297072, 0.0995031380753138, 0.21953451882845187, 0.08956589958158996], ""dense_units_2"": [0.14997384937238495, 0.08668933054393306, 0.2820345188284519, 0.059231171548117155, 0.06969142259414227, 0.10211820083682008, 0.12826882845188284, 0.12199267782426779], ""dropout_1"": [0.07544456066945607, 0.30740062761506276, 0.1324529288702929, 0.08930439330543934, 0.08145920502092051, 0.0662918410041841, 0.16148012552301255, 0.0861663179916318], ""dropout_2"": [0.22424163179916318, 0.26660564853556484, 0.10316422594142259, 0.13114539748953974, 0.10159518828451883, 0.08250523012552301, 0.023143305439330544, 0.06759937238493724], ""loss"": [0.14055962343096234, 0.06890690376569038, 0.06969142259414227, 0.0587081589958159, 0.1677562761506276, 0.11048640167364017, 0.3134152719665272, 0.07047594142259414], ""optimizer"": [0.17377092050209206, 0.08956589958158996, 0.12173117154811715, 0.12173117154811715, 0.1865847280334728, 0.12826882845188284, 0.13689853556485357, 0.04144874476987448]}",False,False,linier,success
paper_conventional-main-ants20-iterations5-epochs5-seed-44,paper_conventional,paper_faithful,iteration_based_paper_interpretation,main,20,5,5,44,5,9,e9c7aeb5bc7ecf3e,128,512,0.7,0.1,512,linear,adamax,mean_absolute_error,,0.7994999885559082,0.9054999947547913,0.7994999885559082,0.04066481441259384,5,5,16.34812520700143,success,,nonstandard_loss_for_multiclass_sparse_labels,0.0010000000474974513,False,"{""activation"": [0.12748430962343096, 0.08224372384937238, 0.06027719665271967, 0.08773535564853556, 0.08982740585774059, 0.17063284518828453, 0.3113232217573222, 0.07047594142259414], ""batch_size"": [0.14788179916317992, 0.25640690376569036, 0.0709989539748954, 0.17167887029288703, 0.03020397489539749, 0.037264644351464433, 0.07518305439330544, 0.21038179916317992], ""dense_units_1"": [0.08250523012552301, 0.14918933054393305, 0.1771705020920502, 0.08015167364016737, 0.10237970711297072, 0.0995031380753138, 0.21953451882845187, 0.08956589958158996], ""dense_units_2"": [0.14997384937238495, 0.08668933054393306, 0.2820345188284519, 0.059231171548117155, 0.06969142259414227, 0.10211820083682008, 0.12826882845188284, 0.12199267782426779], ""dropout_1"": [0.07544456066945607, 0.30740062761506276, 0.1324529288702929, 0.08930439330543934, 0.08145920502092051, 0.0662918410041841, 0.16148012552301255, 0.0861663179916318], ""dropout_2"": [0.22424163179916318, 0.26660564853556484, 0.10316422594142259, 0.13114539748953974, 0.10159518828451883, 0.08250523012552301, 0.023143305439330544, 0.06759937238493724], ""loss"": [0.14055962343096234, 0.06890690376569038, 0.06969142259414227, 0.0587081589958159, 0.1677562761506276, 0.11048640167364017, 0.3134152719665272, 0.07047594142259414], ""optimizer"": [0.17377092050209206, 0.08956589958158996, 0.12173117154811715, 0.12173117154811715, 0.1865847280334728, 0.12826882845188284, 0.13689853556485357, 0.04144874476987448]}",False,False,linier,success
paper_conventional-main-ants20-iterations5-epochs5-seed-44,paper_conventional,paper_faithful,iteration_based_paper_interpretation,main,20,5,5,44,5,10,67c2dc944d378aea,32,32,0.2,0.2,2048,relu,adamax,categorical_crossentropy,,0.9710000157356262,0.9524999856948853,0.9710000157356262,0.09691258519887924,5,5,16.742430800000875,success,,nonstandard_loss_for_multiclass_sparse_labels,0.0010000000474974513,False,"{""activation"": [0.12748430962343096, 0.08224372384937238, 0.06027719665271967, 0.08773535564853556, 0.08982740585774059, 0.17063284518828453, 0.3113232217573222, 0.07047594142259414], ""batch_size"": [0.14788179916317992, 0.25640690376569036, 0.0709989539748954, 0.17167887029288703, 0.03020397489539749, 0.037264644351464433, 0.07518305439330544, 0.21038179916317992], ""dense_units_1"": [0.08250523012552301, 0.14918933054393305, 0.1771705020920502, 0.08015167364016737, 0.10237970711297072, 0.0995031380753138, 0.21953451882845187, 0.08956589958158996], ""dense_units_2"": [0.14997384937238495, 0.08668933054393306, 0.2820345188284519, 0.059231171548117155, 0.06969142259414227, 0.10211820083682008, 0.12826882845188284, 0.12199267782426779], ""dropout_1"": [0.07544456066945607, 0.30740062761506276, 0.1324529288702929, 0.08930439330543934, 0.08145920502092051, 0.0662918410041841, 0.16148012552301255, 0.0861663179916318], ""dropout_2"": [0.22424163179916318, 0.26660564853556484, 0.10316422594142259, 0.13114539748953974, 0.10159518828451883, 0.08250523012552301, 0.023143305439330544, 0.06759937238493724], ""loss"": [0.14055962343096234, 0.06890690376569038, 0.06969142259414227, 0.0587081589958159, 0.1677562761506276, 0.11048640167364017, 0.3134152719665272, 0.07047594142259414], ""optimizer"": [0.17377092050209206, 0.08956589958158996, 0.12173117154811715, 0.12173117154811715, 0.1865847280334728, 0.12826882845188284, 0.13689853556485357, 0.04144874476987448]}",False,False,relu,success
paper_conventional-main-ants20-iterations5-epochs5-seed-44,paper_conventional,paper_faithful,iteration_based_paper_interpretation,main,20,5,5,44,5,11,b713cc5ddd8c2361,64,64,0.2,0.3,2048,gelu,adagrad,categorical_hinge,,0.7994999885559082,0.7482500076293945,0.7994999885559082,0.48527494072914124,5,5,14.986274096998386,success,,nonstandard_loss_for_multiclass_sparse_labels,0.0010000000474974513,False,"{""activation"": [0.12748430962343096, 0.08224372384937238, 0.06027719665271967, 0.08773535564853556, 0.08982740585774059, 0.17063284518828453, 0.3113232217573222, 0.07047594142259414], ""batch_size"": [0.14788179916317992, 0.25640690376569036, 0.0709989539748954, 0.17167887029288703, 0.03020397489539749, 0.037264644351464433, 0.07518305439330544, 0.21038179916317992], ""dense_units_1"": [0.08250523012552301, 0.14918933054393305, 0.1771705020920502, 0.08015167364016737, 0.10237970711297072, 0.0995031380753138, 0.21953451882845187, 0.08956589958158996], ""dense_units_2"": [0.14997384937238495, 0.08668933054393306, 0.2820345188284519, 0.059231171548117155, 0.06969142259414227, 0.10211820083682008, 0.12826882845188284, 0.12199267782426779], ""dropout_1"": [0.07544456066945607, 0.30740062761506276, 0.1324529288702929, 0.08930439330543934, 0.08145920502092051, 0.0662918410041841, 0.16148012552301255, 0.0861663179916318], ""dropout_2"": [0.22424163179916318, 0.26660564853556484, 0.10316422594142259, 0.13114539748953974, 0.10159518828451883, 0.08250523012552301, 0.023143305439330544, 0.06759937238493724], ""loss"": [0.14055962343096234, 0.06890690376569038, 0.06969142259414227, 0.0587081589958159, 0.1677562761506276, 0.11048640167364017, 0.3134152719665272, 0.07047594142259414], ""optimizer"": [0.17377092050209206, 0.08956589958158996, 0.12173117154811715, 0.12173117154811715, 0.1865847280334728, 0.12826882845188284, 0.13689853556485357, 0.04144874476987448]}",False,False,gelu,success
paper_conventional-main-ants20-iterations5-epochs5-seed-44,paper_conventional,paper_faithful,iteration_based_paper_interpretation,main,20,5,5,44,5,12,9b84aba187cf3eee,512,64,0.2,0.8,16,softsign,adam,mean_absolute_error,,0.9750000238418579,0.965499997138977,0.9750000238418579,0.005602140445262194,5,5,34.76159488000121,success,,nonstandard_loss_for_multiclass_sparse_labels,0.0010000000474974513,False,"{""activation"": [0.12748430962343096, 0.08224372384937238, 0.06027719665271967, 0.08773535564853556, 0.08982740585774059, 0.17063284518828453, 0.3113232217573222, 0.07047594142259414], ""batch_size"": [0.14788179916317992, 0.25640690376569036, 0.0709989539748954, 0.17167887029288703, 0.03020397489539749, 0.037264644351464433, 0.07518305439330544, 0.21038179916317992], ""dense_units_1"": [0.08250523012552301, 0.14918933054393305, 0.1771705020920502, 0.08015167364016737, 0.10237970711297072, 0.0995031380753138, 0.21953451882845187, 0.08956589958158996], ""dense_units_2"": [0.14997384937238495, 0.08668933054393306, 0.2820345188284519, 0.059231171548117155, 0.06969142259414227, 0.10211820083682008, 0.12826882845188284, 0.12199267782426779], ""dropout_1"": [0.07544456066945607, 0.30740062761506276, 0.1324529288702929, 0.08930439330543934, 0.08145920502092051, 0.0662918410041841, 0.16148012552301255, 0.0861663179916318], ""dropout_2"": [0.22424163179916318, 0.26660564853556484, 0.10316422594142259, 0.13114539748953974, 0.10159518828451883, 0.08250523012552301, 0.023143305439330544, 0.06759937238493724], ""loss"": [0.14055962343096234, 0.06890690376569038, 0.06969142259414227, 0.0587081589958159, 0.1677562761506276, 0.11048640167364017, 0.3134152719665272, 0.07047594142259414], ""optimizer"": [0.17377092050209206, 0.08956589958158996, 0.12173117154811715, 0.12173117154811715, 0.1865847280334728, 0.12826882845188284, 0.13689853556485357, 0.04144874476987448]}",True,False,softsign,success
paper_conventional-main-ants20-iterations5-epochs5-seed-44,paper_conventional,paper_faithful,iteration_based_paper_interpretation,main,20,5,5,44,5,13,ee10cfa7ff42f1e4,512,16,0.1,0.1,2048,relu,adam,categorical_hinge,,0.9624999761581421,0.9652500152587891,0.9624999761581421,0.07322327792644501,5,5,18.524213149001298,success,,nonstandard_loss_for_multiclass_sparse_labels,0.0010000000474974513,False,"{""activation"": [0.12748430962343096, 0.08224372384937238, 0.06027719665271967, 0.08773535564853556, 0.08982740585774059, 0.17063284518828453, 0.3113232217573222, 0.07047594142259414], ""batch_size"": [0.14788179916317992, 0.25640690376569036, 0.0709989539748954, 0.17167887029288703, 0.03020397489539749, 0.037264644351464433, 0.07518305439330544, 0.21038179916317992], ""dense_units_1"": [0.08250523012552301, 0.14918933054393305, 0.1771705020920502, 0.08015167364016737, 0.10237970711297072, 0.0995031380753138, 0.21953451882845187, 0.08956589958158996], ""dense_units_2"": [0.14997384937238495, 0.08668933054393306, 0.2820345188284519, 0.059231171548117155, 0.06969142259414227, 0.10211820083682008, 0.12826882845188284, 0.12199267782426779], ""dropout_1"": [0.07544456066945607, 0.30740062761506276, 0.1324529288702929, 0.08930439330543934, 0.08145920502092051, 0.0662918410041841, 0.16148012552301255, 0.0861663179916318], ""dropout_2"": [0.22424163179916318, 0.26660564853556484, 0.10316422594142259, 0.13114539748953974, 0.10159518828451883, 0.08250523012552301, 0.023143305439330544, 0.06759937238493724], ""loss"": [0.14055962343096234, 0.06890690376569038, 0.06969142259414227, 0.0587081589958159, 0.1677562761506276, 0.11048640167364017, 0.3134152719665272, 0.07047594142259414], ""optimizer"": [0.17377092050209206, 0.08956589958158996, 0.12173117154811715, 0.12173117154811715, 0.1865847280334728, 0.12826882845188284, 0.13689853556485357, 0.04144874476987448]}",False,False,relu,success
paper_conventional-main-ants20-iterations5-epochs5-seed-44,paper_conventional,paper_faithful,iteration_based_paper_interpretation,main,20,5,5,44,5,14,26e163c3ac1b6136,1024,64,0.2,0.2,16,tanh,sgd,sparse_categorical_crossentropy,,0.9725000262260437,0.9756249785423279,0.9725000262260437,0.09028435498476028,5,5,25.736446983999485,success,,,0.009999999776482582,False,"{""activation"": [0.12748430962343096, 0.08224372384937238, 0.06027719665271967, 0.08773535564853556, 0.08982740585774059, 0.17063284518828453, 0.3113232217573222, 0.07047594142259414], ""batch_size"": [0.14788179916317992, 0.25640690376569036, 0.0709989539748954, 0.17167887029288703, 0.03020397489539749, 0.037264644351464433, 0.07518305439330544, 0.21038179916317992], ""dense_units_1"": [0.08250523012552301, 0.14918933054393305, 0.1771705020920502, 0.08015167364016737, 0.10237970711297072, 0.0995031380753138, 0.21953451882845187, 0.08956589958158996], ""dense_units_2"": [0.14997384937238495, 0.08668933054393306, 0.2820345188284519, 0.059231171548117155, 0.06969142259414227, 0.10211820083682008, 0.12826882845188284, 0.12199267782426779], ""dropout_1"": [0.07544456066945607, 0.30740062761506276, 0.1324529288702929, 0.08930439330543934, 0.08145920502092051, 0.0662918410041841, 0.16148012552301255, 0.0861663179916318], ""dropout_2"": [0.22424163179916318, 0.26660564853556484, 0.10316422594142259, 0.13114539748953974, 0.10159518828451883, 0.08250523012552301, 0.023143305439330544, 0.06759937238493724], ""loss"": [0.14055962343096234, 0.06890690376569038, 0.06969142259414227, 0.0587081589958159, 0.1677562761506276, 0.11048640167364017, 0.3134152719665272, 0.07047594142259414], ""optimizer"": [0.17377092050209206, 0.08956589958158996, 0.12173117154811715, 0.12173117154811715, 0.1865847280334728, 0.12826882845188284, 0.13689853556485357, 0.04144874476987448]}",False,False,tanh,success
paper_conventional-main-ants20-iterations5-epochs5-seed-44,paper_conventional,paper_faithful,iteration_based_paper_interpretation,main,20,5,5,44,5,15,afd7963039eddafe,32,1024,0.7,0.2,1024,gelu,ftrl,sparse_categorical_crossentropy,,0.10000000149011612,0.09387499839067459,0.10000000149011612,2.302584648132324,5,5,19.847536315999605,success,,,0.0010000000474974513,False,"{""activation"": [0.12748430962343096, 0.08224372384937238, 0.06027719665271967, 0.08773535564853556, 0.08982740585774059, 0.17063284518828453, 0.3113232217573222, 0.07047594142259414], ""batch_size"": [0.14788179916317992, 0.25640690376569036, 0.0709989539748954, 0.17167887029288703, 0.03020397489539749, 0.037264644351464433, 0.07518305439330544, 0.21038179916317992], ""dense_units_1"": [0.08250523012552301, 0.14918933054393305, 0.1771705020920502, 0.08015167364016737, 0.10237970711297072, 0.0995031380753138, 0.21953451882845187, 0.08956589958158996], ""dense_units_2"": [0.14997384937238495, 0.08668933054393306, 0.2820345188284519, 0.059231171548117155, 0.06969142259414227, 0.10211820083682008, 0.12826882845188284, 0.12199267782426779], ""dropout_1"": [0.07544456066945607, 0.30740062761506276, 0.1324529288702929, 0.08930439330543934, 0.08145920502092051, 0.0662918410041841, 0.16148012552301255, 0.0861663179916318], ""dropout_2"": [0.22424163179916318, 0.26660564853556484, 0.10316422594142259, 0.13114539748953974, 0.10159518828451883, 0.08250523012552301, 0.023143305439330544, 0.06759937238493724], ""loss"": [0.14055962343096234, 0.06890690376569038, 0.06969142259414227, 0.0587081589958159, 0.1677562761506276, 0.11048640167364017, 0.3134152719665272, 0.07047594142259414], ""optimizer"": [0.17377092050209206, 0.08956589958158996, 0.12173117154811715, 0.12173117154811715, 0.1865847280334728, 0.12826882845188284, 0.13689853556485357, 0.04144874476987448]}",False,False,gelu,success
paper_conventional-main-ants20-iterations5-epochs5-seed-44,paper_conventional,paper_faithful,iteration_based_paper_interpretation,main,20,5,5,44,5,16,aff177ab71f9509b,64,512,0.2,0.3,2048,relu,ftrl,squared_hinge,,0.10000000149011612,0.09062500298023224,0.10000000149011612,1.1699990034103394,1,5,19.44327156000145,success,,nonstandard_loss_for_multiclass_sparse_labels,0.0010000000474974513,False,"{""activation"": [0.12748430962343096, 0.08224372384937238, 0.06027719665271967, 0.08773535564853556, 0.08982740585774059, 0.17063284518828453, 0.3113232217573222, 0.07047594142259414], ""batch_size"": [0.14788179916317992, 0.25640690376569036, 0.0709989539748954, 0.17167887029288703, 0.03020397489539749, 0.037264644351464433, 0.07518305439330544, 0.21038179916317992], ""dense_units_1"": [0.08250523012552301, 0.14918933054393305, 0.1771705020920502, 0.08015167364016737, 0.10237970711297072, 0.0995031380753138, 0.21953451882845187, 0.08956589958158996], ""dense_units_2"": [0.14997384937238495, 0.08668933054393306, 0.2820345188284519, 0.059231171548117155, 0.06969142259414227, 0.10211820083682008, 0.12826882845188284, 0.12199267782426779], ""dropout_1"": [0.07544456066945607, 0.30740062761506276, 0.1324529288702929, 0.08930439330543934, 0.08145920502092051, 0.0662918410041841, 0.16148012552301255, 0.0861663179916318], ""dropout_2"": [0.22424163179916318, 0.26660564853556484, 0.10316422594142259, 0.13114539748953974, 0.10159518828451883, 0.08250523012552301, 0.023143305439330544, 0.06759937238493724], ""loss"": [0.14055962343096234, 0.06890690376569038, 0.06969142259414227, 0.0587081589958159, 0.1677562761506276, 0.11048640167364017, 0.3134152719665272, 0.07047594142259414], ""optimizer"": [0.17377092050209206, 0.08956589958158996, 0.12173117154811715, 0.12173117154811715, 0.1865847280334728, 0.12826882845188284, 0.13689853556485357, 0.04144874476987448]}",False,False,relu,success
paper_conventional-main-ants20-iterations5-epochs5-seed-44,paper_conventional,paper_faithful,iteration_based_paper_interpretation,main,20,5,5,44,5,17,6e5e432a9c56e341,2048,128,0.4,0.5,1024,sigmoid,adamax,mean_absolute_error,,0.843500018119812,0.8100000023841858,0.843500018119812,0.03606938570737839,5,5,16.17577116800021,success,,nonstandard_loss_for_multiclass_sparse_labels,0.0010000000474974513,False,"{""activation"": [0.12748430962343096, 0.08224372384937238, 0.06027719665271967, 0.08773535564853556, 0.08982740585774059, 0.17063284518828453, 0.3113232217573222, 0.07047594142259414], ""batch_size"": [0.14788179916317992, 0.25640690376569036, 0.0709989539748954, 0.17167887029288703, 0.03020397489539749, 0.037264644351464433, 0.07518305439330544, 0.21038179916317992], ""dense_units_1"": [0.08250523012552301, 0.14918933054393305, 0.1771705020920502, 0.08015167364016737, 0.10237970711297072, 0.0995031380753138, 0.21953451882845187, 0.08956589958158996], ""dense_units_2"": [0.14997384937238495, 0.08668933054393306, 0.2820345188284519, 0.059231171548117155, 0.06969142259414227, 0.10211820083682008, 0.12826882845188284, 0.12199267782426779], ""dropout_1"": [0.07544456066945607, 0.30740062761506276, 0.1324529288702929, 0.08930439330543934, 0.08145920502092051, 0.0662918410041841, 0.16148012552301255, 0.0861663179916318], ""dropout_2"": [0.22424163179916318, 0.26660564853556484, 0.10316422594142259, 0.13114539748953974, 0.10159518828451883, 0.08250523012552301, 0.023143305439330544, 0.06759937238493724], ""loss"": [0.14055962343096234, 0.06890690376569038, 0.06969142259414227, 0.0587081589958159, 0.1677562761506276, 0.11048640167364017, 0.3134152719665272, 0.07047594142259414], ""optimizer"": [0.17377092050209206, 0.08956589958158996, 0.12173117154811715, 0.12173117154811715, 0.1865847280334728, 0.12826882845188284, 0.13689853556485357, 0.04144874476987448]}",False,False,sigmoid,success
paper_conventional-main-ants20-iterations5-epochs5-seed-44,paper_conventional,paper_faithful,iteration_based_paper_interpretation,main,20,5,5,44,5,18,c3b25ee094775b43,1024,32,0.6,0.3,32,selu,adam,mean_squared_error,,0.9275000095367432,0.9346250295639038,0.9275000095367432,0.013049586676061153,5,5,20.13421819300129,success,,nonstandard_loss_for_multiclass_sparse_labels,0.0010000000474974513,False,"{""activation"": [0.12748430962343096, 0.08224372384937238, 0.06027719665271967, 0.08773535564853556, 0.08982740585774059, 0.17063284518828453, 0.3113232217573222, 0.07047594142259414], ""batch_size"": [0.14788179916317992, 0.25640690376569036, 0.0709989539748954, 0.17167887029288703, 0.03020397489539749, 0.037264644351464433, 0.07518305439330544, 0.21038179916317992], ""dense_units_1"": [0.08250523012552301, 0.14918933054393305, 0.1771705020920502, 0.08015167364016737, 0.10237970711297072, 0.0995031380753138, 0.21953451882845187, 0.08956589958158996], ""dense_units_2"": [0.14997384937238495, 0.08668933054393306, 0.2820345188284519, 0.059231171548117155, 0.06969142259414227, 0.10211820083682008, 0.12826882845188284, 0.12199267782426779], ""dropout_1"": [0.07544456066945607, 0.30740062761506276, 0.1324529288702929, 0.08930439330543934, 0.08145920502092051, 0.0662918410041841, 0.16148012552301255, 0.0861663179916318], ""dropout_2"": [0.22424163179916318, 0.26660564853556484, 0.10316422594142259, 0.13114539748953974, 0.10159518828451883, 0.08250523012552301, 0.023143305439330544, 0.06759937238493724], ""loss"": [0.14055962343096234, 0.06890690376569038, 0.06969142259414227, 0.0587081589958159, 0.1677562761506276, 0.11048640167364017, 0.3134152719665272, 0.07047594142259414], ""optimizer"": [0.17377092050209206, 0.08956589958158996, 0.12173117154811715, 0.12173117154811715, 0.1865847280334728, 0.12826882845188284, 0.13689853556485357, 0.04144874476987448]}",False,False,selu,success
paper_conventional-main-ants20-iterations5-epochs5-seed-44,paper_conventional,paper_faithful,iteration_based_paper_interpretation,main,20,5,5,44,5,19,41d308c15075024d,512,64,0.7,0.5,16,selu,adamax,sparse_categorical_crossentropy,,0.859000027179718,0.9348750114440918,0.859000027179718,0.46823850274086,5,5,29.77838539000004,success,,,0.0010000000474974513,False,"{""activation"": [0.12748430962343096, 0.08224372384937238, 0.06027719665271967, 0.08773535564853556, 0.08982740585774059, 0.17063284518828453, 0.3113232217573222, 0.07047594142259414], ""batch_size"": [0.14788179916317992, 0.25640690376569036, 0.0709989539748954, 0.17167887029288703, 0.03020397489539749, 0.037264644351464433, 0.07518305439330544, 0.21038179916317992], ""dense_units_1"": [0.08250523012552301, 0.14918933054393305, 0.1771705020920502, 0.08015167364016737, 0.10237970711297072, 0.0995031380753138, 0.21953451882845187, 0.08956589958158996], ""dense_units_2"": [0.14997384937238495, 0.08668933054393306, 0.2820345188284519, 0.059231171548117155, 0.06969142259414227, 0.10211820083682008, 0.12826882845188284, 0.12199267782426779], ""dropout_1"": [0.07544456066945607, 0.30740062761506276, 0.1324529288702929, 0.08930439330543934, 0.08145920502092051, 0.0662918410041841, 0.16148012552301255, 0.0861663179916318], ""dropout_2"": [0.22424163179916318, 0.26660564853556484, 0.10316422594142259, 0.13114539748953974, 0.10159518828451883, 0.08250523012552301, 0.023143305439330544, 0.06759937238493724], ""loss"": [0.14055962343096234, 0.06890690376569038, 0.06969142259414227, 0.0587081589958159, 0.1677562761506276, 0.11048640167364017, 0.3134152719665272, 0.07047594142259414], ""optimizer"": [0.17377092050209206, 0.08956589958158996, 0.12173117154811715, 0.12173117154811715, 0.1865847280334728, 0.12826882845188284, 0.13689853556485357, 0.04144874476987448]}",False,False,selu,success
paper_conventional-main-ants20-iterations5-epochs5-seed-44,paper_conventional,paper_faithful,iteration_based_paper_interpretation,main,20,5,5,44,5,20,d3252b68aa060250,32,64,0.2,0.1,32,selu,sgd,binary_crossentropy,,0.8805000185966492,0.8526250123977661,0.8805000185966492,0.09665548801422119,5,5,14.368583916999341,success,,nonstandard_loss_for_multiclass_sparse_labels,0.009999999776482582,False,"{""activation"": [0.12748430962343096, 0.08224372384937238, 0.06027719665271967, 0.08773535564853556, 0.08982740585774059, 0.17063284518828453, 0.3113232217573222, 0.07047594142259414], ""batch_size"": [0.14788179916317992, 0.25640690376569036, 0.0709989539748954, 0.17167887029288703, 0.03020397489539749, 0.037264644351464433, 0.07518305439330544, 0.21038179916317992], ""dense_units_1"": [0.08250523012552301, 0.14918933054393305, 0.1771705020920502, 0.08015167364016737, 0.10237970711297072, 0.0995031380753138, 0.21953451882845187, 0.08956589958158996], ""dense_units_2"": [0.14997384937238495, 0.08668933054393306, 0.2820345188284519, 0.059231171548117155, 0.06969142259414227, 0.10211820083682008, 0.12826882845188284, 0.12199267782426779], ""dropout_1"": [0.07544456066945607, 0.30740062761506276, 0.1324529288702929, 0.08930439330543934, 0.08145920502092051, 0.0662918410041841, 0.16148012552301255, 0.0861663179916318], ""dropout_2"": [0.22424163179916318, 0.26660564853556484, 0.10316422594142259, 0.13114539748953974, 0.10159518828451883, 0.08250523012552301, 0.023143305439330544, 0.06759937238493724], ""loss"": [0.14055962343096234, 0.06890690376569038, 0.06969142259414227, 0.0587081589958159, 0.1677562761506276, 0.11048640167364017, 0.3134152719665272, 0.07047594142259414], ""optimizer"": [0.17377092050209206, 0.08956589958158996, 0.12173117154811715, 0.12173117154811715, 0.1865847280334728, 0.12826882845188284, 0.13689853556485357, 0.04144874476987448]}",False,False,selu,success
