run_id,mode,family,mode_interpretation,budget,effective_ants,effective_iterations,effective_max_epochs,seed,iteration,ant_id,update_step,phase,hyperparameter,option_index,option_value,paper_label,pheromone,probability,run_status
paper_conventional-main-ants20-iterations5-epochs5-seed-44,paper_conventional,paper_faithful,iteration_based_paper_interpretation,main,20,5,5,44,1,,0,before_sampling,dense_units_1,0,16,16,1.0,0.125,success
paper_conventional-main-ants20-iterations5-epochs5-seed-44,paper_conventional,paper_faithful,iteration_based_paper_interpretation,main,20,5,5,44,1,,0,before_sampling,dense_units_1,1,32,32,1.0,0.125,success
paper_conventional-main-ants20-iterations5-epochs5-seed-44,paper_conventional,paper_faithful,iteration_based_paper_interpretation,main,20,5,5,44,1,,0,before_sampling,dense_units_1,2,64,64,1.0,0.125,success
paper_conventional-main-ants20-iterations5-epochs5-seed-44,paper_conventional,paper_faithful,iteration_based_paper_interpretation,main,20,5,5,44,1,,0,before_sampling,dense_units_1,3,128,128,1.0,0.125,success
paper_conventional-main-ants20-iterations5-epochs5-seed-44,paper_conventional,paper_faithful,iteration_based_paper_interpretation,main,20,5,5,44,1,,0,before_sampling,dense_units_1,4,256,256,1.0,0.125,success
paper_conventional-main-ants20-iterations5-epochs5-seed-44,paper_conventional,paper_faithful,iteration_based_paper_interpretation,main,20,5,5,44,1,,0,before_sampling,dense_units_1,5,512,512,1.0,0.125,success
paper_conventional-main-ants20-iterations5-epochs5-seed-44,paper_conventional,paper_faithful,iteration_based_paper_interpretation,main,20,5,5,44,1,,0,before_sampling,dense_units_1,6,1024,1024,1.0,0.125,success
paper_conventional-main-ants20-iterations5-epochs5-seed-44,paper_conventional,paper_faithful,iteration_based_paper_interpretation,main,20,5,5,44,1,,0,before_sampling,dense_units_1,7,2048,2048,1.0,0.125,success
paper_conventional-main-ants20-iterations5-epochs5-seed-44,paper_conventional,paper_faithful,iteration_based_paper_interpretation,main,20,5,5,44,1,,0,before_sampling,dense_units_2,0,16,16,1.0,0.125,success
paper_conventional-main-ants20-iterations5-epochs5-seed-44,paper_conventional,paper_faithful,iteration_based_paper_interpretation,main,20,5,5,44,1,,0,before_sampling,dense_units_2,1,32,32,1.0,0.125,success
paper_conventional-main-ants20-iterations5-epochs5-seed-44,paper_conventional,paper_faithful,iteration_based_paper_interpretation,main,20,5,5,44,1,,0,before_sampling,dense_units_2,2,64,64,1.0,0.125,success
paper_conventional-main-ants20-iterations5-epochs5-seed-44,paper_conventional,paper_faithful,iteration_based_paper_interpretation,main,20,5,5,44,1,,0,before_sampling,dense_units_2,3,128,128,1.0,0.125,success
paper_conventional-main-ants20-iterations5-epochs5-seed-44,paper_conventional,paper_faithful,iteration_based_paper_interpretation,main,20,5,5,44,1,,0,before_sampling,dense_units_2,4,256,256,1.0,0.125,success
paper_conventional-main-ants20-iterations5-epochs5-seed-44,paper_conventional,paper_faithful,iteration_based_paper_interpretation,main,20,5,5,44,1,,0,before_sampling,dense_units_2,5,512,512,1.0,0.125,success
paper_conventional-main-ants20-iterations5-epochs5-seed-44,paper_conventional,paper_faithful,iteration_based_paper_interpretation,main,20,5,5,44,1,,0,before_sampling,dense_units_2,6,1024,1024,1.0,0.125,success
paper_conventional-main-ants20-iterations5-epochs5-seed-44,paper_conventional,paper_faithful,iteration_based_paper_interpretation,main,20,5,5,44,1,,0,before_sampling,dense_units_2,7,2048,2048,1.0,0.125,success
paper_conventional-main-ants20-iterations5-epochs5-seed-44,paper_conventional,paper_faithful,iteration_based_paper_interpretation,main,20,5,5,44,1,,0,before_sampling,dropout_1,0,0.1,0.1,1.0,0.125,success
paper_conventional-main-ants20-iterations5-epochs5-seed-44,paper_conventional,paper_faithful,iteration_based_paper_interpretation,main,20,5,5,44,1,,0,before_sampling,dropout_1,1,0.2,0.2,1.0,0.125,success
paper_conventional-main-ants20-iterations5-epochs5-seed-44,paper_conventional,paper_faithful,iteration_based_paper_interpretation,main,20,5,5,44,1,,0,before_sampling,dropout_1,2,0.3,0.3,1.0,0.125,success
paper_conventional-main-ants20-iterations5-epochs5-seed-44,paper_conventional,paper_faithful,iteration_based_paper_interpretation,main,20,5,5,44,1,,0,before_sampling,dropout_1,3,0.4,0.4,1.0,0.125,success
paper_conventional-main-ants20-iterations5-epochs5-seed-44,paper_conventional,paper_faithful,iteration_based_paper_interpretation,main,20,5,5,44,1,,0,before_sampling,dropout_1,4,0.5,0.5,1.0,0.125,success
paper_conventional-main-ants20-iterations5-epochs5-seed-44,paper_conventional,paper_faithful,iteration_based_paper_interpretation,main,20,5,5,44,1,,0,before_sampling,dropout_1,5,0.6,0.6,1.0,0.125,success
paper_conventional-main-ants20-iterations5-epochs5-seed-44,paper_conventional,paper_faithful,iteration_based_paper_interpretation,main,20,5,5,44,1,,0,before_sampling,dropout_1,6,0.7,0.7,1.0,0.125,success
paper_conventional-main-ants20-iterations5-epochs5-seed-44,paper_conventional,paper_faithful,iteration_based_paper_interpretation,main,20,5,5,44,1,,0,before_sampling,dropout_1,7,0.8,0.8,1.0,0.125,success
paper_conventional-main-ants20-iterations5-epochs5-seed-44,paper_conventional,paper_faithful,iteration_based_paper_interpretation,main,20,5,5,44,1,,0,before_sampling,dropout_2,0,0.1,0.1,1.0,0.125,success
paper_conventional-main-ants20-iterations5-epochs5-seed-44,paper_conventional,paper_faithful,iteration_based_paper_interpretation,main,20,5,5,44,1,,0,before_sampling,dropout_2,1,0.2,0.2,1.0,0.125,success
paper_conventional-main-ants20-iterations5-epochs5-seed-44,paper_conventional,paper_faithful,iteration_based_paper_interpretation,main,20,5,5,44,1,,0,before_sampling,dropout_2,2,0.3,0.3,1.0,0.125,success
paper_conventional-main-ants20-iterations5-epochs5-seed-44,paper_conventional,paper_faithful,iteration_based_paper_interpretation,main,20,5,5,44,1,,0,before_sampling,dropout_2,3,0.4,0.4,1.0,0.125,success
paper_conventional-main-ants20-iterations5-epochs5-seed-44,paper_conventional,paper_faithful,iteration_based_paper_interpretation,main,20,5,5,44,1,,0,before_sampling,dropout_2,4,0.5,0.5,1.0,0.125,success
paper_conventional-main-ants20-iterations5-epochs5-seed-44,paper_conventional,paper_faithful,iteration_based_paper_interpretation,main,20,5,5,44,1,,0,before_sampling,dropout_2,5,0.6,0.6,1.0,0.125,success
paper_conventional-main-ants20-iterations5-epochs5-seed-44,paper_conventional,paper_faithful,iteration_based_paper_interpretation,main,20,5,5,44,1,,0,before_sampling,dropout_2,6,0.7,0.7,1.0,0.125,success
paper_conventional-main-ants20-iterations5-epochs5-seed-44,paper_conventional,paper_faithful,iteration_based_paper_interpretation,main,20,5,5,44,1,,0,before_sampling,dropout_2,7,0.8,0.8,1.0,0.125,success
paper_conventional-main-ants20-iterations5-epochs5-seed-44,paper_conventional,paper_faithful,iteration_based_paper_interpretation,main,20,5,5,44,1,,0,before_sampling,batch_size,0,16,16,1.0,0.125,success
paper_conventional-main-ants20-iterations5-epochs5-seed-44,paper_conventional,paper_faithful,iteration_based_paper_interpretation,main,20,5,5,44,1,,0,before_sampling,batch_size,1,32,32,1.0,0.125,success
paper_conventional-main-ants20-iterations5-epochs5-seed-44,paper_conventional,paper_faithful,iteration_based_paper_interpretation,main,20,5,5,44,1,,0,before_sampling,batch_size,2,64,64,1.0,0.125,success
paper_conventional-main-ants20-iterations5-epochs5-seed-44,paper_conventional,paper_faithful,iteration_based_paper_interpretation,main,20,5,5,44,1,,0,before_sampling,batch_size,3,128,128,1.0,0.125,success
paper_conventional-main-ants20-iterations5-epochs5-seed-44,paper_conventional,paper_faithful,iteration_based_paper_interpretation,main,20,5,5,44,1,,0,before_sampling,batch_size,4,256,256,1.0,0.125,success
paper_conventional-main-ants20-iterations5-epochs5-seed-44,paper_conventional,paper_faithful,iteration_based_paper_interpretation,main,20,5,5,44,1,,0,before_sampling,batch_size,5,512,512,1.0,0.125,success
paper_conventional-main-ants20-iterations5-epochs5-seed-44,paper_conventional,paper_faithful,iteration_based_paper_interpretation,main,20,5,5,44,1,,0,before_sampling,batch_size,6,1024,1024,1.0,0.125,success
paper_conventional-main-ants20-iterations5-epochs5-seed-44,paper_conventional,paper_faithful,iteration_based_paper_interpretation,main,20,5,5,44,1,,0,before_sampling,batch_size,7,2048,2048,1.0,0.125,success
paper_conventional-main-ants20-iterations5-epochs5-seed-44,paper_conventional,paper_faithful,iteration_based_paper_interpretation,main,20,5,5,44,1,,0,before_sampling,activation,0,"""relu""","""relu""",1.0,0.125,success
paper_conventional-main-ants20-iterations5-epochs5-seed-44,paper_conventional,paper_faithful,iteration_based_paper_interpretation,main,20,5,5,44,1,,0,before_sampling,activation,1,"""sigmoid""","""sigmoid""",1.0,0.125,success
paper_conventional-main-ants20-iterations5-epochs5-seed-44,paper_conventional,paper_faithful,iteration_based_paper_interpretation,main,20,5,5,44,1,,0,before_sampling,activation,2,"""softplus""","""softplus""",1.0,0.125,success
paper_conventional-main-ants20-iterations5-epochs5-seed-44,paper_conventional,paper_faithful,iteration_based_paper_interpretation,main,20,5,5,44,1,,0,before_sampling,activation,3,"""softsign""","""softsign""",1.0,0.125,success
paper_conventional-main-ants20-iterations5-epochs5-seed-44,paper_conventional,paper_faithful,iteration_based_paper_interpretation,main,20,5,5,44,1,,0,before_sampling,activation,4,"""tanh""","""tanh""",1.0,0.125,success
paper_conventional-main-ants20-iterations5-epochs5-seed-44,paper_conventional,paper_faithful,iteration_based_paper_interpretation,main,20,5,5,44,1,,0,before_sampling,activation,5,"""selu""","""selu""",1.0,0.125,success
paper_conventional-main-ants20-iterations5-epochs5-seed-44,paper_conventional,paper_faithful,iteration_based_paper_interpretation,main,20,5,5,44,1,,0,before_sampling,activation,6,"""gelu""","""gelu""",1.0,0.125,success
paper_conventional-main-ants20-iterations5-epochs5-seed-44,paper_conventional,paper_faithful,iteration_based_paper_interpretation,main,20,5,5,44,1,,0,before_sampling,activation,7,"""linear""","""linier""",1.0,0.125,success
paper_conventional-main-ants20-iterations5-epochs5-seed-44,paper_conventional,paper_faithful,iteration_based_paper_interpretation,main,20,5,5,44,1,,0,before_sampling,optimizer,0,"""adam""","""adam""",1.0,0.125,success
paper_conventional-main-ants20-iterations5-epochs5-seed-44,paper_conventional,paper_faithful,iteration_based_paper_interpretation,main,20,5,5,44,1,,0,before_sampling,optimizer,1,"""rmsprop""","""rmsprop""",1.0,0.125,success
paper_conventional-main-ants20-iterations5-epochs5-seed-44,paper_conventional,paper_faithful,iteration_based_paper_interpretation,main,20,5,5,44,1,,0,before_sampling,optimizer,2,"""sgd""","""sgd""",1.0,0.125,success
paper_conventional-main-ants20-iterations5-epochs5-seed-44,paper_conventional,paper_faithful,iteration_based_paper_interpretation,main,20,5,5,44,1,,0,before_sampling,optimizer,3,"""adadelta""","""adadelta""",1.0,0.125,success
paper_conventional-main-ants20-iterations5-epochs5-seed-44,paper_conventional,paper_faithful,iteration_based_paper_interpretation,main,20,5,5,44,1,,0,before_sampling,optimizer,4,"""adagrad""","""adagrad""",1.0,0.125,success
paper_conventional-main-ants20-iterations5-epochs5-seed-44,paper_conventional,paper_faithful,iteration_based_paper_interpretation,main,20,5,5,44,1,,0,before_sampling,optimizer,5,"""adamax""","""adamax""",1.0,0.125,success
paper_conventional-main-ants20-iterations5-epochs5-seed-44,paper_conventional,paper_faithful,iteration_based_paper_interpretation,main,20,5,5,44,1,,0,before_sampling,optimizer,6,"""ftrl""","""ftrl""",1.0,0.125,success
paper_conventional-main-ants20-iterations5-epochs5-seed-44,paper_conventional,paper_faithful,iteration_based_paper_interpretation,main,20,5,5,44,1,,0,before_sampling,optimizer,7,"""nadam""","""nadam""",1.0,0.125,success
paper_conventional-main-ants20-iterations5-epochs5-seed-44,paper_conventional,paper_faithful,iteration_based_paper_interpretation,main,20,5,5,44,1,,0,before_sampling,loss,0,"""sparse_categorical_crossentropy""","""sparse_categorical_crossentropy""",1.0,0.125,success
paper_conventional-main-ants20-iterations5-epochs5-seed-44,paper_conventional,paper_faithful,iteration_based_paper_interpretation,main,20,5,5,44,1,,0,before_sampling,loss,1,"""categorical_crossentropy""","""categorical_crossentropy""",1.0,0.125,success
paper_conventional-main-ants20-iterations5-epochs5-seed-44,paper_conventional,paper_faithful,iteration_based_paper_interpretation,main,20,5,5,44,1,,0,before_sampling,loss,2,"""binary_crossentropy""","""binary_crossentropy""",1.0,0.125,success
paper_conventional-main-ants20-iterations5-epochs5-seed-44,paper_conventional,paper_faithful,iteration_based_paper_interpretation,main,20,5,5,44,1,,0,before_sampling,loss,3,"""mean_absolute_error""","""mean_absolute_error""",1.0,0.125,success
paper_conventional-main-ants20-iterations5-epochs5-seed-44,paper_conventional,paper_faithful,iteration_based_paper_interpretation,main,20,5,5,44,1,,0,before_sampling,loss,4,"""mean_squared_error""","""mean_squared_error""",1.0,0.125,success
paper_conventional-main-ants20-iterations5-epochs5-seed-44,paper_conventional,paper_faithful,iteration_based_paper_interpretation,main,20,5,5,44,1,,0,before_sampling,loss,5,"""squared_hinge""","""squared_hinge""",1.0,0.125,success
paper_conventional-main-ants20-iterations5-epochs5-seed-44,paper_conventional,paper_faithful,iteration_based_paper_interpretation,main,20,5,5,44,1,,0,before_sampling,loss,6,"""categorical_hinge""","""categorical_hinge""",1.0,0.125,success
paper_conventional-main-ants20-iterations5-epochs5-seed-44,paper_conventional,paper_faithful,iteration_based_paper_interpretation,main,20,5,5,44,1,,0,before_sampling,loss,7,"""cosine_similarity""","""cosine_similarity""",1.0,0.125,success
paper_conventional-main-ants20-iterations5-epochs5-seed-44,paper_conventional,paper_faithful,iteration_based_paper_interpretation,main,20,5,5,44,1,,1,after_update,dense_units_1,0,16,16,1.25,0.078125,success
paper_conventional-main-ants20-iterations5-epochs5-seed-44,paper_conventional,paper_faithful,iteration_based_paper_interpretation,main,20,5,5,44,1,,1,after_update,dense_units_1,1,32,32,1.75,0.109375,success
paper_conventional-main-ants20-iterations5-epochs5-seed-44,paper_conventional,paper_faithful,iteration_based_paper_interpretation,main,20,5,5,44,1,,1,after_update,dense_units_1,2,64,64,2.25,0.140625,success
paper_conventional-main-ants20-iterations5-epochs5-seed-44,paper_conventional,paper_faithful,iteration_based_paper_interpretation,main,20,5,5,44,1,,1,after_update,dense_units_1,3,128,128,1.75,0.109375,success
paper_conventional-main-ants20-iterations5-epochs5-seed-44,paper_conventional,paper_faithful,iteration_based_paper_interpretation,main,20,5,5,44,1,,1,after_update,dense_units_1,4,256,256,1.25,0.078125,success
paper_conventional-main-ants20-iterations5-epochs5-seed-44,paper_conventional,paper_faithful,iteration_based_paper_interpretation,main,20,5,5,44,1,,1,after_update,dense_units_1,5,512,512,2.75,0.171875,success
paper_conventional-main-ants20-iterations5-epochs5-seed-44,paper_conventional,paper_faithful,iteration_based_paper_interpretation,main,20,5,5,44,1,,1,after_update,dense_units_1,6,1024,1024,3.25,0.203125,success
paper_conventional-main-ants20-iterations5-epochs5-seed-44,paper_conventional,paper_faithful,iteration_based_paper_interpretation,main,20,5,5,44,1,,1,after_update,dense_units_1,7,2048,2048,1.75,0.109375,success
paper_conventional-main-ants20-iterations5-epochs5-seed-44,paper_conventional,paper_faithful,iteration_based_paper_interpretation,main,20,5,5,44,1,,1,after_update,dense_units_2,0,16,16,2.25,0.140625,success
paper_conventional-main-ants20-iterations5-epochs5-seed-44,paper_conventional,paper_faithful,iteration_based_paper_interpretation,main,20,5,5,44,1,,1,after_update,dense_units_2,1,32,32,1.25,0.078125,success
paper_conventional-main-ants20-iterations5-epochs5-seed-44,paper_conventional,paper_faithful,iteration_based_paper_interpretation,main,20,5,5,44,1,,1,after_update,dense_units_2,2,64,64,3.75,0.234375,success
paper_conventional-main-ants20-iterations5-epochs5-seed-44,paper_conventional,paper_faithful,iteration_based_paper_interpretation,main,20,5,5,44,1,,1,after_update,dense_units_2,3,128,128,1.75,0.109375,success
paper_conventional-main-ants20-iterations5-epochs5-seed-44,paper_conventional,paper_faithful,iteration_based_paper_interpretation,main,20,5,5,44,1,,1,after_update,dense_units_2,4,256,256,1.75,0.109375,success
paper_conventional-main-ants20-iterations5-epochs5-seed-44,paper_conventional,paper_faithful,iteration_based_paper_interpretation,main,20,5,5,44,1,,1,after_update,dense_units_2,5,512,512,1.75,0.109375,success
paper_conventional-main-ants20-iterations5-epochs5-seed-44,paper_conventional,paper_faithful,iteration_based_paper_interpretation,main,20,5,5,44,1,,1,after_update,dense_units_2,6,1024,1024,1.75,0.109375,success
paper_conventional-main-ants20-iterations5-epochs5-seed-44,paper_conventional,paper_faithful,iteration_based_paper_interpretation,main,20,5,5,44,1,,1,after_update,dense_units_2,7,2048,2048,1.75,0.109375,success
paper_conventional-main-ants20-iterations5-epochs5-seed-44,paper_conventional,paper_faithful,iteration_based_paper_interpretation,main,20,5,5,44,1,,1,after_update,dropout_1,0,0.1,0.1,0.75,0.046875,success
paper_conventional-main-ants20-iterations5-epochs5-seed-44,paper_conventional,paper_faithful,iteration_based_paper_interpretation,main,20,5,5,44,1,,1,after_update,dropout_1,1,0.2,0.2,3.25,0.203125,success
paper_conventional-main-ants20-iterations5-epochs5-seed-44,paper_conventional,paper_faithful,iteration_based_paper_interpretation,main,20,5,5,44,1,,1,after_update,dropout_1,2,0.3,0.3,1.75,0.109375,success
paper_conventional-main-ants20-iterations5-epochs5-seed-44,paper_conventional,paper_faithful,iteration_based_paper_interpretation,main,20,5,5,44,1,,1,after_update,dropout_1,3,0.4,0.4,2.25,0.140625,success
paper_conventional-main-ants20-iterations5-epochs5-seed-44,paper_conventional,paper_faithful,iteration_based_paper_interpretation,main,20,5,5,44,1,,1,after_update,dropout_1,4,0.5,0.5,1.25,0.078125,success
paper_conventional-main-ants20-iterations5-epochs5-seed-44,paper_conventional,paper_faithful,iteration_based_paper_interpretation,main,20,5,5,44,1,,1,after_update,dropout_1,5,0.6,0.6,2.25,0.140625,success
paper_conventional-main-ants20-iterations5-epochs5-seed-44,paper_conventional,paper_faithful,iteration_based_paper_interpretation,main,20,5,5,44,1,,1,after_update,dropout_1,6,0.7,0.7,2.25,0.140625,success
paper_conventional-main-ants20-iterations5-epochs5-seed-44,paper_conventional,paper_faithful,iteration_based_paper_interpretation,main,20,5,5,44,1,,1,after_update,dropout_1,7,0.8,0.8,2.25,0.140625,success
paper_conventional-main-ants20-iterations5-epochs5-seed-44,paper_conventional,paper_faithful,iteration_based_paper_interpretation,main,20,5,5,44,1,,1,after_update,dropout_2,0,0.1,0.1,2.25,0.140625,success
paper_conventional-main-ants20-iterations5-epochs5-seed-44,paper_conventional,paper_faithful,iteration_based_paper_interpretation,main,20,5,5,44,1,,1,after_update,dropout_2,1,0.2,0.2,3.25,0.203125,success
paper_conventional-main-ants20-iterations5-epochs5-seed-44,paper_conventional,paper_faithful,iteration_based_paper_interpretation,main,20,5,5,44,1,,1,after_update,dropout_2,2,0.3,0.3,1.75,0.109375,success
paper_conventional-main-ants20-iterations5-epochs5-seed-44,paper_conventional,paper_faithful,iteration_based_paper_interpretation,main,20,5,5,44,1,,1,after_update,dropout_2,3,0.4,0.4,2.25,0.140625,success
paper_conventional-main-ants20-iterations5-epochs5-seed-44,paper_conventional,paper_faithful,iteration_based_paper_interpretation,main,20,5,5,44,1,,1,after_update,dropout_2,4,0.5,0.5,2.75,0.171875,success
paper_conventional-main-ants20-iterations5-epochs5-seed-44,paper_conventional,paper_faithful,iteration_based_paper_interpretation,main,20,5,5,44,1,,1,after_update,dropout_2,5,0.6,0.6,1.25,0.078125,success
paper_conventional-main-ants20-iterations5-epochs5-seed-44,paper_conventional,paper_faithful,iteration_based_paper_interpretation,main,20,5,5,44,1,,1,after_update,dropout_2,6,0.7,0.7,0.75,0.046875,success
paper_conventional-main-ants20-iterations5-epochs5-seed-44,paper_conventional,paper_faithful,iteration_based_paper_interpretation,main,20,5,5,44,1,,1,after_update,dropout_2,7,0.8,0.8,1.75,0.109375,success
paper_conventional-main-ants20-iterations5-epochs5-seed-44,paper_conventional,paper_faithful,iteration_based_paper_interpretation,main,20,5,5,44,1,,1,after_update,batch_size,0,16,16,2.25,0.140625,success
paper_conventional-main-ants20-iterations5-epochs5-seed-44,paper_conventional,paper_faithful,iteration_based_paper_interpretation,main,20,5,5,44,1,,1,after_update,batch_size,1,32,32,2.75,0.171875,success
paper_conventional-main-ants20-iterations5-epochs5-seed-44,paper_conventional,paper_faithful,iteration_based_paper_interpretation,main,20,5,5,44,1,,1,after_update,batch_size,2,64,64,1.25,0.078125,success
paper_conventional-main-ants20-iterations5-epochs5-seed-44,paper_conventional,paper_faithful,iteration_based_paper_interpretation,main,20,5,5,44,1,,1,after_update,batch_size,3,128,128,2.75,0.171875,success
paper_conventional-main-ants20-iterations5-epochs5-seed-44,paper_conventional,paper_faithful,iteration_based_paper_interpretation,main,20,5,5,44,1,,1,after_update,batch_size,4,256,256,1.25,0.078125,success
paper_conventional-main-ants20-iterations5-epochs5-seed-44,paper_conventional,paper_faithful,iteration_based_paper_interpretation,main,20,5,5,44,1,,1,after_update,batch_size,5,512,512,1.75,0.109375,success
paper_conventional-main-ants20-iterations5-epochs5-seed-44,paper_conventional,paper_faithful,iteration_based_paper_interpretation,main,20,5,5,44,1,,1,after_update,batch_size,6,1024,1024,1.25,0.078125,success
paper_conventional-main-ants20-iterations5-epochs5-seed-44,paper_conventional,paper_faithful,iteration_based_paper_interpretation,main,20,5,5,44,1,,1,after_update,batch_size,7,2048,2048,2.75,0.171875,success
paper_conventional-main-ants20-iterations5-epochs5-seed-44,paper_conventional,paper_faithful,iteration_based_paper_interpretation,main,20,5,5,44,1,,1,after_update,activation,0,"""relu""","""relu""",1.25,0.078125,success
paper_conventional-main-ants20-iterations5-epochs5-seed-44,paper_conventional,paper_faithful,iteration_based_paper_interpretation,main,20,5,5,44,1,,1,after_update,activation,1,"""sigmoid""","""sigmoid""",1.75,0.109375,success
paper_conventional-main-ants20-iterations5-epochs5-seed-44,paper_conventional,paper_faithful,iteration_based_paper_interpretation,main,20,5,5,44,1,,1,after_update,activation,2,"""softplus""","""softplus""",1.75,0.109375,success
paper_conventional-main-ants20-iterations5-epochs5-seed-44,paper_conventional,paper_faithful,iteration_based_paper_interpretation,main,20,5,5,44,1,,1,after_update,activation,3,"""softsign""","""softsign""",1.25,0.078125,success
paper_conventional-main-ants20-iterations5-epochs5-seed-44,paper_conventional,paper_faithful,iteration_based_paper_interpretation,main,20,5,5,44,1,,1,after_update,activation,4,"""tanh""","""tanh""",1.25,0.078125,success
paper_conventional-main-ants20-iterations5-epochs5-seed-44,paper_conventional,paper_faithful,iteration_based_paper_interpretation,main,20,5,5,44,1,,1,after_update,activation,5,"""selu""","""selu""",2.75,0.171875,success
paper_conventional-main-ants20-iterations5-epochs5-seed-44,paper_conventional,paper_faithful,iteration_based_paper_interpretation,main,20,5,5,44,1,,1,after_update,activation,6,"""gelu""","""gelu""",3.75,0.234375,success
paper_conventional-main-ants20-iterations5-epochs5-seed-44,paper_conventional,paper_faithful,iteration_based_paper_interpretation,main,20,5,5,44,1,,1,after_update,activation,7,"""linear""","""linier""",2.25,0.140625,success
paper_conventional-main-ants20-iterations5-epochs5-seed-44,paper_conventional,paper_faithful,iteration_based_paper_interpretation,main,20,5,5,44,1,,1,after_update,optimizer,0,"""adam""","""adam""",2.75,0.171875,success
paper_conventional-main-ants20-iterations5-epochs5-seed-44,paper_conventional,paper_faithful,iteration_based_paper_interpretation,main,20,5,5,44,1,,1,after_update,optimizer,1,"""rmsprop""","""rmsprop""",1.75,0.109375,success
paper_conventional-main-ants20-iterations5-epochs5-seed-44,paper_conventional,paper_faithful,iteration_based_paper_interpretation,main,20,5,5,44,1,,1,after_update,optimizer,2,"""sgd""","""sgd""",2.25,0.140625,success
paper_conventional-main-ants20-iterations5-epochs5-seed-44,paper_conventional,paper_faithful,iteration_based_paper_interpretation,main,20,5,5,44,1,,1,after_update,optimizer,3,"""adadelta""","""adadelta""",2.25,0.140625,success
paper_conventional-main-ants20-iterations5-epochs5-seed-44,paper_conventional,paper_faithful,iteration_based_paper_interpretation,main,20,5,5,44,1,,1,after_update,optimizer,4,"""adagrad""","""adagrad""",2.25,0.140625,success
paper_conventional-main-ants20-iterations5-epochs5-seed-44,paper_conventional,paper_faithful,iteration_based_paper_interpretation,main,20,5,5,44,1,,1,after_update,optimizer,5,"""adamax""","""adamax""",1.75,0.109375,success
paper_conventional-main-ants20-iterations5-epochs5-seed-44,paper_conventional,paper_faithful,iteration_based_paper_interpretation,main,20,5,5,44,1,,1,after_update,optimizer,6,"""ftrl""","""ftrl""",1.25,0.078125,success
paper_conventional-main-ants20-iterations5-epochs5-seed-44,paper_conventional,paper_faithful,iteration_based_paper_interpretation,main,20,5,5,44,1,,1,after_update,optimizer,7,"""nadam""","""nadam""",1.75,0.109375,success
paper_conventional-main-ants20-iterations5-epochs5-seed-44,paper_conventional,paper_faithful,iteration_based_paper_interpretation,main,20,5,5,44,1,,1,after_update,loss,0,"""sparse_categorical_crossentropy""","""sparse_categorical_crossentropy""",2.25,0.140625,success
paper_conventional-main-ants20-iterations5-epochs5-seed-44,paper_conventional,paper_faithful,iteration_based_paper_interpretation,main,20,5,5,44,1,,1,after_update,loss,1,"""categorical_crossentropy""","""categorical_crossentropy""",1.25,0.078125,success
paper_conventional-main-ants20-iterations5-epochs5-seed-44,paper_conventional,paper_faithful,iteration_based_paper_interpretation,main,20,5,5,44,1,,1,after_update,loss,2,"""binary_crossentropy""","""binary_crossentropy""",1.75,0.109375,success
paper_conventional-main-ants20-iterations5-epochs5-seed-44,paper_conventional,paper_faithful,iteration_based_paper_interpretation,main,20,5,5,44,1,,1,after_update,loss,3,"""mean_absolute_error""","""mean_absolute_error""",0.75,0.046875,success
paper_conventional-main-ants20-iterations5-epochs5-seed-44,paper_conventional,paper_faithful,iteration_based_paper_interpretation,main,20,5,5,44,1,,1,after_update,loss,4,"""mean_squared_error""","""mean_squared_error""",2.25,0.140625,success
paper_conventional-main-ants20-iterations5-epochs5-seed-44,paper_conventional,paper_faithful,iteration_based_paper_interpretation,main,20,5,5,44,1,,1,after_update,loss,5,"""squared_hinge""","""squared_hinge""",1.75,0.109375,success
paper_conventional-main-ants20-iterations5-epochs5-seed-44,paper_conventional,paper_faithful,iteration_based_paper_interpretation,main,20,5,5,44,1,,1,after_update,loss,6,"""categorical_hinge""","""categorical_hinge""",3.75,0.234375,success
paper_conventional-main-ants20-iterations5-epochs5-seed-44,paper_conventional,paper_faithful,iteration_based_paper_interpretation,main,20,5,5,44,1,,1,after_update,loss,7,"""cosine_similarity""","""cosine_similarity""",2.25,0.140625,success
paper_conventional-main-ants20-iterations5-epochs5-seed-44,paper_conventional,paper_faithful,iteration_based_paper_interpretation,main,20,5,5,44,2,,2,before_sampling,dense_units_1,0,16,16,1.25,0.078125,success
paper_conventional-main-ants20-iterations5-epochs5-seed-44,paper_conventional,paper_faithful,iteration_based_paper_interpretation,main,20,5,5,44,2,,2,before_sampling,dense_units_1,1,32,32,1.75,0.109375,success
paper_conventional-main-ants20-iterations5-epochs5-seed-44,paper_conventional,paper_faithful,iteration_based_paper_interpretation,main,20,5,5,44,2,,2,before_sampling,dense_units_1,2,64,64,2.25,0.140625,success
paper_conventional-main-ants20-iterations5-epochs5-seed-44,paper_conventional,paper_faithful,iteration_based_paper_interpretation,main,20,5,5,44,2,,2,before_sampling,dense_units_1,3,128,128,1.75,0.109375,success
paper_conventional-main-ants20-iterations5-epochs5-seed-44,paper_conventional,paper_faithful,iteration_based_paper_interpretation,main,20,5,5,44,2,,2,before_sampling,dense_units_1,4,256,256,1.25,0.078125,success
paper_conventional-main-ants20-iterations5-epochs5-seed-44,paper_conventional,paper_faithful,iteration_based_paper_interpretation,main,20,5,5,44,2,,2,before_sampling,dense_units_1,5,512,512,2.75,0.171875,success
paper_conventional-main-ants20-iterations5-epochs5-seed-44,paper_conventional,paper_faithful,iteration_based_paper_interpretation,main,20,5,5,44,2,,2,before_sampling,dense_units_1,6,1024,1024,3.25,0.203125,success
paper_conventional-main-ants20-iterations5-epochs5-seed-44,paper_conventional,paper_faithful,iteration_based_paper_interpretation,main,20,5,5,44,2,,2,before_sampling,dense_units_1,7,2048,2048,1.75,0.109375,success
paper_conventional-main-ants20-iterations5-epochs5-seed-44,paper_conventional,paper_faithful,iteration_based_paper_interpretation,main,20,5,5,44,2,,2,before_sampling,dense_units_2,0,16,16,2.25,0.140625,success
paper_conventional-main-ants20-iterations5-epochs5-seed-44,paper_conventional,paper_faithful,iteration_based_paper_interpretation,main,20,5,5,44,2,,2,before_sampling,dense_units_2,1,32,32,1.25,0.078125,success
paper_conventional-main-ants20-iterations5-epochs5-seed-44,paper_conventional,paper_faithful,iteration_based_paper_interpretation,main,20,5,5,44,2,,2,before_sampling,dense_units_2,2,64,64,3.75,0.234375,success
paper_conventional-main-ants20-iterations5-epochs5-seed-44,paper_conventional,paper_faithful,iteration_based_paper_interpretation,main,20,5,5,44,2,,2,before_sampling,dense_units_2,3,128,128,1.75,0.109375,success
paper_conventional-main-ants20-iterations5-epochs5-seed-44,paper_conventional,paper_faithful,iteration_based_paper_interpretation,main,20,5,5,44,2,,2,before_sampling,dense_units_2,4,256,256,1.75,0.109375,success
paper_conventional-main-ants20-iterations5-epochs5-seed-44,paper_conventional,paper_faithful,iteration_based_paper_interpretation,main,20,5,5,44,2,,2,before_sampling,dense_units_2,5,512,512,1.75,0.109375,success
paper_conventional-main-ants20-iterations5-epochs5-seed-44,paper_conventional,paper_faithful,iteration_based_paper_interpretation,main,20,5,5,44,2,,2,before_sampling,dense_units_2,6,1024,1024,1.75,0.109375,success
paper_conventional-main-ants20-iterations5-epochs5-seed-44,paper_conventional,paper_faithful,iteration_based_paper_interpretation,main,20,5,5,44,2,,2,before_sampling,dense_units_2,7,2048,2048,1.75,0.109375,success
paper_conventional-main-ants20-iterations5-epochs5-seed-44,paper_conventional,paper_faithful,iteration_based_paper_interpretation,main,20,5,5,44,2,,2,before_sampling,dropout_1,0,0.1,0.1,0.75,0.046875,success
paper_conventional-main-ants20-iterations5-epochs5-seed-44,paper_conventional,paper_faithful,iteration_based_paper_interpretation,main,20,5,5,44,2,,2,before_sampling,dropout_1,1,0.2,0.2,3.25,0.203125,success
paper_conventional-main-ants20-iterations5-epochs5-seed-44,paper_conventional,paper_faithful,iteration_based_paper_interpretation,main,20,5,5,44,2,,2,before_sampling,dropout_1,2,0.3,0.3,1.75,0.109375,success
paper_conventional-main-ants20-iterations5-epochs5-seed-44,paper_conventional,paper_faithful,iteration_based_paper_interpretation,main,20,5,5,44,2,,2,before_sampling,dropout_1,3,0.4,0.4,2.25,0.140625,success
paper_conventional-main-ants20-iterations5-epochs5-seed-44,paper_conventional,paper_faithful,iteration_based_paper_interpretation,main,20,5,5,44,2,,2,before_sampling,dropout_1,4,0.5,0.5,1.25,0.078125,success
paper_conventional-main-ants20-iterations5-epochs5-seed-44,paper_conventional,paper_faithful,iteration_based_paper_interpretation,main,20,5,5,44,2,,2,before_sampling,dropout_1,5,0.6,0.6,2.25,0.140625,success
paper_conventional-main-ants20-iterations5-epochs5-seed-44,paper_conventional,paper_faithful,iteration_based_paper_interpretation,main,20,5,5,44,2,,2,before_sampling,dropout_1,6,0.7,0.7,2.25,0.140625,success
paper_conventional-main-ants20-iterations5-epochs5-seed-44,paper_conventional,paper_faithful,iteration_based_paper_interpretation,main,20,5,5,44,2,,2,before_sampling,dropout_1,7,0.8,0.8,2.25,0.140625,success
paper_conventional-main-ants20-iterations5-epochs5-seed-44,paper_conventional,paper_faithful,iteration_based_paper_interpretation,main,20,5,5,44,2,,2,before_sampling,dropout_2,0,0.1,0.1,2.25,0.140625,success
paper_conventional-main-ants20-iterations5-epochs5-seed-44,paper_conventional,paper_faithful,iteration_based_paper_interpretation,main,20,5,5,44,2,,2,before_sampling,dropout_2,1,0.2,0.2,3.25,0.203125,success
paper_conventional-main-ants20-iterations5-epochs5-seed-44,paper_conventional,paper_faithful,iteration_based_paper_interpretation,main,20,5,5,44,2,,2,before_sampling,dropout_2,2,0.3,0.3,1.75,0.109375,success
paper_conventional-main-ants20-iterations5-epochs5-seed-44,paper_conventional,paper_faithful,iteration_based_paper_interpretation,main,20,5,5,44,2,,2,before_sampling,dropout_2,3,0.4,0.4,2.25,0.140625,success
paper_conventional-main-ants20-iterations5-epochs5-seed-44,paper_conventional,paper_faithful,iteration_based_paper_interpretation,main,20,5,5,44,2,,2,before_sampling,dropout_2,4,0.5,0.5,2.75,0.171875,success
paper_conventional-main-ants20-iterations5-epochs5-seed-44,paper_conventional,paper_faithful,iteration_based_paper_interpretation,main,20,5,5,44,2,,2,before_sampling,dropout_2,5,0.6,0.6,1.25,0.078125,success
paper_conventional-main-ants20-iterations5-epochs5-seed-44,paper_conventional,paper_faithful,iteration_based_paper_interpretation,main,20,5,5,44,2,,2,before_sampling,dropout_2,6,0.7,0.7,0.75,0.046875,success
paper_conventional-main-ants20-iterations5-epochs5-seed-44,paper_conventional,paper_faithful,iteration_based_paper_interpretation,main,20,5,5,44,2,,2,before_sampling,dropout_2,7,0.8,0.8,1.75,0.109375,success
paper_conventional-main-ants20-iterations5-epochs5-seed-44,paper_conventional,paper_faithful,iteration_based_paper_interpretation,main,20,5,5,44,2,,2,before_sampling,batch_size,0,16,16,2.25,0.140625,success
paper_conventional-main-ants20-iterations5-epochs5-seed-44,paper_conventional,paper_faithful,iteration_based_paper_interpretation,main,20,5,5,44,2,,2,before_sampling,batch_size,1,32,32,2.75,0.171875,success
paper_conventional-main-ants20-iterations5-epochs5-seed-44,paper_conventional,paper_faithful,iteration_based_paper_interpretation,main,20,5,5,44,2,,2,before_sampling,batch_size,2,64,64,1.25,0.078125,success
paper_conventional-main-ants20-iterations5-epochs5-seed-44,paper_conventional,paper_faithful,iteration_based_paper_interpretation,main,20,5,5,44,2,,2,before_sampling,batch_size,3,128,128,2.75,0.171875,success
paper_conventional-main-ants20-iterations5-epochs5-seed-44,paper_conventional,paper_faithful,iteration_based_paper_interpretation,main,20,5,5,44,2,,2,before_sampling,batch_size,4,256,256,1.25,0.078125,success
paper_conventional-main-ants20-iterations5-epochs5-seed-44,paper_conventional,paper_faithful,iteration_based_paper_interpretation,main,20,5,5,44,2,,2,before_sampling,batch_size,5,512,512,1.75,0.109375,success
paper_conventional-main-ants20-iterations5-epochs5-seed-44,paper_conventional,paper_faithful,iteration_based_paper_interpretation,main,20,5,5,44,2,,2,before_sampling,batch_size,6,1024,1024,1.25,0.078125,success
paper_conventional-main-ants20-iterations5-epochs5-seed-44,paper_conventional,paper_faithful,iteration_based_paper_interpretation,main,20,5,5,44,2,,2,before_sampling,batch_size,7,2048,2048,2.75,0.171875,success
paper_conventional-main-ants20-iterations5-epochs5-seed-44,paper_conventional,paper_faithful,iteration_based_paper_interpretation,main,20,5,5,44,2,,2,before_sampling,activation,0,"""relu""","""relu""",1.25,0.078125,success
paper_conventional-main-ants20-iterations5-epochs5-seed-44,paper_conventional,paper_faithful,iteration_based_paper_interpretation,main,20,5,5,44,2,,2,before_sampling,activation,1,"""sigmoid""","""sigmoid""",1.75,0.109375,success
paper_conventional-main-ants20-iterations5-epochs5-seed-44,paper_conventional,paper_faithful,iteration_based_paper_interpretation,main,20,5,5,44,2,,2,before_sampling,activation,2,"""softplus""","""softplus""",1.75,0.109375,success
paper_conventional-main-ants20-iterations5-epochs5-seed-44,paper_conventional,paper_faithful,iteration_based_paper_interpretation,main,20,5,5,44,2,,2,before_sampling,activation,3,"""softsign""","""softsign""",1.25,0.078125,success
paper_conventional-main-ants20-iterations5-epochs5-seed-44,paper_conventional,paper_faithful,iteration_based_paper_interpretation,main,20,5,5,44,2,,2,before_sampling,activation,4,"""tanh""","""tanh""",1.25,0.078125,success
paper_conventional-main-ants20-iterations5-epochs5-seed-44,paper_conventional,paper_faithful,iteration_based_paper_interpretation,main,20,5,5,44,2,,2,before_sampling,activation,5,"""selu""","""selu""",2.75,0.171875,success
paper_conventional-main-ants20-iterations5-epochs5-seed-44,paper_conventional,paper_faithful,iteration_based_paper_interpretation,main,20,5,5,44,2,,2,before_sampling,activation,6,"""gelu""","""gelu""",3.75,0.234375,success
paper_conventional-main-ants20-iterations5-epochs5-seed-44,paper_conventional,paper_faithful,iteration_based_paper_interpretation,main,20,5,5,44,2,,2,before_sampling,activation,7,"""linear""","""linier""",2.25,0.140625,success
paper_conventional-main-ants20-iterations5-epochs5-seed-44,paper_conventional,paper_faithful,iteration_based_paper_interpretation,main,20,5,5,44,2,,2,before_sampling,optimizer,0,"""adam""","""adam""",2.75,0.171875,success
paper_conventional-main-ants20-iterations5-epochs5-seed-44,paper_conventional,paper_faithful,iteration_based_paper_interpretation,main,20,5,5,44,2,,2,before_sampling,optimizer,1,"""rmsprop""","""rmsprop""",1.75,0.109375,success
paper_conventional-main-ants20-iterations5-epochs5-seed-44,paper_conventional,paper_faithful,iteration_based_paper_interpretation,main,20,5,5,44,2,,2,before_sampling,optimizer,2,"""sgd""","""sgd""",2.25,0.140625,success
paper_conventional-main-ants20-iterations5-epochs5-seed-44,paper_conventional,paper_faithful,iteration_based_paper_interpretation,main,20,5,5,44,2,,2,before_sampling,optimizer,3,"""adadelta""","""adadelta""",2.25,0.140625,success
paper_conventional-main-ants20-iterations5-epochs5-seed-44,paper_conventional,paper_faithful,iteration_based_paper_interpretation,main,20,5,5,44,2,,2,before_sampling,optimizer,4,"""adagrad""","""adagrad""",2.25,0.140625,success
paper_conventional-main-ants20-iterations5-epochs5-seed-44,paper_conventional,paper_faithful,iteration_based_paper_interpretation,main,20,5,5,44,2,,2,before_sampling,optimizer,5,"""adamax""","""adamax""",1.75,0.109375,success
paper_conventional-main-ants20-iterations5-epochs5-seed-44,paper_conventional,paper_faithful,iteration_based_paper_interpretation,main,20,5,5,44,2,,2,before_sampling,optimizer,6,"""ftrl""","""ftrl""",1.25,0.078125,success
paper_conventional-main-ants20-iterations5-epochs5-seed-44,paper_conventional,paper_faithful,iteration_based_paper_interpretation,main,20,5,5,44,2,,2,before_sampling,optimizer,7,"""nadam""","""nadam""",1.75,0.109375,success
paper_conventional-main-ants20-iterations5-epochs5-seed-44,paper_conventional,paper_faithful,iteration_based_paper_interpretation,main,20,5,5,44,2,,2,before_sampling,loss,0,"""sparse_categorical_crossentropy""","""sparse_categorical_crossentropy""",2.25,0.140625,success
paper_conventional-main-ants20-iterations5-epochs5-seed-44,paper_conventional,paper_faithful,iteration_based_paper_interpretation,main,20,5,5,44,2,,2,before_sampling,loss,1,"""categorical_crossentropy""","""categorical_crossentropy""",1.25,0.078125,success
paper_conventional-main-ants20-iterations5-epochs5-seed-44,paper_conventional,paper_faithful,iteration_based_paper_interpretation,main,20,5,5,44,2,,2,before_sampling,loss,2,"""binary_crossentropy""","""binary_crossentropy""",1.75,0.109375,success
paper_conventional-main-ants20-iterations5-epochs5-seed-44,paper_conventional,paper_faithful,iteration_based_paper_interpretation,main,20,5,5,44,2,,2,before_sampling,loss,3,"""mean_absolute_error""","""mean_absolute_error""",0.75,0.046875,success
paper_conventional-main-ants20-iterations5-epochs5-seed-44,paper_conventional,paper_faithful,iteration_based_paper_interpretation,main,20,5,5,44,2,,2,before_sampling,loss,4,"""mean_squared_error""","""mean_squared_error""",2.25,0.140625,success
paper_conventional-main-ants20-iterations5-epochs5-seed-44,paper_conventional,paper_faithful,iteration_based_paper_interpretation,main,20,5,5,44,2,,2,before_sampling,loss,5,"""squared_hinge""","""squared_hinge""",1.75,0.109375,success
paper_conventional-main-ants20-iterations5-epochs5-seed-44,paper_conventional,paper_faithful,iteration_based_paper_interpretation,main,20,5,5,44,2,,2,before_sampling,loss,6,"""categorical_hinge""","""categorical_hinge""",3.75,0.234375,success
paper_conventional-main-ants20-iterations5-epochs5-seed-44,paper_conventional,paper_faithful,iteration_based_paper_interpretation,main,20,5,5,44,2,,2,before_sampling,loss,7,"""cosine_similarity""","""cosine_similarity""",2.25,0.140625,success
paper_conventional-main-ants20-iterations5-epochs5-seed-44,paper_conventional,paper_faithful,iteration_based_paper_interpretation,main,20,5,5,44,2,,3,after_update,dense_units_1,0,16,16,1.9375,0.08806818181818182,success
paper_conventional-main-ants20-iterations5-epochs5-seed-44,paper_conventional,paper_faithful,iteration_based_paper_interpretation,main,20,5,5,44,2,,3,after_update,dense_units_1,1,32,32,2.8125,0.1278409090909091,success
paper_conventional-main-ants20-iterations5-epochs5-seed-44,paper_conventional,paper_faithful,iteration_based_paper_interpretation,main,20,5,5,44,2,,3,after_update,dense_units_1,2,64,64,3.1875,0.14488636363636365,success
paper_conventional-main-ants20-iterations5-epochs5-seed-44,paper_conventional,paper_faithful,iteration_based_paper_interpretation,main,20,5,5,44,2,,3,after_update,dense_units_1,3,128,128,1.8125,0.08238636363636363,success
paper_conventional-main-ants20-iterations5-epochs5-seed-44,paper_conventional,paper_faithful,iteration_based_paper_interpretation,main,20,5,5,44,2,,3,after_update,dense_units_1,4,256,256,1.4375,0.06534090909090909,success
paper_conventional-main-ants20-iterations5-epochs5-seed-44,paper_conventional,paper_faithful,iteration_based_paper_interpretation,main,20,5,5,44,2,,3,after_update,dense_units_1,5,512,512,3.0625,0.13920454545454544,success
paper_conventional-main-ants20-iterations5-epochs5-seed-44,paper_conventional,paper_faithful,iteration_based_paper_interpretation,main,20,5,5,44,2,,3,after_update,dense_units_1,6,1024,1024,5.4375,0.2471590909090909,success
paper_conventional-main-ants20-iterations5-epochs5-seed-44,paper_conventional,paper_faithful,iteration_based_paper_interpretation,main,20,5,5,44,2,,3,after_update,dense_units_1,7,2048,2048,2.3125,0.10511363636363637,success
paper_conventional-main-ants20-iterations5-epochs5-seed-44,paper_conventional,paper_faithful,iteration_based_paper_interpretation,main,20,5,5,44,2,,3,after_update,dense_units_2,0,16,16,2.1875,0.09943181818181818,success
paper_conventional-main-ants20-iterations5-epochs5-seed-44,paper_conventional,paper_faithful,iteration_based_paper_interpretation,main,20,5,5,44,2,,3,after_update,dense_units_2,1,32,32,1.9375,0.08806818181818182,success
paper_conventional-main-ants20-iterations5-epochs5-seed-44,paper_conventional,paper_faithful,iteration_based_paper_interpretation,main,20,5,5,44,2,,3,after_update,dense_units_2,2,64,64,6.3125,0.2869318181818182,success
paper_conventional-main-ants20-iterations5-epochs5-seed-44,paper_conventional,paper_faithful,iteration_based_paper_interpretation,main,20,5,5,44,2,,3,after_update,dense_units_2,3,128,128,1.8125,0.08238636363636363,success
paper_conventional-main-ants20-iterations5-epochs5-seed-44,paper_conventional,paper_faithful,iteration_based_paper_interpretation,main,20,5,5,44,2,,3,after_update,dense_units_2,4,256,256,2.8125,0.1278409090909091,success
paper_conventional-main-ants20-iterations5-epochs5-seed-44,paper_conventional,paper_faithful,iteration_based_paper_interpretation,main,20,5,5,44,2,,3,after_update,dense_units_2,5,512,512,2.3125,0.10511363636363637,success
paper_conventional-main-ants20-iterations5-epochs5-seed-44,paper_conventional,paper_faithful,iteration_based_paper_interpretation,main,20,5,5,44,2,,3,after_update,dense_units_2,6,1024,1024,2.8125,0.1278409090909091,success
paper_conventional-main-ants20-iterations5-epochs5-seed-44,paper_conventional,paper_faithful,iteration_based_paper_interpretation,main,20,5,5,44,2,,3,after_update,dense_units_2,7,2048,2048,1.8125,0.08238636363636363,success
paper_conventional-main-ants20-iterations5-epochs5-seed-44,paper_conventional,paper_faithful,iteration_based_paper_interpretation,main,20,5,5,44,2,,3,after_update,dropout_1,0,0.1,0.1,1.5625,0.07102272727272728,success
paper_conventional-main-ants20-iterations5-epochs5-seed-44,paper_conventional,paper_faithful,iteration_based_paper_interpretation,main,20,5,5,44,2,,3,after_update,dropout_1,1,0.2,0.2,5.4375,0.2471590909090909,success
paper_conventional-main-ants20-iterations5-epochs5-seed-44,paper_conventional,paper_faithful,iteration_based_paper_interpretation,main,20,5,5,44,2,,3,after_update,dropout_1,2,0.3,0.3,2.8125,0.1278409090909091,success
paper_conventional-main-ants20-iterations5-epochs5-seed-44,paper_conventional,paper_faithful,iteration_based_paper_interpretation,main,20,5,5,44,2,,3,after_update,dropout_1,3,0.4,0.4,3.1875,0.14488636363636365,success
paper_conventional-main-ants20-iterations5-epochs5-seed-44,paper_conventional,paper_faithful,iteration_based_paper_interpretation,main,20,5,5,44,2,,3,after_update,dropout_1,4,0.5,0.5,1.4375,0.06534090909090909,success
paper_conventional-main-ants20-iterations5-epochs5-seed-44,paper_conventional,paper_faithful,iteration_based_paper_interpretation,main,20,5,5,44,2,,3,after_update,dropout_1,5,0.6,0.6,2.1875,0.09943181818181818,success
paper_conventional-main-ants20-iterations5-epochs5-seed-44,paper_conventional,paper_faithful,iteration_based_paper_interpretation,main,20,5,5,44,2,,3,after_update,dropout_1,6,0.7,0.7,3.6875,0.16761363636363635,success
paper_conventional-main-ants20-iterations5-epochs5-seed-44,paper_conventional,paper_faithful,iteration_based_paper_interpretation,main,20,5,5,44,2,,3,after_update,dropout_1,7,0.8,0.8,1.6875,0.07670454545454546,success
paper_conventional-main-ants20-iterations5-epochs5-seed-44,paper_conventional,paper_faithful,iteration_based_paper_interpretation,main,20,5,5,44,2,,3,after_update,dropout_2,0,0.1,0.1,3.6875,0.16761363636363635,success
paper_conventional-main-ants20-iterations5-epochs5-seed-44,paper_conventional,paper_faithful,iteration_based_paper_interpretation,main,20,5,5,44,2,,3,after_update,dropout_2,1,0.2,0.2,3.9375,0.17897727272727273,success
paper_conventional-main-ants20-iterations5-epochs5-seed-44,paper_conventional,paper_faithful,iteration_based_paper_interpretation,main,20,5,5,44,2,,3,after_update,dropout_2,2,0.3,0.3,2.8125,0.1278409090909091,success
paper_conventional-main-ants20-iterations5-epochs5-seed-44,paper_conventional,paper_faithful,iteration_based_paper_interpretation,main,20,5,5,44,2,,3,after_update,dropout_2,3,0.4,0.4,3.1875,0.14488636363636365,success
paper_conventional-main-ants20-iterations5-epochs5-seed-44,paper_conventional,paper_faithful,iteration_based_paper_interpretation,main,20,5,5,44,2,,3,after_update,dropout_2,4,0.5,0.5,4.0625,0.1846590909090909,success
paper_conventional-main-ants20-iterations5-epochs5-seed-44,paper_conventional,paper_faithful,iteration_based_paper_interpretation,main,20,5,5,44,2,,3,after_update,dropout_2,5,0.6,0.6,1.9375,0.08806818181818182,success
paper_conventional-main-ants20-iterations5-epochs5-seed-44,paper_conventional,paper_faithful,iteration_based_paper_interpretation,main,20,5,5,44,2,,3,after_update,dropout_2,6,0.7,0.7,0.5625,0.02556818181818182,success
paper_conventional-main-ants20-iterations5-epochs5-seed-44,paper_conventional,paper_faithful,iteration_based_paper_interpretation,main,20,5,5,44,2,,3,after_update,dropout_2,7,0.8,0.8,1.8125,0.08238636363636363,success
paper_conventional-main-ants20-iterations5-epochs5-seed-44,paper_conventional,paper_faithful,iteration_based_paper_interpretation,main,20,5,5,44,2,,3,after_update,batch_size,0,16,16,3.1875,0.14488636363636365,success
paper_conventional-main-ants20-iterations5-epochs5-seed-44,paper_conventional,paper_faithful,iteration_based_paper_interpretation,main,20,5,5,44,2,,3,after_update,batch_size,1,32,32,4.0625,0.1846590909090909,success
paper_conventional-main-ants20-iterations5-epochs5-seed-44,paper_conventional,paper_faithful,iteration_based_paper_interpretation,main,20,5,5,44,2,,3,after_update,batch_size,2,64,64,2.4375,0.11079545454545454,success
paper_conventional-main-ants20-iterations5-epochs5-seed-44,paper_conventional,paper_faithful,iteration_based_paper_interpretation,main,20,5,5,44,2,,3,after_update,batch_size,3,128,128,3.5625,0.16193181818181818,success
paper_conventional-main-ants20-iterations5-epochs5-seed-44,paper_conventional,paper_faithful,iteration_based_paper_interpretation,main,20,5,5,44,2,,3,after_update,batch_size,4,256,256,0.9375,0.04261363636363636,success
paper_conventional-main-ants20-iterations5-epochs5-seed-44,paper_conventional,paper_faithful,iteration_based_paper_interpretation,main,20,5,5,44,2,,3,after_update,batch_size,5,512,512,1.3125,0.05965909090909091,success
paper_conventional-main-ants20-iterations5-epochs5-seed-44,paper_conventional,paper_faithful,iteration_based_paper_interpretation,main,20,5,5,44,2,,3,after_update,batch_size,6,1024,1024,2.4375,0.11079545454545454,success
paper_conventional-main-ants20-iterations5-epochs5-seed-44,paper_conventional,paper_faithful,iteration_based_paper_interpretation,main,20,5,5,44,2,,3,after_update,batch_size,7,2048,2048,4.0625,0.1846590909090909,success
paper_conventional-main-ants20-iterations5-epochs5-seed-44,paper_conventional,paper_faithful,iteration_based_paper_interpretation,main,20,5,5,44,2,,3,after_update,activation,0,"""relu""","""relu""",1.4375,0.06534090909090909,success
paper_conventional-main-ants20-iterations5-epochs5-seed-44,paper_conventional,paper_faithful,iteration_based_paper_interpretation,main,20,5,5,44,2,,3,after_update,activation,1,"""sigmoid""","""sigmoid""",2.8125,0.1278409090909091,success
paper_conventional-main-ants20-iterations5-epochs5-seed-44,paper_conventional,paper_faithful,iteration_based_paper_interpretation,main,20,5,5,44,2,,3,after_update,activation,2,"""softplus""","""softplus""",2.3125,0.10511363636363637,success
paper_conventional-main-ants20-iterations5-epochs5-seed-44,paper_conventional,paper_faithful,iteration_based_paper_interpretation,main,20,5,5,44,2,,3,after_update,activation,3,"""softsign""","""softsign""",2.4375,0.11079545454545454,success
paper_conventional-main-ants20-iterations5-epochs5-seed-44,paper_conventional,paper_faithful,iteration_based_paper_interpretation,main,20,5,5,44,2,,3,after_update,activation,4,"""tanh""","""tanh""",1.4375,0.06534090909090909,success
paper_conventional-main-ants20-iterations5-epochs5-seed-44,paper_conventional,paper_faithful,iteration_based_paper_interpretation,main,20,5,5,44,2,,3,after_update,activation,5,"""selu""","""selu""",3.0625,0.13920454545454544,success
paper_conventional-main-ants20-iterations5-epochs5-seed-44,paper_conventional,paper_faithful,iteration_based_paper_interpretation,main,20,5,5,44,2,,3,after_update,activation,6,"""gelu""","""gelu""",6.3125,0.2869318181818182,success
paper_conventional-main-ants20-iterations5-epochs5-seed-44,paper_conventional,paper_faithful,iteration_based_paper_interpretation,main,20,5,5,44,2,,3,after_update,activation,7,"""linear""","""linier""",2.1875,0.09943181818181818,success
paper_conventional-main-ants20-iterations5-epochs5-seed-44,paper_conventional,paper_faithful,iteration_based_paper_interpretation,main,20,5,5,44,2,,3,after_update,optimizer,0,"""adam""","""adam""",4.5625,0.20738636363636365,success
paper_conventional-main-ants20-iterations5-epochs5-seed-44,paper_conventional,paper_faithful,iteration_based_paper_interpretation,main,20,5,5,44,2,,3,after_update,optimizer,1,"""rmsprop""","""rmsprop""",2.3125,0.10511363636363637,success
paper_conventional-main-ants20-iterations5-epochs5-seed-44,paper_conventional,paper_faithful,iteration_based_paper_interpretation,main,20,5,5,44,2,,3,after_update,optimizer,2,"""sgd""","""sgd""",2.6875,0.12215909090909091,success
paper_conventional-main-ants20-iterations5-epochs5-seed-44,paper_conventional,paper_faithful,iteration_based_paper_interpretation,main,20,5,5,44,2,,3,after_update,optimizer,3,"""adadelta""","""adadelta""",2.6875,0.12215909090909091,success
paper_conventional-main-ants20-iterations5-epochs5-seed-44,paper_conventional,paper_faithful,iteration_based_paper_interpretation,main,20,5,5,44,2,,3,after_update,optimizer,4,"""adagrad""","""adagrad""",3.6875,0.16761363636363635,success
paper_conventional-main-ants20-iterations5-epochs5-seed-44,paper_conventional,paper_faithful,iteration_based_paper_interpretation,main,20,5,5,44,2,,3,after_update,optimizer,5,"""adamax""","""adamax""",2.8125,0.1278409090909091,success
paper_conventional-main-ants20-iterations5-epochs5-seed-44,paper_conventional,paper_faithful,iteration_based_paper_interpretation,main,20,5,5,44,2,,3,after_update,optimizer,6,"""ftrl""","""ftrl""",1.9375,0.08806818181818182,success
paper_conventional-main-ants20-iterations5-epochs5-seed-44,paper_conventional,paper_faithful,iteration_based_paper_interpretation,main,20,5,5,44,2,,3,after_update,optimizer,7,"""nadam""","""nadam""",1.3125,0.05965909090909091,success
paper_conventional-main-ants20-iterations5-epochs5-seed-44,paper_conventional,paper_faithful,iteration_based_paper_interpretation,main,20,5,5,44,2,,3,after_update,loss,0,"""sparse_categorical_crossentropy""","""sparse_categorical_crossentropy""",3.6875,0.16761363636363635,success
paper_conventional-main-ants20-iterations5-epochs5-seed-44,paper_conventional,paper_faithful,iteration_based_paper_interpretation,main,20,5,5,44,2,,3,after_update,loss,1,"""categorical_crossentropy""","""categorical_crossentropy""",1.4375,0.06534090909090909,success
paper_conventional-main-ants20-iterations5-epochs5-seed-44,paper_conventional,paper_faithful,iteration_based_paper_interpretation,main,20,5,5,44,2,,3,after_update,loss,2,"""binary_crossentropy""","""binary_crossentropy""",2.8125,0.1278409090909091,success
paper_conventional-main-ants20-iterations5-epochs5-seed-44,paper_conventional,paper_faithful,iteration_based_paper_interpretation,main,20,5,5,44,2,,3,after_update,loss,3,"""mean_absolute_error""","""mean_absolute_error""",1.5625,0.07102272727272728,success
paper_conventional-main-ants20-iterations5-epochs5-seed-44,paper_conventional,paper_faithful,iteration_based_paper_interpretation,main,20,5,5,44,2,,3,after_update,loss,4,"""mean_squared_error""","""mean_squared_error""",2.6875,0.12215909090909091,success
paper_conventional-main-ants20-iterations5-epochs5-seed-44,paper_conventional,paper_faithful,iteration_based_paper_interpretation,main,20,5,5,44,2,,3,after_update,loss,5,"""squared_hinge""","""squared_hinge""",2.3125,0.10511363636363637,success
paper_conventional-main-ants20-iterations5-epochs5-seed-44,paper_conventional,paper_faithful,iteration_based_paper_interpretation,main,20,5,5,44,2,,3,after_update,loss,6,"""categorical_hinge""","""categorical_hinge""",5.3125,0.24147727272727273,success
paper_conventional-main-ants20-iterations5-epochs5-seed-44,paper_conventional,paper_faithful,iteration_based_paper_interpretation,main,20,5,5,44,2,,3,after_update,loss,7,"""cosine_similarity""","""cosine_similarity""",2.1875,0.09943181818181818,success
paper_conventional-main-ants20-iterations5-epochs5-seed-44,paper_conventional,paper_faithful,iteration_based_paper_interpretation,main,20,5,5,44,3,,4,before_sampling,dense_units_1,0,16,16,1.9375,0.08806818181818182,success
paper_conventional-main-ants20-iterations5-epochs5-seed-44,paper_conventional,paper_faithful,iteration_based_paper_interpretation,main,20,5,5,44,3,,4,before_sampling,dense_units_1,1,32,32,2.8125,0.1278409090909091,success
paper_conventional-main-ants20-iterations5-epochs5-seed-44,paper_conventional,paper_faithful,iteration_based_paper_interpretation,main,20,5,5,44,3,,4,before_sampling,dense_units_1,2,64,64,3.1875,0.14488636363636365,success
paper_conventional-main-ants20-iterations5-epochs5-seed-44,paper_conventional,paper_faithful,iteration_based_paper_interpretation,main,20,5,5,44,3,,4,before_sampling,dense_units_1,3,128,128,1.8125,0.08238636363636363,success
paper_conventional-main-ants20-iterations5-epochs5-seed-44,paper_conventional,paper_faithful,iteration_based_paper_interpretation,main,20,5,5,44,3,,4,before_sampling,dense_units_1,4,256,256,1.4375,0.06534090909090909,success
paper_conventional-main-ants20-iterations5-epochs5-seed-44,paper_conventional,paper_faithful,iteration_based_paper_interpretation,main,20,5,5,44,3,,4,before_sampling,dense_units_1,5,512,512,3.0625,0.13920454545454544,success
paper_conventional-main-ants20-iterations5-epochs5-seed-44,paper_conventional,paper_faithful,iteration_based_paper_interpretation,main,20,5,5,44,3,,4,before_sampling,dense_units_1,6,1024,1024,5.4375,0.2471590909090909,success
paper_conventional-main-ants20-iterations5-epochs5-seed-44,paper_conventional,paper_faithful,iteration_based_paper_interpretation,main,20,5,5,44,3,,4,before_sampling,dense_units_1,7,2048,2048,2.3125,0.10511363636363637,success
paper_conventional-main-ants20-iterations5-epochs5-seed-44,paper_conventional,paper_faithful,iteration_based_paper_interpretation,main,20,5,5,44,3,,4,before_sampling,dense_units_2,0,16,16,2.1875,0.09943181818181818,success
paper_conventional-main-ants20-iterations5-epochs5-seed-44,paper_conventional,paper_faithful,iteration_based_paper_interpretation,main,20,5,5,44,3,,4,before_sampling,dense_units_2,1,32,32,1.9375,0.08806818181818182,success
paper_conventional-main-ants20-iterations5-epochs5-seed-44,paper_conventional,paper_faithful,iteration_based_paper_interpretation,main,20,5,5,44,3,,4,before_sampling,dense_units_2,2,64,64,6.3125,0.2869318181818182,success
paper_conventional-main-ants20-iterations5-epochs5-seed-44,paper_conventional,paper_faithful,iteration_based_paper_interpretation,main,20,5,5,44,3,,4,before_sampling,dense_units_2,3,128,128,1.8125,0.08238636363636363,success
paper_conventional-main-ants20-iterations5-epochs5-seed-44,paper_conventional,paper_faithful,iteration_based_paper_interpretation,main,20,5,5,44,3,,4,before_sampling,dense_units_2,4,256,256,2.8125,0.1278409090909091,success
paper_conventional-main-ants20-iterations5-epochs5-seed-44,paper_conventional,paper_faithful,iteration_based_paper_interpretation,main,20,5,5,44,3,,4,before_sampling,dense_units_2,5,512,512,2.3125,0.10511363636363637,success
paper_conventional-main-ants20-iterations5-epochs5-seed-44,paper_conventional,paper_faithful,iteration_based_paper_interpretation,main,20,5,5,44,3,,4,before_sampling,dense_units_2,6,1024,1024,2.8125,0.1278409090909091,success
paper_conventional-main-ants20-iterations5-epochs5-seed-44,paper_conventional,paper_faithful,iteration_based_paper_interpretation,main,20,5,5,44,3,,4,before_sampling,dense_units_2,7,2048,2048,1.8125,0.08238636363636363,success
paper_conventional-main-ants20-iterations5-epochs5-seed-44,paper_conventional,paper_faithful,iteration_based_paper_interpretation,main,20,5,5,44,3,,4,before_sampling,dropout_1,0,0.1,0.1,1.5625,0.07102272727272728,success
paper_conventional-main-ants20-iterations5-epochs5-seed-44,paper_conventional,paper_faithful,iteration_based_paper_interpretation,main,20,5,5,44,3,,4,before_sampling,dropout_1,1,0.2,0.2,5.4375,0.2471590909090909,success
paper_conventional-main-ants20-iterations5-epochs5-seed-44,paper_conventional,paper_faithful,iteration_based_paper_interpretation,main,20,5,5,44,3,,4,before_sampling,dropout_1,2,0.3,0.3,2.8125,0.1278409090909091,success
paper_conventional-main-ants20-iterations5-epochs5-seed-44,paper_conventional,paper_faithful,iteration_based_paper_interpretation,main,20,5,5,44,3,,4,before_sampling,dropout_1,3,0.4,0.4,3.1875,0.14488636363636365,success
paper_conventional-main-ants20-iterations5-epochs5-seed-44,paper_conventional,paper_faithful,iteration_based_paper_interpretation,main,20,5,5,44,3,,4,before_sampling,dropout_1,4,0.5,0.5,1.4375,0.06534090909090909,success
paper_conventional-main-ants20-iterations5-epochs5-seed-44,paper_conventional,paper_faithful,iteration_based_paper_interpretation,main,20,5,5,44,3,,4,before_sampling,dropout_1,5,0.6,0.6,2.1875,0.09943181818181818,success
paper_conventional-main-ants20-iterations5-epochs5-seed-44,paper_conventional,paper_faithful,iteration_based_paper_interpretation,main,20,5,5,44,3,,4,before_sampling,dropout_1,6,0.7,0.7,3.6875,0.16761363636363635,success
paper_conventional-main-ants20-iterations5-epochs5-seed-44,paper_conventional,paper_faithful,iteration_based_paper_interpretation,main,20,5,5,44,3,,4,before_sampling,dropout_1,7,0.8,0.8,1.6875,0.07670454545454546,success
paper_conventional-main-ants20-iterations5-epochs5-seed-44,paper_conventional,paper_faithful,iteration_based_paper_interpretation,main,20,5,5,44,3,,4,before_sampling,dropout_2,0,0.1,0.1,3.6875,0.16761363636363635,success
paper_conventional-main-ants20-iterations5-epochs5-seed-44,paper_conventional,paper_faithful,iteration_based_paper_interpretation,main,20,5,5,44,3,,4,before_sampling,dropout_2,1,0.2,0.2,3.9375,0.17897727272727273,success
paper_conventional-main-ants20-iterations5-epochs5-seed-44,paper_conventional,paper_faithful,iteration_based_paper_interpretation,main,20,5,5,44,3,,4,before_sampling,dropout_2,2,0.3,0.3,2.8125,0.1278409090909091,success
paper_conventional-main-ants20-iterations5-epochs5-seed-44,paper_conventional,paper_faithful,iteration_based_paper_interpretation,main,20,5,5,44,3,,4,before_sampling,dropout_2,3,0.4,0.4,3.1875,0.14488636363636365,success
paper_conventional-main-ants20-iterations5-epochs5-seed-44,paper_conventional,paper_faithful,iteration_based_paper_interpretation,main,20,5,5,44,3,,4,before_sampling,dropout_2,4,0.5,0.5,4.0625,0.1846590909090909,success
paper_conventional-main-ants20-iterations5-epochs5-seed-44,paper_conventional,paper_faithful,iteration_based_paper_interpretation,main,20,5,5,44,3,,4,before_sampling,dropout_2,5,0.6,0.6,1.9375,0.08806818181818182,success
paper_conventional-main-ants20-iterations5-epochs5-seed-44,paper_conventional,paper_faithful,iteration_based_paper_interpretation,main,20,5,5,44,3,,4,before_sampling,dropout_2,6,0.7,0.7,0.5625,0.02556818181818182,success
paper_conventional-main-ants20-iterations5-epochs5-seed-44,paper_conventional,paper_faithful,iteration_based_paper_interpretation,main,20,5,5,44,3,,4,before_sampling,dropout_2,7,0.8,0.8,1.8125,0.08238636363636363,success
paper_conventional-main-ants20-iterations5-epochs5-seed-44,paper_conventional,paper_faithful,iteration_based_paper_interpretation,main,20,5,5,44,3,,4,before_sampling,batch_size,0,16,16,3.1875,0.14488636363636365,success
paper_conventional-main-ants20-iterations5-epochs5-seed-44,paper_conventional,paper_faithful,iteration_based_paper_interpretation,main,20,5,5,44,3,,4,before_sampling,batch_size,1,32,32,4.0625,0.1846590909090909,success
paper_conventional-main-ants20-iterations5-epochs5-seed-44,paper_conventional,paper_faithful,iteration_based_paper_interpretation,main,20,5,5,44,3,,4,before_sampling,batch_size,2,64,64,2.4375,0.11079545454545454,success
paper_conventional-main-ants20-iterations5-epochs5-seed-44,paper_conventional,paper_faithful,iteration_based_paper_interpretation,main,20,5,5,44,3,,4,before_sampling,batch_size,3,128,128,3.5625,0.16193181818181818,success
paper_conventional-main-ants20-iterations5-epochs5-seed-44,paper_conventional,paper_faithful,iteration_based_paper_interpretation,main,20,5,5,44,3,,4,before_sampling,batch_size,4,256,256,0.9375,0.04261363636363636,success
paper_conventional-main-ants20-iterations5-epochs5-seed-44,paper_conventional,paper_faithful,iteration_based_paper_interpretation,main,20,5,5,44,3,,4,before_sampling,batch_size,5,512,512,1.3125,0.05965909090909091,success
paper_conventional-main-ants20-iterations5-epochs5-seed-44,paper_conventional,paper_faithful,iteration_based_paper_interpretation,main,20,5,5,44,3,,4,before_sampling,batch_size,6,1024,1024,2.4375,0.11079545454545454,success
paper_conventional-main-ants20-iterations5-epochs5-seed-44,paper_conventional,paper_faithful,iteration_based_paper_interpretation,main,20,5,5,44,3,,4,before_sampling,batch_size,7,2048,2048,4.0625,0.1846590909090909,success
paper_conventional-main-ants20-iterations5-epochs5-seed-44,paper_conventional,paper_faithful,iteration_based_paper_interpretation,main,20,5,5,44,3,,4,before_sampling,activation,0,"""relu""","""relu""",1.4375,0.06534090909090909,success
paper_conventional-main-ants20-iterations5-epochs5-seed-44,paper_conventional,paper_faithful,iteration_based_paper_interpretation,main,20,5,5,44,3,,4,before_sampling,activation,1,"""sigmoid""","""sigmoid""",2.8125,0.1278409090909091,success
paper_conventional-main-ants20-iterations5-epochs5-seed-44,paper_conventional,paper_faithful,iteration_based_paper_interpretation,main,20,5,5,44,3,,4,before_sampling,activation,2,"""softplus""","""softplus""",2.3125,0.10511363636363637,success
paper_conventional-main-ants20-iterations5-epochs5-seed-44,paper_conventional,paper_faithful,iteration_based_paper_interpretation,main,20,5,5,44,3,,4,before_sampling,activation,3,"""softsign""","""softsign""",2.4375,0.11079545454545454,success
paper_conventional-main-ants20-iterations5-epochs5-seed-44,paper_conventional,paper_faithful,iteration_based_paper_interpretation,main,20,5,5,44,3,,4,before_sampling,activation,4,"""tanh""","""tanh""",1.4375,0.06534090909090909,success
paper_conventional-main-ants20-iterations5-epochs5-seed-44,paper_conventional,paper_faithful,iteration_based_paper_interpretation,main,20,5,5,44,3,,4,before_sampling,activation,5,"""selu""","""selu""",3.0625,0.13920454545454544,success
paper_conventional-main-ants20-iterations5-epochs5-seed-44,paper_conventional,paper_faithful,iteration_based_paper_interpretation,main,20,5,5,44,3,,4,before_sampling,activation,6,"""gelu""","""gelu""",6.3125,0.2869318181818182,success
paper_conventional-main-ants20-iterations5-epochs5-seed-44,paper_conventional,paper_faithful,iteration_based_paper_interpretation,main,20,5,5,44,3,,4,before_sampling,activation,7,"""linear""","""linier""",2.1875,0.09943181818181818,success
paper_conventional-main-ants20-iterations5-epochs5-seed-44,paper_conventional,paper_faithful,iteration_based_paper_interpretation,main,20,5,5,44,3,,4,before_sampling,optimizer,0,"""adam""","""adam""",4.5625,0.20738636363636365,success
paper_conventional-main-ants20-iterations5-epochs5-seed-44,paper_conventional,paper_faithful,iteration_based_paper_interpretation,main,20,5,5,44,3,,4,before_sampling,optimizer,1,"""rmsprop""","""rmsprop""",2.3125,0.10511363636363637,success
paper_conventional-main-ants20-iterations5-epochs5-seed-44,paper_conventional,paper_faithful,iteration_based_paper_interpretation,main,20,5,5,44,3,,4,before_sampling,optimizer,2,"""sgd""","""sgd""",2.6875,0.12215909090909091,success
paper_conventional-main-ants20-iterations5-epochs5-seed-44,paper_conventional,paper_faithful,iteration_based_paper_interpretation,main,20,5,5,44,3,,4,before_sampling,optimizer,3,"""adadelta""","""adadelta""",2.6875,0.12215909090909091,success
paper_conventional-main-ants20-iterations5-epochs5-seed-44,paper_conventional,paper_faithful,iteration_based_paper_interpretation,main,20,5,5,44,3,,4,before_sampling,optimizer,4,"""adagrad""","""adagrad""",3.6875,0.16761363636363635,success
paper_conventional-main-ants20-iterations5-epochs5-seed-44,paper_conventional,paper_faithful,iteration_based_paper_interpretation,main,20,5,5,44,3,,4,before_sampling,optimizer,5,"""adamax""","""adamax""",2.8125,0.1278409090909091,success
paper_conventional-main-ants20-iterations5-epochs5-seed-44,paper_conventional,paper_faithful,iteration_based_paper_interpretation,main,20,5,5,44,3,,4,before_sampling,optimizer,6,"""ftrl""","""ftrl""",1.9375,0.08806818181818182,success
paper_conventional-main-ants20-iterations5-epochs5-seed-44,paper_conventional,paper_faithful,iteration_based_paper_interpretation,main,20,5,5,44,3,,4,before_sampling,optimizer,7,"""nadam""","""nadam""",1.3125,0.05965909090909091,success
paper_conventional-main-ants20-iterations5-epochs5-seed-44,paper_conventional,paper_faithful,iteration_based_paper_interpretation,main,20,5,5,44,3,,4,before_sampling,loss,0,"""sparse_categorical_crossentropy""","""sparse_categorical_crossentropy""",3.6875,0.16761363636363635,success
paper_conventional-main-ants20-iterations5-epochs5-seed-44,paper_conventional,paper_faithful,iteration_based_paper_interpretation,main,20,5,5,44,3,,4,before_sampling,loss,1,"""categorical_crossentropy""","""categorical_crossentropy""",1.4375,0.06534090909090909,success
paper_conventional-main-ants20-iterations5-epochs5-seed-44,paper_conventional,paper_faithful,iteration_based_paper_interpretation,main,20,5,5,44,3,,4,before_sampling,loss,2,"""binary_crossentropy""","""binary_crossentropy""",2.8125,0.1278409090909091,success
paper_conventional-main-ants20-iterations5-epochs5-seed-44,paper_conventional,paper_faithful,iteration_based_paper_interpretation,main,20,5,5,44,3,,4,before_sampling,loss,3,"""mean_absolute_error""","""mean_absolute_error""",1.5625,0.07102272727272728,success
paper_conventional-main-ants20-iterations5-epochs5-seed-44,paper_conventional,paper_faithful,iteration_based_paper_interpretation,main,20,5,5,44,3,,4,before_sampling,loss,4,"""mean_squared_error""","""mean_squared_error""",2.6875,0.12215909090909091,success
paper_conventional-main-ants20-iterations5-epochs5-seed-44,paper_conventional,paper_faithful,iteration_based_paper_interpretation,main,20,5,5,44,3,,4,before_sampling,loss,5,"""squared_hinge""","""squared_hinge""",2.3125,0.10511363636363637,success
paper_conventional-main-ants20-iterations5-epochs5-seed-44,paper_conventional,paper_faithful,iteration_based_paper_interpretation,main,20,5,5,44,3,,4,before_sampling,loss,6,"""categorical_hinge""","""categorical_hinge""",5.3125,0.24147727272727273,success
paper_conventional-main-ants20-iterations5-epochs5-seed-44,paper_conventional,paper_faithful,iteration_based_paper_interpretation,main,20,5,5,44,3,,4,before_sampling,loss,7,"""cosine_similarity""","""cosine_similarity""",2.1875,0.09943181818181818,success
paper_conventional-main-ants20-iterations5-epochs5-seed-44,paper_conventional,paper_faithful,iteration_based_paper_interpretation,main,20,5,5,44,3,,5,after_update,dense_units_1,0,16,16,1.953125,0.07370283018867925,success
paper_conventional-main-ants20-iterations5-epochs5-seed-44,paper_conventional,paper_faithful,iteration_based_paper_interpretation,main,20,5,5,44,3,,5,after_update,dense_units_1,1,32,32,4.609375,0.17393867924528303,success
paper_conventional-main-ants20-iterations5-epochs5-seed-44,paper_conventional,paper_faithful,iteration_based_paper_interpretation,main,20,5,5,44,3,,5,after_update,dense_units_1,2,64,64,4.390625,0.16568396226415094,success
paper_conventional-main-ants20-iterations5-epochs5-seed-44,paper_conventional,paper_faithful,iteration_based_paper_interpretation,main,20,5,5,44,3,,5,after_update,dense_units_1,3,128,128,1.859375,0.07016509433962265,success
paper_conventional-main-ants20-iterations5-epochs5-seed-44,paper_conventional,paper_faithful,iteration_based_paper_interpretation,main,20,5,5,44,3,,5,after_update,dense_units_1,4,256,256,2.078125,0.07841981132075472,success
paper_conventional-main-ants20-iterations5-epochs5-seed-44,paper_conventional,paper_faithful,iteration_based_paper_interpretation,main,20,5,5,44,3,,5,after_update,dense_units_1,5,512,512,3.296875,0.12441037735849056,success
paper_conventional-main-ants20-iterations5-epochs5-seed-44,paper_conventional,paper_faithful,iteration_based_paper_interpretation,main,20,5,5,44,3,,5,after_update,dense_units_1,6,1024,1024,6.078125,0.22936320754716982,success
paper_conventional-main-ants20-iterations5-epochs5-seed-44,paper_conventional,paper_faithful,iteration_based_paper_interpretation,main,20,5,5,44,3,,5,after_update,dense_units_1,7,2048,2048,2.234375,0.08431603773584906,success
paper_conventional-main-ants20-iterations5-epochs5-seed-44,paper_conventional,paper_faithful,iteration_based_paper_interpretation,main,20,5,5,44,3,,5,after_update,dense_units_2,0,16,16,2.640625,0.09964622641509434,success
paper_conventional-main-ants20-iterations5-epochs5-seed-44,paper_conventional,paper_faithful,iteration_based_paper_interpretation,main,20,5,5,44,3,,5,after_update,dense_units_2,1,32,32,1.453125,0.05483490566037736,success
paper_conventional-main-ants20-iterations5-epochs5-seed-44,paper_conventional,paper_faithful,iteration_based_paper_interpretation,main,20,5,5,44,3,,5,after_update,dense_units_2,2,64,64,9.234375,0.34846698113207547,success
paper_conventional-main-ants20-iterations5-epochs5-seed-44,paper_conventional,paper_faithful,iteration_based_paper_interpretation,main,20,5,5,44,3,,5,after_update,dense_units_2,3,128,128,2.359375,0.08903301886792453,success
paper_conventional-main-ants20-iterations5-epochs5-seed-44,paper_conventional,paper_faithful,iteration_based_paper_interpretation,main,20,5,5,44,3,,5,after_update,dense_units_2,4,256,256,2.109375,0.07959905660377359,success
paper_conventional-main-ants20-iterations5-epochs5-seed-44,paper_conventional,paper_faithful,iteration_based_paper_interpretation,main,20,5,5,44,3,,5,after_update,dense_units_2,5,512,512,2.734375,0.10318396226415094,success
paper_conventional-main-ants20-iterations5-epochs5-seed-44,paper_conventional,paper_faithful,iteration_based_paper_interpretation,main,20,5,5,44,3,,5,after_update,dense_units_2,6,1024,1024,3.109375,0.11733490566037735,success
paper_conventional-main-ants20-iterations5-epochs5-seed-44,paper_conventional,paper_faithful,iteration_based_paper_interpretation,main,20,5,5,44,3,,5,after_update,dense_units_2,7,2048,2048,2.859375,0.10790094339622641,success
paper_conventional-main-ants20-iterations5-epochs5-seed-44,paper_conventional,paper_faithful,iteration_based_paper_interpretation,main,20,5,5,44,3,,5,after_update,dropout_1,0,0.1,0.1,1.671875,0.06308962264150944,success
paper_conventional-main-ants20-iterations5-epochs5-seed-44,paper_conventional,paper_faithful,iteration_based_paper_interpretation,main,20,5,5,44,3,,5,after_update,dropout_1,1,0.2,0.2,7.578125,0.28596698113207547,success
paper_conventional-main-ants20-iterations5-epochs5-seed-44,paper_conventional,paper_faithful,iteration_based_paper_interpretation,main,20,5,5,44,3,,5,after_update,dropout_1,2,0.3,0.3,2.609375,0.09846698113207547,success
paper_conventional-main-ants20-iterations5-epochs5-seed-44,paper_conventional,paper_faithful,iteration_based_paper_interpretation,main,20,5,5,44,3,,5,after_update,dropout_1,3,0.4,0.4,2.890625,0.10908018867924528,success
paper_conventional-main-ants20-iterations5-epochs5-seed-44,paper_conventional,paper_faithful,iteration_based_paper_interpretation,main,20,5,5,44,3,,5,after_update,dropout_1,4,0.5,0.5,2.578125,0.0972877358490566,success
paper_conventional-main-ants20-iterations5-epochs5-seed-44,paper_conventional,paper_faithful,iteration_based_paper_interpretation,main,20,5,5,44,3,,5,after_update,dropout_1,5,0.6,0.6,2.640625,0.09964622641509434,success
paper_conventional-main-ants20-iterations5-epochs5-seed-44,paper_conventional,paper_faithful,iteration_based_paper_interpretation,main,20,5,5,44,3,,5,after_update,dropout_1,6,0.7,0.7,3.765625,0.1420990566037736,success
paper_conventional-main-ants20-iterations5-epochs5-seed-44,paper_conventional,paper_faithful,iteration_based_paper_interpretation,main,20,5,5,44,3,,5,after_update,dropout_1,7,0.8,0.8,2.765625,0.10436320754716981,success
paper_conventional-main-ants20-iterations5-epochs5-seed-44,paper_conventional,paper_faithful,iteration_based_paper_interpretation,main,20,5,5,44,3,,5,after_update,dropout_2,0,0.1,0.1,4.265625,0.16096698113207547,success
paper_conventional-main-ants20-iterations5-epochs5-seed-44,paper_conventional,paper_faithful,iteration_based_paper_interpretation,main,20,5,5,44,3,,5,after_update,dropout_2,1,0.2,0.2,5.953125,0.22464622641509435,success
paper_conventional-main-ants20-iterations5-epochs5-seed-44,paper_conventional,paper_faithful,iteration_based_paper_interpretation,main,20,5,5,44,3,,5,after_update,dropout_2,2,0.3,0.3,4.109375,0.15507075471698112,success
paper_conventional-main-ants20-iterations5-epochs5-seed-44,paper_conventional,paper_faithful,iteration_based_paper_interpretation,main,20,5,5,44,3,,5,after_update,dropout_2,3,0.4,0.4,3.890625,0.14681603773584906,success
paper_conventional-main-ants20-iterations5-epochs5-seed-44,paper_conventional,paper_faithful,iteration_based_paper_interpretation,main,20,5,5,44,3,,5,after_update,dropout_2,4,0.5,0.5,4.046875,0.15271226415094338,success
paper_conventional-main-ants20-iterations5-epochs5-seed-44,paper_conventional,paper_faithful,iteration_based_paper_interpretation,main,20,5,5,44,3,,5,after_update,dropout_2,5,0.6,0.6,1.953125,0.07370283018867925,success
paper_conventional-main-ants20-iterations5-epochs5-seed-44,paper_conventional,paper_faithful,iteration_based_paper_interpretation,main,20,5,5,44,3,,5,after_update,dropout_2,6,0.7,0.7,0.921875,0.0347877358490566,success
paper_conventional-main-ants20-iterations5-epochs5-seed-44,paper_conventional,paper_faithful,iteration_based_paper_interpretation,main,20,5,5,44,3,,5,after_update,dropout_2,7,0.8,0.8,1.359375,0.05129716981132076,success
paper_conventional-main-ants20-iterations5-epochs5-seed-44,paper_conventional,paper_faithful,iteration_based_paper_interpretation,main,20,5,5,44,3,,5,after_update,batch_size,0,16,16,3.890625,0.14681603773584906,success
paper_conventional-main-ants20-iterations5-epochs5-seed-44,paper_conventional,paper_faithful,iteration_based_paper_interpretation,main,20,5,5,44,3,,5,after_update,batch_size,1,32,32,5.546875,0.20931603773584906,success
paper_conventional-main-ants20-iterations5-epochs5-seed-44,paper_conventional,paper_faithful,iteration_based_paper_interpretation,main,20,5,5,44,3,,5,after_update,batch_size,2,64,64,2.828125,0.10672169811320754,success
paper_conventional-main-ants20-iterations5-epochs5-seed-44,paper_conventional,paper_faithful,iteration_based_paper_interpretation,main,20,5,5,44,3,,5,after_update,batch_size,3,128,128,4.171875,0.15742924528301888,success
paper_conventional-main-ants20-iterations5-epochs5-seed-44,paper_conventional,paper_faithful,iteration_based_paper_interpretation,main,20,5,5,44,3,,5,after_update,batch_size,4,256,256,1.203125,0.04540094339622641,success
paper_conventional-main-ants20-iterations5-epochs5-seed-44,paper_conventional,paper_faithful,iteration_based_paper_interpretation,main,20,5,5,44,3,,5,after_update,batch_size,5,512,512,1.484375,0.05601415094339623,success
paper_conventional-main-ants20-iterations5-epochs5-seed-44,paper_conventional,paper_faithful,iteration_based_paper_interpretation,main,20,5,5,44,3,,5,after_update,batch_size,6,1024,1024,2.328125,0.08785377358490566,success
paper_conventional-main-ants20-iterations5-epochs5-seed-44,paper_conventional,paper_faithful,iteration_based_paper_interpretation,main,20,5,5,44,3,,5,after_update,batch_size,7,2048,2048,5.046875,0.19044811320754718,success
paper_conventional-main-ants20-iterations5-epochs5-seed-44,paper_conventional,paper_faithful,iteration_based_paper_interpretation,main,20,5,5,44,3,,5,after_update,activation,0,"""relu""","""relu""",3.078125,0.11615566037735849,success
paper_conventional-main-ants20-iterations5-epochs5-seed-44,paper_conventional,paper_faithful,iteration_based_paper_interpretation,main,20,5,5,44,3,,5,after_update,activation,1,"""sigmoid""","""sigmoid""",2.609375,0.09846698113207547,success
paper_conventional-main-ants20-iterations5-epochs5-seed-44,paper_conventional,paper_faithful,iteration_based_paper_interpretation,main,20,5,5,44,3,,5,after_update,activation,2,"""softplus""","""softplus""",1.734375,0.06544811320754718,success
paper_conventional-main-ants20-iterations5-epochs5-seed-44,paper_conventional,paper_faithful,iteration_based_paper_interpretation,main,20,5,5,44,3,,5,after_update,activation,3,"""softsign""","""softsign""",2.828125,0.10672169811320754,success
paper_conventional-main-ants20-iterations5-epochs5-seed-44,paper_conventional,paper_faithful,iteration_based_paper_interpretation,main,20,5,5,44,3,,5,after_update,activation,4,"""tanh""","""tanh""",1.578125,0.05955188679245283,success
paper_conventional-main-ants20-iterations5-epochs5-seed-44,paper_conventional,paper_faithful,iteration_based_paper_interpretation,main,20,5,5,44,3,,5,after_update,activation,5,"""selu""","""selu""",4.796875,0.18101415094339623,success
paper_conventional-main-ants20-iterations5-epochs5-seed-44,paper_conventional,paper_faithful,iteration_based_paper_interpretation,main,20,5,5,44,3,,5,after_update,activation,6,"""gelu""","""gelu""",7.734375,0.2918632075471698,success
paper_conventional-main-ants20-iterations5-epochs5-seed-44,paper_conventional,paper_faithful,iteration_based_paper_interpretation,main,20,5,5,44,3,,5,after_update,activation,7,"""linear""","""linier""",2.140625,0.08077830188679246,success
paper_conventional-main-ants20-iterations5-epochs5-seed-44,paper_conventional,paper_faithful,iteration_based_paper_interpretation,main,20,5,5,44,3,,5,after_update,optimizer,0,"""adam""","""adam""",4.921875,0.1857311320754717,success
paper_conventional-main-ants20-iterations5-epochs5-seed-44,paper_conventional,paper_faithful,iteration_based_paper_interpretation,main,20,5,5,44,3,,5,after_update,optimizer,1,"""rmsprop""","""rmsprop""",2.234375,0.08431603773584906,success
paper_conventional-main-ants20-iterations5-epochs5-seed-44,paper_conventional,paper_faithful,iteration_based_paper_interpretation,main,20,5,5,44,3,,5,after_update,optimizer,2,"""sgd""","""sgd""",3.515625,0.13266509433962265,success
paper_conventional-main-ants20-iterations5-epochs5-seed-44,paper_conventional,paper_faithful,iteration_based_paper_interpretation,main,20,5,5,44,3,,5,after_update,optimizer,3,"""adadelta""","""adadelta""",3.515625,0.13266509433962265,success
paper_conventional-main-ants20-iterations5-epochs5-seed-44,paper_conventional,paper_faithful,iteration_based_paper_interpretation,main,20,5,5,44,3,,5,after_update,optimizer,4,"""adagrad""","""adagrad""",4.765625,0.17983490566037735,success
paper_conventional-main-ants20-iterations5-epochs5-seed-44,paper_conventional,paper_faithful,iteration_based_paper_interpretation,main,20,5,5,44,3,,5,after_update,optimizer,5,"""adamax""","""adamax""",3.109375,0.11733490566037735,success
paper_conventional-main-ants20-iterations5-epochs5-seed-44,paper_conventional,paper_faithful,iteration_based_paper_interpretation,main,20,5,5,44,3,,5,after_update,optimizer,6,"""ftrl""","""ftrl""",3.453125,0.1303066037735849,success
paper_conventional-main-ants20-iterations5-epochs5-seed-44,paper_conventional,paper_faithful,iteration_based_paper_interpretation,main,20,5,5,44,3,,5,after_update,optimizer,7,"""nadam""","""nadam""",0.984375,0.03714622641509434,success
paper_conventional-main-ants20-iterations5-epochs5-seed-44,paper_conventional,paper_faithful,iteration_based_paper_interpretation,main,20,5,5,44,3,,5,after_update,loss,0,"""sparse_categorical_crossentropy""","""sparse_categorical_crossentropy""",4.265625,0.16096698113207547,success
paper_conventional-main-ants20-iterations5-epochs5-seed-44,paper_conventional,paper_faithful,iteration_based_paper_interpretation,main,20,5,5,44,3,,5,after_update,loss,1,"""categorical_crossentropy""","""categorical_crossentropy""",2.078125,0.07841981132075472,success
paper_conventional-main-ants20-iterations5-epochs5-seed-44,paper_conventional,paper_faithful,iteration_based_paper_interpretation,main,20,5,5,44,3,,5,after_update,loss,2,"""binary_crossentropy""","""binary_crossentropy""",2.109375,0.07959905660377359,success
paper_conventional-main-ants20-iterations5-epochs5-seed-44,paper_conventional,paper_faithful,iteration_based_paper_interpretation,main,20,5,5,44,3,,5,after_update,loss,3,"""mean_absolute_error""","""mean_absolute_error""",1.671875,0.06308962264150944,success
paper_conventional-main-ants20-iterations5-epochs5-seed-44,paper_conventional,paper_faithful,iteration_based_paper_interpretation,main,20,5,5,44,3,,5,after_update,loss,4,"""mean_squared_error""","""mean_squared_error""",4.015625,0.15153301886792453,success
paper_conventional-main-ants20-iterations5-epochs5-seed-44,paper_conventional,paper_faithful,iteration_based_paper_interpretation,main,20,5,5,44,3,,5,after_update,loss,5,"""squared_hinge""","""squared_hinge""",3.734375,0.1409198113207547,success
paper_conventional-main-ants20-iterations5-epochs5-seed-44,paper_conventional,paper_faithful,iteration_based_paper_interpretation,main,20,5,5,44,3,,5,after_update,loss,6,"""categorical_hinge""","""categorical_hinge""",6.484375,0.2446933962264151,success
paper_conventional-main-ants20-iterations5-epochs5-seed-44,paper_conventional,paper_faithful,iteration_based_paper_interpretation,main,20,5,5,44,3,,5,after_update,loss,7,"""cosine_similarity""","""cosine_similarity""",2.140625,0.08077830188679246,success
paper_conventional-main-ants20-iterations5-epochs5-seed-44,paper_conventional,paper_faithful,iteration_based_paper_interpretation,main,20,5,5,44,4,,6,before_sampling,dense_units_1,0,16,16,1.953125,0.07370283018867925,success
paper_conventional-main-ants20-iterations5-epochs5-seed-44,paper_conventional,paper_faithful,iteration_based_paper_interpretation,main,20,5,5,44,4,,6,before_sampling,dense_units_1,1,32,32,4.609375,0.17393867924528303,success
paper_conventional-main-ants20-iterations5-epochs5-seed-44,paper_conventional,paper_faithful,iteration_based_paper_interpretation,main,20,5,5,44,4,,6,before_sampling,dense_units_1,2,64,64,4.390625,0.16568396226415094,success
paper_conventional-main-ants20-iterations5-epochs5-seed-44,paper_conventional,paper_faithful,iteration_based_paper_interpretation,main,20,5,5,44,4,,6,before_sampling,dense_units_1,3,128,128,1.859375,0.07016509433962265,success
paper_conventional-main-ants20-iterations5-epochs5-seed-44,paper_conventional,paper_faithful,iteration_based_paper_interpretation,main,20,5,5,44,4,,6,before_sampling,dense_units_1,4,256,256,2.078125,0.07841981132075472,success
paper_conventional-main-ants20-iterations5-epochs5-seed-44,paper_conventional,paper_faithful,iteration_based_paper_interpretation,main,20,5,5,44,4,,6,before_sampling,dense_units_1,5,512,512,3.296875,0.12441037735849056,success
paper_conventional-main-ants20-iterations5-epochs5-seed-44,paper_conventional,paper_faithful,iteration_based_paper_interpretation,main,20,5,5,44,4,,6,before_sampling,dense_units_1,6,1024,1024,6.078125,0.22936320754716982,success
paper_conventional-main-ants20-iterations5-epochs5-seed-44,paper_conventional,paper_faithful,iteration_based_paper_interpretation,main,20,5,5,44,4,,6,before_sampling,dense_units_1,7,2048,2048,2.234375,0.08431603773584906,success
paper_conventional-main-ants20-iterations5-epochs5-seed-44,paper_conventional,paper_faithful,iteration_based_paper_interpretation,main,20,5,5,44,4,,6,before_sampling,dense_units_2,0,16,16,2.640625,0.09964622641509434,success
paper_conventional-main-ants20-iterations5-epochs5-seed-44,paper_conventional,paper_faithful,iteration_based_paper_interpretation,main,20,5,5,44,4,,6,before_sampling,dense_units_2,1,32,32,1.453125,0.05483490566037736,success
paper_conventional-main-ants20-iterations5-epochs5-seed-44,paper_conventional,paper_faithful,iteration_based_paper_interpretation,main,20,5,5,44,4,,6,before_sampling,dense_units_2,2,64,64,9.234375,0.34846698113207547,success
paper_conventional-main-ants20-iterations5-epochs5-seed-44,paper_conventional,paper_faithful,iteration_based_paper_interpretation,main,20,5,5,44,4,,6,before_sampling,dense_units_2,3,128,128,2.359375,0.08903301886792453,success
paper_conventional-main-ants20-iterations5-epochs5-seed-44,paper_conventional,paper_faithful,iteration_based_paper_interpretation,main,20,5,5,44,4,,6,before_sampling,dense_units_2,4,256,256,2.109375,0.07959905660377359,success
paper_conventional-main-ants20-iterations5-epochs5-seed-44,paper_conventional,paper_faithful,iteration_based_paper_interpretation,main,20,5,5,44,4,,6,before_sampling,dense_units_2,5,512,512,2.734375,0.10318396226415094,success
paper_conventional-main-ants20-iterations5-epochs5-seed-44,paper_conventional,paper_faithful,iteration_based_paper_interpretation,main,20,5,5,44,4,,6,before_sampling,dense_units_2,6,1024,1024,3.109375,0.11733490566037735,success
paper_conventional-main-ants20-iterations5-epochs5-seed-44,paper_conventional,paper_faithful,iteration_based_paper_interpretation,main,20,5,5,44,4,,6,before_sampling,dense_units_2,7,2048,2048,2.859375,0.10790094339622641,success
paper_conventional-main-ants20-iterations5-epochs5-seed-44,paper_conventional,paper_faithful,iteration_based_paper_interpretation,main,20,5,5,44,4,,6,before_sampling,dropout_1,0,0.1,0.1,1.671875,0.06308962264150944,success
paper_conventional-main-ants20-iterations5-epochs5-seed-44,paper_conventional,paper_faithful,iteration_based_paper_interpretation,main,20,5,5,44,4,,6,before_sampling,dropout_1,1,0.2,0.2,7.578125,0.28596698113207547,success
paper_conventional-main-ants20-iterations5-epochs5-seed-44,paper_conventional,paper_faithful,iteration_based_paper_interpretation,main,20,5,5,44,4,,6,before_sampling,dropout_1,2,0.3,0.3,2.609375,0.09846698113207547,success
paper_conventional-main-ants20-iterations5-epochs5-seed-44,paper_conventional,paper_faithful,iteration_based_paper_interpretation,main,20,5,5,44,4,,6,before_sampling,dropout_1,3,0.4,0.4,2.890625,0.10908018867924528,success
paper_conventional-main-ants20-iterations5-epochs5-seed-44,paper_conventional,paper_faithful,iteration_based_paper_interpretation,main,20,5,5,44,4,,6,before_sampling,dropout_1,4,0.5,0.5,2.578125,0.0972877358490566,success
paper_conventional-main-ants20-iterations5-epochs5-seed-44,paper_conventional,paper_faithful,iteration_based_paper_interpretation,main,20,5,5,44,4,,6,before_sampling,dropout_1,5,0.6,0.6,2.640625,0.09964622641509434,success
paper_conventional-main-ants20-iterations5-epochs5-seed-44,paper_conventional,paper_faithful,iteration_based_paper_interpretation,main,20,5,5,44,4,,6,before_sampling,dropout_1,6,0.7,0.7,3.765625,0.1420990566037736,success
paper_conventional-main-ants20-iterations5-epochs5-seed-44,paper_conventional,paper_faithful,iteration_based_paper_interpretation,main,20,5,5,44,4,,6,before_sampling,dropout_1,7,0.8,0.8,2.765625,0.10436320754716981,success
paper_conventional-main-ants20-iterations5-epochs5-seed-44,paper_conventional,paper_faithful,iteration_based_paper_interpretation,main,20,5,5,44,4,,6,before_sampling,dropout_2,0,0.1,0.1,4.265625,0.16096698113207547,success
paper_conventional-main-ants20-iterations5-epochs5-seed-44,paper_conventional,paper_faithful,iteration_based_paper_interpretation,main,20,5,5,44,4,,6,before_sampling,dropout_2,1,0.2,0.2,5.953125,0.22464622641509435,success
paper_conventional-main-ants20-iterations5-epochs5-seed-44,paper_conventional,paper_faithful,iteration_based_paper_interpretation,main,20,5,5,44,4,,6,before_sampling,dropout_2,2,0.3,0.3,4.109375,0.15507075471698112,success
paper_conventional-main-ants20-iterations5-epochs5-seed-44,paper_conventional,paper_faithful,iteration_based_paper_interpretation,main,20,5,5,44,4,,6,before_sampling,dropout_2,3,0.4,0.4,3.890625,0.14681603773584906,success
paper_conventional-main-ants20-iterations5-epochs5-seed-44,paper_conventional,paper_faithful,iteration_based_paper_interpretation,main,20,5,5,44,4,,6,before_sampling,dropout_2,4,0.5,0.5,4.046875,0.15271226415094338,success
paper_conventional-main-ants20-iterations5-epochs5-seed-44,paper_conventional,paper_faithful,iteration_based_paper_interpretation,main,20,5,5,44,4,,6,before_sampling,dropout_2,5,0.6,0.6,1.953125,0.07370283018867925,success
paper_conventional-main-ants20-iterations5-epochs5-seed-44,paper_conventional,paper_faithful,iteration_based_paper_interpretation,main,20,5,5,44,4,,6,before_sampling,dropout_2,6,0.7,0.7,0.921875,0.0347877358490566,success
paper_conventional-main-ants20-iterations5-epochs5-seed-44,paper_conventional,paper_faithful,iteration_based_paper_interpretation,main,20,5,5,44,4,,6,before_sampling,dropout_2,7,0.8,0.8,1.359375,0.05129716981132076,success
paper_conventional-main-ants20-iterations5-epochs5-seed-44,paper_conventional,paper_faithful,iteration_based_paper_interpretation,main,20,5,5,44,4,,6,before_sampling,batch_size,0,16,16,3.890625,0.14681603773584906,success
paper_conventional-main-ants20-iterations5-epochs5-seed-44,paper_conventional,paper_faithful,iteration_based_paper_interpretation,main,20,5,5,44,4,,6,before_sampling,batch_size,1,32,32,5.546875,0.20931603773584906,success
paper_conventional-main-ants20-iterations5-epochs5-seed-44,paper_conventional,paper_faithful,iteration_based_paper_interpretation,main,20,5,5,44,4,,6,before_sampling,batch_size,2,64,64,2.828125,0.10672169811320754,success
paper_conventional-main-ants20-iterations5-epochs5-seed-44,paper_conventional,paper_faithful,iteration_based_paper_interpretation,main,20,5,5,44,4,,6,before_sampling,batch_size,3,128,128,4.171875,0.15742924528301888,success
paper_conventional-main-ants20-iterations5-epochs5-seed-44,paper_conventional,paper_faithful,iteration_based_paper_interpretation,main,20,5,5,44,4,,6,before_sampling,batch_size,4,256,256,1.203125,0.04540094339622641,success
paper_conventional-main-ants20-iterations5-epochs5-seed-44,paper_conventional,paper_faithful,iteration_based_paper_interpretation,main,20,5,5,44,4,,6,before_sampling,batch_size,5,512,512,1.484375,0.05601415094339623,success
paper_conventional-main-ants20-iterations5-epochs5-seed-44,paper_conventional,paper_faithful,iteration_based_paper_interpretation,main,20,5,5,44,4,,6,before_sampling,batch_size,6,1024,1024,2.328125,0.08785377358490566,success
paper_conventional-main-ants20-iterations5-epochs5-seed-44,paper_conventional,paper_faithful,iteration_based_paper_interpretation,main,20,5,5,44,4,,6,before_sampling,batch_size,7,2048,2048,5.046875,0.19044811320754718,success
paper_conventional-main-ants20-iterations5-epochs5-seed-44,paper_conventional,paper_faithful,iteration_based_paper_interpretation,main,20,5,5,44,4,,6,before_sampling,activation,0,"""relu""","""relu""",3.078125,0.11615566037735849,success
paper_conventional-main-ants20-iterations5-epochs5-seed-44,paper_conventional,paper_faithful,iteration_based_paper_interpretation,main,20,5,5,44,4,,6,before_sampling,activation,1,"""sigmoid""","""sigmoid""",2.609375,0.09846698113207547,success
paper_conventional-main-ants20-iterations5-epochs5-seed-44,paper_conventional,paper_faithful,iteration_based_paper_interpretation,main,20,5,5,44,4,,6,before_sampling,activation,2,"""softplus""","""softplus""",1.734375,0.06544811320754718,success
paper_conventional-main-ants20-iterations5-epochs5-seed-44,paper_conventional,paper_faithful,iteration_based_paper_interpretation,main,20,5,5,44,4,,6,before_sampling,activation,3,"""softsign""","""softsign""",2.828125,0.10672169811320754,success
paper_conventional-main-ants20-iterations5-epochs5-seed-44,paper_conventional,paper_faithful,iteration_based_paper_interpretation,main,20,5,5,44,4,,6,before_sampling,activation,4,"""tanh""","""tanh""",1.578125,0.05955188679245283,success
paper_conventional-main-ants20-iterations5-epochs5-seed-44,paper_conventional,paper_faithful,iteration_based_paper_interpretation,main,20,5,5,44,4,,6,before_sampling,activation,5,"""selu""","""selu""",4.796875,0.18101415094339623,success
paper_conventional-main-ants20-iterations5-epochs5-seed-44,paper_conventional,paper_faithful,iteration_based_paper_interpretation,main,20,5,5,44,4,,6,before_sampling,activation,6,"""gelu""","""gelu""",7.734375,0.2918632075471698,success
paper_conventional-main-ants20-iterations5-epochs5-seed-44,paper_conventional,paper_faithful,iteration_based_paper_interpretation,main,20,5,5,44,4,,6,before_sampling,activation,7,"""linear""","""linier""",2.140625,0.08077830188679246,success
paper_conventional-main-ants20-iterations5-epochs5-seed-44,paper_conventional,paper_faithful,iteration_based_paper_interpretation,main,20,5,5,44,4,,6,before_sampling,optimizer,0,"""adam""","""adam""",4.921875,0.1857311320754717,success
paper_conventional-main-ants20-iterations5-epochs5-seed-44,paper_conventional,paper_faithful,iteration_based_paper_interpretation,main,20,5,5,44,4,,6,before_sampling,optimizer,1,"""rmsprop""","""rmsprop""",2.234375,0.08431603773584906,success
paper_conventional-main-ants20-iterations5-epochs5-seed-44,paper_conventional,paper_faithful,iteration_based_paper_interpretation,main,20,5,5,44,4,,6,before_sampling,optimizer,2,"""sgd""","""sgd""",3.515625,0.13266509433962265,success
paper_conventional-main-ants20-iterations5-epochs5-seed-44,paper_conventional,paper_faithful,iteration_based_paper_interpretation,main,20,5,5,44,4,,6,before_sampling,optimizer,3,"""adadelta""","""adadelta""",3.515625,0.13266509433962265,success
paper_conventional-main-ants20-iterations5-epochs5-seed-44,paper_conventional,paper_faithful,iteration_based_paper_interpretation,main,20,5,5,44,4,,6,before_sampling,optimizer,4,"""adagrad""","""adagrad""",4.765625,0.17983490566037735,success
paper_conventional-main-ants20-iterations5-epochs5-seed-44,paper_conventional,paper_faithful,iteration_based_paper_interpretation,main,20,5,5,44,4,,6,before_sampling,optimizer,5,"""adamax""","""adamax""",3.109375,0.11733490566037735,success
paper_conventional-main-ants20-iterations5-epochs5-seed-44,paper_conventional,paper_faithful,iteration_based_paper_interpretation,main,20,5,5,44,4,,6,before_sampling,optimizer,6,"""ftrl""","""ftrl""",3.453125,0.1303066037735849,success
paper_conventional-main-ants20-iterations5-epochs5-seed-44,paper_conventional,paper_faithful,iteration_based_paper_interpretation,main,20,5,5,44,4,,6,before_sampling,optimizer,7,"""nadam""","""nadam""",0.984375,0.03714622641509434,success
paper_conventional-main-ants20-iterations5-epochs5-seed-44,paper_conventional,paper_faithful,iteration_based_paper_interpretation,main,20,5,5,44,4,,6,before_sampling,loss,0,"""sparse_categorical_crossentropy""","""sparse_categorical_crossentropy""",4.265625,0.16096698113207547,success
paper_conventional-main-ants20-iterations5-epochs5-seed-44,paper_conventional,paper_faithful,iteration_based_paper_interpretation,main,20,5,5,44,4,,6,before_sampling,loss,1,"""categorical_crossentropy""","""categorical_crossentropy""",2.078125,0.07841981132075472,success
paper_conventional-main-ants20-iterations5-epochs5-seed-44,paper_conventional,paper_faithful,iteration_based_paper_interpretation,main,20,5,5,44,4,,6,before_sampling,loss,2,"""binary_crossentropy""","""binary_crossentropy""",2.109375,0.07959905660377359,success
paper_conventional-main-ants20-iterations5-epochs5-seed-44,paper_conventional,paper_faithful,iteration_based_paper_interpretation,main,20,5,5,44,4,,6,before_sampling,loss,3,"""mean_absolute_error""","""mean_absolute_error""",1.671875,0.06308962264150944,success
paper_conventional-main-ants20-iterations5-epochs5-seed-44,paper_conventional,paper_faithful,iteration_based_paper_interpretation,main,20,5,5,44,4,,6,before_sampling,loss,4,"""mean_squared_error""","""mean_squared_error""",4.015625,0.15153301886792453,success
paper_conventional-main-ants20-iterations5-epochs5-seed-44,paper_conventional,paper_faithful,iteration_based_paper_interpretation,main,20,5,5,44,4,,6,before_sampling,loss,5,"""squared_hinge""","""squared_hinge""",3.734375,0.1409198113207547,success
paper_conventional-main-ants20-iterations5-epochs5-seed-44,paper_conventional,paper_faithful,iteration_based_paper_interpretation,main,20,5,5,44,4,,6,before_sampling,loss,6,"""categorical_hinge""","""categorical_hinge""",6.484375,0.2446933962264151,success
paper_conventional-main-ants20-iterations5-epochs5-seed-44,paper_conventional,paper_faithful,iteration_based_paper_interpretation,main,20,5,5,44,4,,6,before_sampling,loss,7,"""cosine_similarity""","""cosine_similarity""",2.140625,0.08077830188679246,success
paper_conventional-main-ants20-iterations5-epochs5-seed-44,paper_conventional,paper_faithful,iteration_based_paper_interpretation,main,20,5,5,44,4,,7,after_update,dense_units_1,0,16,16,2.46484375,0.08250523012552301,success
paper_conventional-main-ants20-iterations5-epochs5-seed-44,paper_conventional,paper_faithful,iteration_based_paper_interpretation,main,20,5,5,44,4,,7,after_update,dense_units_1,1,32,32,4.45703125,0.14918933054393305,success
paper_conventional-main-ants20-iterations5-epochs5-seed-44,paper_conventional,paper_faithful,iteration_based_paper_interpretation,main,20,5,5,44,4,,7,after_update,dense_units_1,2,64,64,5.29296875,0.1771705020920502,success
paper_conventional-main-ants20-iterations5-epochs5-seed-44,paper_conventional,paper_faithful,iteration_based_paper_interpretation,main,20,5,5,44,4,,7,after_update,dense_units_1,3,128,128,2.39453125,0.08015167364016737,success
paper_conventional-main-ants20-iterations5-epochs5-seed-44,paper_conventional,paper_faithful,iteration_based_paper_interpretation,main,20,5,5,44,4,,7,after_update,dense_units_1,4,256,256,3.05859375,0.10237970711297072,success
paper_conventional-main-ants20-iterations5-epochs5-seed-44,paper_conventional,paper_faithful,iteration_based_paper_interpretation,main,20,5,5,44,4,,7,after_update,dense_units_1,5,512,512,2.97265625,0.0995031380753138,success
paper_conventional-main-ants20-iterations5-epochs5-seed-44,paper_conventional,paper_faithful,iteration_based_paper_interpretation,main,20,5,5,44,4,,7,after_update,dense_units_1,6,1024,1024,6.55859375,0.21953451882845187,success
paper_conventional-main-ants20-iterations5-epochs5-seed-44,paper_conventional,paper_faithful,iteration_based_paper_interpretation,main,20,5,5,44,4,,7,after_update,dense_units_1,7,2048,2048,2.67578125,0.08956589958158996,success
paper_conventional-main-ants20-iterations5-epochs5-seed-44,paper_conventional,paper_faithful,iteration_based_paper_interpretation,main,20,5,5,44,4,,7,after_update,dense_units_2,0,16,16,4.48046875,0.14997384937238495,success
paper_conventional-main-ants20-iterations5-epochs5-seed-44,paper_conventional,paper_faithful,iteration_based_paper_interpretation,main,20,5,5,44,4,,7,after_update,dense_units_2,1,32,32,2.58984375,0.08668933054393306,success
paper_conventional-main-ants20-iterations5-epochs5-seed-44,paper_conventional,paper_faithful,iteration_based_paper_interpretation,main,20,5,5,44,4,,7,after_update,dense_units_2,2,64,64,8.42578125,0.2820345188284519,success
paper_conventional-main-ants20-iterations5-epochs5-seed-44,paper_conventional,paper_faithful,iteration_based_paper_interpretation,main,20,5,5,44,4,,7,after_update,dense_units_2,3,128,128,1.76953125,0.059231171548117155,success
paper_conventional-main-ants20-iterations5-epochs5-seed-44,paper_conventional,paper_faithful,iteration_based_paper_interpretation,main,20,5,5,44,4,,7,after_update,dense_units_2,4,256,256,2.08203125,0.06969142259414227,success
paper_conventional-main-ants20-iterations5-epochs5-seed-44,paper_conventional,paper_faithful,iteration_based_paper_interpretation,main,20,5,5,44,4,,7,after_update,dense_units_2,5,512,512,3.05078125,0.10211820083682008,success
paper_conventional-main-ants20-iterations5-epochs5-seed-44,paper_conventional,paper_faithful,iteration_based_paper_interpretation,main,20,5,5,44,4,,7,after_update,dense_units_2,6,1024,1024,3.83203125,0.12826882845188284,success
paper_conventional-main-ants20-iterations5-epochs5-seed-44,paper_conventional,paper_faithful,iteration_based_paper_interpretation,main,20,5,5,44,4,,7,after_update,dense_units_2,7,2048,2048,3.64453125,0.12199267782426779,success
paper_conventional-main-ants20-iterations5-epochs5-seed-44,paper_conventional,paper_faithful,iteration_based_paper_interpretation,main,20,5,5,44,4,,7,after_update,dropout_1,0,0.1,0.1,2.25390625,0.07544456066945607,success
paper_conventional-main-ants20-iterations5-epochs5-seed-44,paper_conventional,paper_faithful,iteration_based_paper_interpretation,main,20,5,5,44,4,,7,after_update,dropout_1,1,0.2,0.2,9.18359375,0.30740062761506276,success
paper_conventional-main-ants20-iterations5-epochs5-seed-44,paper_conventional,paper_faithful,iteration_based_paper_interpretation,main,20,5,5,44,4,,7,after_update,dropout_1,2,0.3,0.3,3.95703125,0.1324529288702929,success
paper_conventional-main-ants20-iterations5-epochs5-seed-44,paper_conventional,paper_faithful,iteration_based_paper_interpretation,main,20,5,5,44,4,,7,after_update,dropout_1,3,0.4,0.4,2.66796875,0.08930439330543934,success
paper_conventional-main-ants20-iterations5-epochs5-seed-44,paper_conventional,paper_faithful,iteration_based_paper_interpretation,main,20,5,5,44,4,,7,after_update,dropout_1,4,0.5,0.5,2.43359375,0.08145920502092051,success
paper_conventional-main-ants20-iterations5-epochs5-seed-44,paper_conventional,paper_faithful,iteration_based_paper_interpretation,main,20,5,5,44,4,,7,after_update,dropout_1,5,0.6,0.6,1.98046875,0.0662918410041841,success
paper_conventional-main-ants20-iterations5-epochs5-seed-44,paper_conventional,paper_faithful,iteration_based_paper_interpretation,main,20,5,5,44,4,,7,after_update,dropout_1,6,0.7,0.7,4.82421875,0.16148012552301255,success
paper_conventional-main-ants20-iterations5-epochs5-seed-44,paper_conventional,paper_faithful,iteration_based_paper_interpretation,main,20,5,5,44,4,,7,after_update,dropout_1,7,0.8,0.8,2.57421875,0.0861663179916318,success
paper_conventional-main-ants20-iterations5-epochs5-seed-44,paper_conventional,paper_faithful,iteration_based_paper_interpretation,main,20,5,5,44,4,,7,after_update,dropout_2,0,0.1,0.1,6.69921875,0.22424163179916318,success
paper_conventional-main-ants20-iterations5-epochs5-seed-44,paper_conventional,paper_faithful,iteration_based_paper_interpretation,main,20,5,5,44,4,,7,after_update,dropout_2,1,0.2,0.2,7.96484375,0.26660564853556484,success
paper_conventional-main-ants20-iterations5-epochs5-seed-44,paper_conventional,paper_faithful,iteration_based_paper_interpretation,main,20,5,5,44,4,,7,after_update,dropout_2,2,0.3,0.3,3.08203125,0.10316422594142259,success
paper_conventional-main-ants20-iterations5-epochs5-seed-44,paper_conventional,paper_faithful,iteration_based_paper_interpretation,main,20,5,5,44,4,,7,after_update,dropout_2,3,0.4,0.4,3.91796875,0.13114539748953974,success
paper_conventional-main-ants20-iterations5-epochs5-seed-44,paper_conventional,paper_faithful,iteration_based_paper_interpretation,main,20,5,5,44,4,,7,after_update,dropout_2,4,0.5,0.5,3.03515625,0.10159518828451883,success
paper_conventional-main-ants20-iterations5-epochs5-seed-44,paper_conventional,paper_faithful,iteration_based_paper_interpretation,main,20,5,5,44,4,,7,after_update,dropout_2,5,0.6,0.6,2.46484375,0.08250523012552301,success
paper_conventional-main-ants20-iterations5-epochs5-seed-44,paper_conventional,paper_faithful,iteration_based_paper_interpretation,main,20,5,5,44,4,,7,after_update,dropout_2,6,0.7,0.7,0.69140625,0.023143305439330544,success
paper_conventional-main-ants20-iterations5-epochs5-seed-44,paper_conventional,paper_faithful,iteration_based_paper_interpretation,main,20,5,5,44,4,,7,after_update,dropout_2,7,0.8,0.8,2.01953125,0.06759937238493724,success
paper_conventional-main-ants20-iterations5-epochs5-seed-44,paper_conventional,paper_faithful,iteration_based_paper_interpretation,main,20,5,5,44,4,,7,after_update,batch_size,0,16,16,4.41796875,0.14788179916317992,success
paper_conventional-main-ants20-iterations5-epochs5-seed-44,paper_conventional,paper_faithful,iteration_based_paper_interpretation,main,20,5,5,44,4,,7,after_update,batch_size,1,32,32,7.66015625,0.25640690376569036,success
paper_conventional-main-ants20-iterations5-epochs5-seed-44,paper_conventional,paper_faithful,iteration_based_paper_interpretation,main,20,5,5,44,4,,7,after_update,batch_size,2,64,64,2.12109375,0.0709989539748954,success
paper_conventional-main-ants20-iterations5-epochs5-seed-44,paper_conventional,paper_faithful,iteration_based_paper_interpretation,main,20,5,5,44,4,,7,after_update,batch_size,3,128,128,5.12890625,0.17167887029288703,success
paper_conventional-main-ants20-iterations5-epochs5-seed-44,paper_conventional,paper_faithful,iteration_based_paper_interpretation,main,20,5,5,44,4,,7,after_update,batch_size,4,256,256,0.90234375,0.03020397489539749,success
paper_conventional-main-ants20-iterations5-epochs5-seed-44,paper_conventional,paper_faithful,iteration_based_paper_interpretation,main,20,5,5,44,4,,7,after_update,batch_size,5,512,512,1.11328125,0.037264644351464433,success
paper_conventional-main-ants20-iterations5-epochs5-seed-44,paper_conventional,paper_faithful,iteration_based_paper_interpretation,main,20,5,5,44,4,,7,after_update,batch_size,6,1024,1024,2.24609375,0.07518305439330544,success
paper_conventional-main-ants20-iterations5-epochs5-seed-44,paper_conventional,paper_faithful,iteration_based_paper_interpretation,main,20,5,5,44,4,,7,after_update,batch_size,7,2048,2048,6.28515625,0.21038179916317992,success
paper_conventional-main-ants20-iterations5-epochs5-seed-44,paper_conventional,paper_faithful,iteration_based_paper_interpretation,main,20,5,5,44,4,,7,after_update,activation,0,"""relu""","""relu""",3.80859375,0.12748430962343096,success
paper_conventional-main-ants20-iterations5-epochs5-seed-44,paper_conventional,paper_faithful,iteration_based_paper_interpretation,main,20,5,5,44,4,,7,after_update,activation,1,"""sigmoid""","""sigmoid""",2.45703125,0.08224372384937238,success
paper_conventional-main-ants20-iterations5-epochs5-seed-44,paper_conventional,paper_faithful,iteration_based_paper_interpretation,main,20,5,5,44,4,,7,after_update,activation,2,"""softplus""","""softplus""",1.80078125,0.06027719665271967,success
paper_conventional-main-ants20-iterations5-epochs5-seed-44,paper_conventional,paper_faithful,iteration_based_paper_interpretation,main,20,5,5,44,4,,7,after_update,activation,3,"""softsign""","""softsign""",2.62109375,0.08773535564853556,success
paper_conventional-main-ants20-iterations5-epochs5-seed-44,paper_conventional,paper_faithful,iteration_based_paper_interpretation,main,20,5,5,44,4,,7,after_update,activation,4,"""tanh""","""tanh""",2.68359375,0.08982740585774059,success
paper_conventional-main-ants20-iterations5-epochs5-seed-44,paper_conventional,paper_faithful,iteration_based_paper_interpretation,main,20,5,5,44,4,,7,after_update,activation,5,"""selu""","""selu""",5.09765625,0.17063284518828453,success
paper_conventional-main-ants20-iterations5-epochs5-seed-44,paper_conventional,paper_faithful,iteration_based_paper_interpretation,main,20,5,5,44,4,,7,after_update,activation,6,"""gelu""","""gelu""",9.30078125,0.3113232217573222,success
paper_conventional-main-ants20-iterations5-epochs5-seed-44,paper_conventional,paper_faithful,iteration_based_paper_interpretation,main,20,5,5,44,4,,7,after_update,activation,7,"""linear""","""linier""",2.10546875,0.07047594142259414,success
paper_conventional-main-ants20-iterations5-epochs5-seed-44,paper_conventional,paper_faithful,iteration_based_paper_interpretation,main,20,5,5,44,4,,7,after_update,optimizer,0,"""adam""","""adam""",5.19140625,0.17377092050209206,success
paper_conventional-main-ants20-iterations5-epochs5-seed-44,paper_conventional,paper_faithful,iteration_based_paper_interpretation,main,20,5,5,44,4,,7,after_update,optimizer,1,"""rmsprop""","""rmsprop""",2.67578125,0.08956589958158996,success
paper_conventional-main-ants20-iterations5-epochs5-seed-44,paper_conventional,paper_faithful,iteration_based_paper_interpretation,main,20,5,5,44,4,,7,after_update,optimizer,2,"""sgd""","""sgd""",3.63671875,0.12173117154811715,success
paper_conventional-main-ants20-iterations5-epochs5-seed-44,paper_conventional,paper_faithful,iteration_based_paper_interpretation,main,20,5,5,44,4,,7,after_update,optimizer,3,"""adadelta""","""adadelta""",3.63671875,0.12173117154811715,success
paper_conventional-main-ants20-iterations5-epochs5-seed-44,paper_conventional,paper_faithful,iteration_based_paper_interpretation,main,20,5,5,44,4,,7,after_update,optimizer,4,"""adagrad""","""adagrad""",5.57421875,0.1865847280334728,success
paper_conventional-main-ants20-iterations5-epochs5-seed-44,paper_conventional,paper_faithful,iteration_based_paper_interpretation,main,20,5,5,44,4,,7,after_update,optimizer,5,"""adamax""","""adamax""",3.83203125,0.12826882845188284,success
paper_conventional-main-ants20-iterations5-epochs5-seed-44,paper_conventional,paper_faithful,iteration_based_paper_interpretation,main,20,5,5,44,4,,7,after_update,optimizer,6,"""ftrl""","""ftrl""",4.08984375,0.13689853556485357,success
paper_conventional-main-ants20-iterations5-epochs5-seed-44,paper_conventional,paper_faithful,iteration_based_paper_interpretation,main,20,5,5,44,4,,7,after_update,optimizer,7,"""nadam""","""nadam""",1.23828125,0.04144874476987448,success
paper_conventional-main-ants20-iterations5-epochs5-seed-44,paper_conventional,paper_faithful,iteration_based_paper_interpretation,main,20,5,5,44,4,,7,after_update,loss,0,"""sparse_categorical_crossentropy""","""sparse_categorical_crossentropy""",4.19921875,0.14055962343096234,success
paper_conventional-main-ants20-iterations5-epochs5-seed-44,paper_conventional,paper_faithful,iteration_based_paper_interpretation,main,20,5,5,44,4,,7,after_update,loss,1,"""categorical_crossentropy""","""categorical_crossentropy""",2.05859375,0.06890690376569038,success
paper_conventional-main-ants20-iterations5-epochs5-seed-44,paper_conventional,paper_faithful,iteration_based_paper_interpretation,main,20,5,5,44,4,,7,after_update,loss,2,"""binary_crossentropy""","""binary_crossentropy""",2.08203125,0.06969142259414227,success
paper_conventional-main-ants20-iterations5-epochs5-seed-44,paper_conventional,paper_faithful,iteration_based_paper_interpretation,main,20,5,5,44,4,,7,after_update,loss,3,"""mean_absolute_error""","""mean_absolute_error""",1.75390625,0.0587081589958159,success
paper_conventional-main-ants20-iterations5-epochs5-seed-44,paper_conventional,paper_faithful,iteration_based_paper_interpretation,main,20,5,5,44,4,,7,after_update,loss,4,"""mean_squared_error""","""mean_squared_error""",5.01171875,0.1677562761506276,success
paper_conventional-main-ants20-iterations5-epochs5-seed-44,paper_conventional,paper_faithful,iteration_based_paper_interpretation,main,20,5,5,44,4,,7,after_update,loss,5,"""squared_hinge""","""squared_hinge""",3.30078125,0.11048640167364017,success
paper_conventional-main-ants20-iterations5-epochs5-seed-44,paper_conventional,paper_faithful,iteration_based_paper_interpretation,main,20,5,5,44,4,,7,after_update,loss,6,"""categorical_hinge""","""categorical_hinge""",9.36328125,0.3134152719665272,success
paper_conventional-main-ants20-iterations5-epochs5-seed-44,paper_conventional,paper_faithful,iteration_based_paper_interpretation,main,20,5,5,44,4,,7,after_update,loss,7,"""cosine_similarity""","""cosine_similarity""",2.10546875,0.07047594142259414,success
paper_conventional-main-ants20-iterations5-epochs5-seed-44,paper_conventional,paper_faithful,iteration_based_paper_interpretation,main,20,5,5,44,5,,8,before_sampling,dense_units_1,0,16,16,2.46484375,0.08250523012552301,success
paper_conventional-main-ants20-iterations5-epochs5-seed-44,paper_conventional,paper_faithful,iteration_based_paper_interpretation,main,20,5,5,44,5,,8,before_sampling,dense_units_1,1,32,32,4.45703125,0.14918933054393305,success
paper_conventional-main-ants20-iterations5-epochs5-seed-44,paper_conventional,paper_faithful,iteration_based_paper_interpretation,main,20,5,5,44,5,,8,before_sampling,dense_units_1,2,64,64,5.29296875,0.1771705020920502,success
paper_conventional-main-ants20-iterations5-epochs5-seed-44,paper_conventional,paper_faithful,iteration_based_paper_interpretation,main,20,5,5,44,5,,8,before_sampling,dense_units_1,3,128,128,2.39453125,0.08015167364016737,success
paper_conventional-main-ants20-iterations5-epochs5-seed-44,paper_conventional,paper_faithful,iteration_based_paper_interpretation,main,20,5,5,44,5,,8,before_sampling,dense_units_1,4,256,256,3.05859375,0.10237970711297072,success
paper_conventional-main-ants20-iterations5-epochs5-seed-44,paper_conventional,paper_faithful,iteration_based_paper_interpretation,main,20,5,5,44,5,,8,before_sampling,dense_units_1,5,512,512,2.97265625,0.0995031380753138,success
paper_conventional-main-ants20-iterations5-epochs5-seed-44,paper_conventional,paper_faithful,iteration_based_paper_interpretation,main,20,5,5,44,5,,8,before_sampling,dense_units_1,6,1024,1024,6.55859375,0.21953451882845187,success
paper_conventional-main-ants20-iterations5-epochs5-seed-44,paper_conventional,paper_faithful,iteration_based_paper_interpretation,main,20,5,5,44,5,,8,before_sampling,dense_units_1,7,2048,2048,2.67578125,0.08956589958158996,success
paper_conventional-main-ants20-iterations5-epochs5-seed-44,paper_conventional,paper_faithful,iteration_based_paper_interpretation,main,20,5,5,44,5,,8,before_sampling,dense_units_2,0,16,16,4.48046875,0.14997384937238495,success
paper_conventional-main-ants20-iterations5-epochs5-seed-44,paper_conventional,paper_faithful,iteration_based_paper_interpretation,main,20,5,5,44,5,,8,before_sampling,dense_units_2,1,32,32,2.58984375,0.08668933054393306,success
paper_conventional-main-ants20-iterations5-epochs5-seed-44,paper_conventional,paper_faithful,iteration_based_paper_interpretation,main,20,5,5,44,5,,8,before_sampling,dense_units_2,2,64,64,8.42578125,0.2820345188284519,success
paper_conventional-main-ants20-iterations5-epochs5-seed-44,paper_conventional,paper_faithful,iteration_based_paper_interpretation,main,20,5,5,44,5,,8,before_sampling,dense_units_2,3,128,128,1.76953125,0.059231171548117155,success
paper_conventional-main-ants20-iterations5-epochs5-seed-44,paper_conventional,paper_faithful,iteration_based_paper_interpretation,main,20,5,5,44,5,,8,before_sampling,dense_units_2,4,256,256,2.08203125,0.06969142259414227,success
paper_conventional-main-ants20-iterations5-epochs5-seed-44,paper_conventional,paper_faithful,iteration_based_paper_interpretation,main,20,5,5,44,5,,8,before_sampling,dense_units_2,5,512,512,3.05078125,0.10211820083682008,success
paper_conventional-main-ants20-iterations5-epochs5-seed-44,paper_conventional,paper_faithful,iteration_based_paper_interpretation,main,20,5,5,44,5,,8,before_sampling,dense_units_2,6,1024,1024,3.83203125,0.12826882845188284,success
paper_conventional-main-ants20-iterations5-epochs5-seed-44,paper_conventional,paper_faithful,iteration_based_paper_interpretation,main,20,5,5,44,5,,8,before_sampling,dense_units_2,7,2048,2048,3.64453125,0.12199267782426779,success
paper_conventional-main-ants20-iterations5-epochs5-seed-44,paper_conventional,paper_faithful,iteration_based_paper_interpretation,main,20,5,5,44,5,,8,before_sampling,dropout_1,0,0.1,0.1,2.25390625,0.07544456066945607,success
paper_conventional-main-ants20-iterations5-epochs5-seed-44,paper_conventional,paper_faithful,iteration_based_paper_interpretation,main,20,5,5,44,5,,8,before_sampling,dropout_1,1,0.2,0.2,9.18359375,0.30740062761506276,success
paper_conventional-main-ants20-iterations5-epochs5-seed-44,paper_conventional,paper_faithful,iteration_based_paper_interpretation,main,20,5,5,44,5,,8,before_sampling,dropout_1,2,0.3,0.3,3.95703125,0.1324529288702929,success
paper_conventional-main-ants20-iterations5-epochs5-seed-44,paper_conventional,paper_faithful,iteration_based_paper_interpretation,main,20,5,5,44,5,,8,before_sampling,dropout_1,3,0.4,0.4,2.66796875,0.08930439330543934,success
paper_conventional-main-ants20-iterations5-epochs5-seed-44,paper_conventional,paper_faithful,iteration_based_paper_interpretation,main,20,5,5,44,5,,8,before_sampling,dropout_1,4,0.5,0.5,2.43359375,0.08145920502092051,success
paper_conventional-main-ants20-iterations5-epochs5-seed-44,paper_conventional,paper_faithful,iteration_based_paper_interpretation,main,20,5,5,44,5,,8,before_sampling,dropout_1,5,0.6,0.6,1.98046875,0.0662918410041841,success
paper_conventional-main-ants20-iterations5-epochs5-seed-44,paper_conventional,paper_faithful,iteration_based_paper_interpretation,main,20,5,5,44,5,,8,before_sampling,dropout_1,6,0.7,0.7,4.82421875,0.16148012552301255,success
paper_conventional-main-ants20-iterations5-epochs5-seed-44,paper_conventional,paper_faithful,iteration_based_paper_interpretation,main,20,5,5,44,5,,8,before_sampling,dropout_1,7,0.8,0.8,2.57421875,0.0861663179916318,success
paper_conventional-main-ants20-iterations5-epochs5-seed-44,paper_conventional,paper_faithful,iteration_based_paper_interpretation,main,20,5,5,44,5,,8,before_sampling,dropout_2,0,0.1,0.1,6.69921875,0.22424163179916318,success
paper_conventional-main-ants20-iterations5-epochs5-seed-44,paper_conventional,paper_faithful,iteration_based_paper_interpretation,main,20,5,5,44,5,,8,before_sampling,dropout_2,1,0.2,0.2,7.96484375,0.26660564853556484,success
paper_conventional-main-ants20-iterations5-epochs5-seed-44,paper_conventional,paper_faithful,iteration_based_paper_interpretation,main,20,5,5,44,5,,8,before_sampling,dropout_2,2,0.3,0.3,3.08203125,0.10316422594142259,success
paper_conventional-main-ants20-iterations5-epochs5-seed-44,paper_conventional,paper_faithful,iteration_based_paper_interpretation,main,20,5,5,44,5,,8,before_sampling,dropout_2,3,0.4,0.4,3.91796875,0.13114539748953974,success
paper_conventional-main-ants20-iterations5-epochs5-seed-44,paper_conventional,paper_faithful,iteration_based_paper_interpretation,main,20,5,5,44,5,,8,before_sampling,dropout_2,4,0.5,0.5,3.03515625,0.10159518828451883,success
paper_conventional-main-ants20-iterations5-epochs5-seed-44,paper_conventional,paper_faithful,iteration_based_paper_interpretation,main,20,5,5,44,5,,8,before_sampling,dropout_2,5,0.6,0.6,2.46484375,0.08250523012552301,success
paper_conventional-main-ants20-iterations5-epochs5-seed-44,paper_conventional,paper_faithful,iteration_based_paper_interpretation,main,20,5,5,44,5,,8,before_sampling,dropout_2,6,0.7,0.7,0.69140625,0.023143305439330544,success
paper_conventional-main-ants20-iterations5-epochs5-seed-44,paper_conventional,paper_faithful,iteration_based_paper_interpretation,main,20,5,5,44,5,,8,before_sampling,dropout_2,7,0.8,0.8,2.01953125,0.06759937238493724,success
paper_conventional-main-ants20-iterations5-epochs5-seed-44,paper_conventional,paper_faithful,iteration_based_paper_interpretation,main,20,5,5,44,5,,8,before_sampling,batch_size,0,16,16,4.41796875,0.14788179916317992,success
paper_conventional-main-ants20-iterations5-epochs5-seed-44,paper_conventional,paper_faithful,iteration_based_paper_interpretation,main,20,5,5,44,5,,8,before_sampling,batch_size,1,32,32,7.66015625,0.25640690376569036,success
paper_conventional-main-ants20-iterations5-epochs5-seed-44,paper_conventional,paper_faithful,iteration_based_paper_interpretation,main,20,5,5,44,5,,8,before_sampling,batch_size,2,64,64,2.12109375,0.0709989539748954,success
paper_conventional-main-ants20-iterations5-epochs5-seed-44,paper_conventional,paper_faithful,iteration_based_paper_interpretation,main,20,5,5,44,5,,8,before_sampling,batch_size,3,128,128,5.12890625,0.17167887029288703,success
paper_conventional-main-ants20-iterations5-epochs5-seed-44,paper_conventional,paper_faithful,iteration_based_paper_interpretation,main,20,5,5,44,5,,8,before_sampling,batch_size,4,256,256,0.90234375,0.03020397489539749,success
paper_conventional-main-ants20-iterations5-epochs5-seed-44,paper_conventional,paper_faithful,iteration_based_paper_interpretation,main,20,5,5,44,5,,8,before_sampling,batch_size,5,512,512,1.11328125,0.037264644351464433,success
paper_conventional-main-ants20-iterations5-epochs5-seed-44,paper_conventional,paper_faithful,iteration_based_paper_interpretation,main,20,5,5,44,5,,8,before_sampling,batch_size,6,1024,1024,2.24609375,0.07518305439330544,success
paper_conventional-main-ants20-iterations5-epochs5-seed-44,paper_conventional,paper_faithful,iteration_based_paper_interpretation,main,20,5,5,44,5,,8,before_sampling,batch_size,7,2048,2048,6.28515625,0.21038179916317992,success
paper_conventional-main-ants20-iterations5-epochs5-seed-44,paper_conventional,paper_faithful,iteration_based_paper_interpretation,main,20,5,5,44,5,,8,before_sampling,activation,0,"""relu""","""relu""",3.80859375,0.12748430962343096,success
paper_conventional-main-ants20-iterations5-epochs5-seed-44,paper_conventional,paper_faithful,iteration_based_paper_interpretation,main,20,5,5,44,5,,8,before_sampling,activation,1,"""sigmoid""","""sigmoid""",2.45703125,0.08224372384937238,success
paper_conventional-main-ants20-iterations5-epochs5-seed-44,paper_conventional,paper_faithful,iteration_based_paper_interpretation,main,20,5,5,44,5,,8,before_sampling,activation,2,"""softplus""","""softplus""",1.80078125,0.06027719665271967,success
paper_conventional-main-ants20-iterations5-epochs5-seed-44,paper_conventional,paper_faithful,iteration_based_paper_interpretation,main,20,5,5,44,5,,8,before_sampling,activation,3,"""softsign""","""softsign""",2.62109375,0.08773535564853556,success
paper_conventional-main-ants20-iterations5-epochs5-seed-44,paper_conventional,paper_faithful,iteration_based_paper_interpretation,main,20,5,5,44,5,,8,before_sampling,activation,4,"""tanh""","""tanh""",2.68359375,0.08982740585774059,success
paper_conventional-main-ants20-iterations5-epochs5-seed-44,paper_conventional,paper_faithful,iteration_based_paper_interpretation,main,20,5,5,44,5,,8,before_sampling,activation,5,"""selu""","""selu""",5.09765625,0.17063284518828453,success
paper_conventional-main-ants20-iterations5-epochs5-seed-44,paper_conventional,paper_faithful,iteration_based_paper_interpretation,main,20,5,5,44,5,,8,before_sampling,activation,6,"""gelu""","""gelu""",9.30078125,0.3113232217573222,success
paper_conventional-main-ants20-iterations5-epochs5-seed-44,paper_conventional,paper_faithful,iteration_based_paper_interpretation,main,20,5,5,44,5,,8,before_sampling,activation,7,"""linear""","""linier""",2.10546875,0.07047594142259414,success
paper_conventional-main-ants20-iterations5-epochs5-seed-44,paper_conventional,paper_faithful,iteration_based_paper_interpretation,main,20,5,5,44,5,,8,before_sampling,optimizer,0,"""adam""","""adam""",5.19140625,0.17377092050209206,success
paper_conventional-main-ants20-iterations5-epochs5-seed-44,paper_conventional,paper_faithful,iteration_based_paper_interpretation,main,20,5,5,44,5,,8,before_sampling,optimizer,1,"""rmsprop""","""rmsprop""",2.67578125,0.08956589958158996,success
paper_conventional-main-ants20-iterations5-epochs5-seed-44,paper_conventional,paper_faithful,iteration_based_paper_interpretation,main,20,5,5,44,5,,8,before_sampling,optimizer,2,"""sgd""","""sgd""",3.63671875,0.12173117154811715,success
paper_conventional-main-ants20-iterations5-epochs5-seed-44,paper_conventional,paper_faithful,iteration_based_paper_interpretation,main,20,5,5,44,5,,8,before_sampling,optimizer,3,"""adadelta""","""adadelta""",3.63671875,0.12173117154811715,success
paper_conventional-main-ants20-iterations5-epochs5-seed-44,paper_conventional,paper_faithful,iteration_based_paper_interpretation,main,20,5,5,44,5,,8,before_sampling,optimizer,4,"""adagrad""","""adagrad""",5.57421875,0.1865847280334728,success
paper_conventional-main-ants20-iterations5-epochs5-seed-44,paper_conventional,paper_faithful,iteration_based_paper_interpretation,main,20,5,5,44,5,,8,before_sampling,optimizer,5,"""adamax""","""adamax""",3.83203125,0.12826882845188284,success
paper_conventional-main-ants20-iterations5-epochs5-seed-44,paper_conventional,paper_faithful,iteration_based_paper_interpretation,main,20,5,5,44,5,,8,before_sampling,optimizer,6,"""ftrl""","""ftrl""",4.08984375,0.13689853556485357,success
paper_conventional-main-ants20-iterations5-epochs5-seed-44,paper_conventional,paper_faithful,iteration_based_paper_interpretation,main,20,5,5,44,5,,8,before_sampling,optimizer,7,"""nadam""","""nadam""",1.23828125,0.04144874476987448,success
paper_conventional-main-ants20-iterations5-epochs5-seed-44,paper_conventional,paper_faithful,iteration_based_paper_interpretation,main,20,5,5,44,5,,8,before_sampling,loss,0,"""sparse_categorical_crossentropy""","""sparse_categorical_crossentropy""",4.19921875,0.14055962343096234,success
paper_conventional-main-ants20-iterations5-epochs5-seed-44,paper_conventional,paper_faithful,iteration_based_paper_interpretation,main,20,5,5,44,5,,8,before_sampling,loss,1,"""categorical_crossentropy""","""categorical_crossentropy""",2.05859375,0.06890690376569038,success
paper_conventional-main-ants20-iterations5-epochs5-seed-44,paper_conventional,paper_faithful,iteration_based_paper_interpretation,main,20,5,5,44,5,,8,before_sampling,loss,2,"""binary_crossentropy""","""binary_crossentropy""",2.08203125,0.06969142259414227,success
paper_conventional-main-ants20-iterations5-epochs5-seed-44,paper_conventional,paper_faithful,iteration_based_paper_interpretation,main,20,5,5,44,5,,8,before_sampling,loss,3,"""mean_absolute_error""","""mean_absolute_error""",1.75390625,0.0587081589958159,success
paper_conventional-main-ants20-iterations5-epochs5-seed-44,paper_conventional,paper_faithful,iteration_based_paper_interpretation,main,20,5,5,44,5,,8,before_sampling,loss,4,"""mean_squared_error""","""mean_squared_error""",5.01171875,0.1677562761506276,success
paper_conventional-main-ants20-iterations5-epochs5-seed-44,paper_conventional,paper_faithful,iteration_based_paper_interpretation,main,20,5,5,44,5,,8,before_sampling,loss,5,"""squared_hinge""","""squared_hinge""",3.30078125,0.11048640167364017,success
paper_conventional-main-ants20-iterations5-epochs5-seed-44,paper_conventional,paper_faithful,iteration_based_paper_interpretation,main,20,5,5,44,5,,8,before_sampling,loss,6,"""categorical_hinge""","""categorical_hinge""",9.36328125,0.3134152719665272,success
paper_conventional-main-ants20-iterations5-epochs5-seed-44,paper_conventional,paper_faithful,iteration_based_paper_interpretation,main,20,5,5,44,5,,8,before_sampling,loss,7,"""cosine_similarity""","""cosine_similarity""",2.10546875,0.07047594142259414,success
paper_conventional-main-ants20-iterations5-epochs5-seed-44,paper_conventional,paper_faithful,iteration_based_paper_interpretation,main,20,5,5,44,5,,9,after_update,dense_units_1,0,16,16,2.8486328125,0.08790380906460946,success
paper_conventional-main-ants20-iterations5-epochs5-seed-44,paper_conventional,paper_faithful,iteration_based_paper_interpretation,main,20,5,5,44,5,,9,after_update,dense_units_1,1,32,32,4.8427734375,0.14943948891031822,success
paper_conventional-main-ants20-iterations5-epochs5-seed-44,paper_conventional,paper_faithful,iteration_based_paper_interpretation,main,20,5,5,44,5,,9,after_update,dense_units_1,2,64,64,4.9697265625,0.15335703953712632,success
paper_conventional-main-ants20-iterations5-epochs5-seed-44,paper_conventional,paper_faithful,iteration_based_paper_interpretation,main,20,5,5,44,5,,9,after_update,dense_units_1,3,128,128,2.2958984375,0.07084739633558342,success
paper_conventional-main-ants20-iterations5-epochs5-seed-44,paper_conventional,paper_faithful,iteration_based_paper_interpretation,main,20,5,5,44,5,,9,after_update,dense_units_1,4,256,256,3.7939453125,0.117074493731919,success
paper_conventional-main-ants20-iterations5-epochs5-seed-44,paper_conventional,paper_faithful,iteration_based_paper_interpretation,main,20,5,5,44,5,,9,after_update,dense_units_1,5,512,512,3.7294921875,0.11508558341369335,success
paper_conventional-main-ants20-iterations5-epochs5-seed-44,paper_conventional,paper_faithful,iteration_based_paper_interpretation,main,20,5,5,44,5,,9,after_update,dense_units_1,6,1024,1024,6.4189453125,0.19807738669238187,success
paper_conventional-main-ants20-iterations5-epochs5-seed-44,paper_conventional,paper_faithful,iteration_based_paper_interpretation,main,20,5,5,44,5,,9,after_update,dense_units_1,7,2048,2048,3.5068359375,0.10821480231436836,success
paper_conventional-main-ants20-iterations5-epochs5-seed-44,paper_conventional,paper_faithful,iteration_based_paper_interpretation,main,20,5,5,44,5,,9,after_update,dense_units_2,0,16,16,3.8603515625,0.11912367405978785,success
paper_conventional-main-ants20-iterations5-epochs5-seed-44,paper_conventional,paper_faithful,iteration_based_paper_interpretation,main,20,5,5,44,5,,9,after_update,dense_units_2,1,32,32,3.4423828125,0.10622589199614271,success
paper_conventional-main-ants20-iterations5-epochs5-seed-44,paper_conventional,paper_faithful,iteration_based_paper_interpretation,main,20,5,5,44,5,,9,after_update,dense_units_2,2,64,64,10.8193359375,0.3338657184185149,success
paper_conventional-main-ants20-iterations5-epochs5-seed-44,paper_conventional,paper_faithful,iteration_based_paper_interpretation,main,20,5,5,44,5,,9,after_update,dense_units_2,3,128,128,2.3271484375,0.07181171648987464,success
paper_conventional-main-ants20-iterations5-epochs5-seed-44,paper_conventional,paper_faithful,iteration_based_paper_interpretation,main,20,5,5,44,5,,9,after_update,dense_units_2,4,256,256,1.5615234375,0.04818587270973963,success
paper_conventional-main-ants20-iterations5-epochs5-seed-44,paper_conventional,paper_faithful,iteration_based_paper_interpretation,main,20,5,5,44,5,,9,after_update,dense_units_2,5,512,512,3.2880859375,0.1014645612343298,success
paper_conventional-main-ants20-iterations5-epochs5-seed-44,paper_conventional,paper_faithful,iteration_based_paper_interpretation,main,20,5,5,44,5,,9,after_update,dense_units_2,6,1024,1024,3.8740234375,0.11954556412729025,success
paper_conventional-main-ants20-iterations5-epochs5-seed-44,paper_conventional,paper_faithful,iteration_based_paper_interpretation,main,20,5,5,44,5,,9,after_update,dense_units_2,7,2048,2048,3.2333984375,0.09977700096432016,success
paper_conventional-main-ants20-iterations5-epochs5-seed-44,paper_conventional,paper_faithful,iteration_based_paper_interpretation,main,20,5,5,44,5,,9,after_update,dropout_1,0,0.1,0.1,2.1904296875,0.06759281581485053,success
paper_conventional-main-ants20-iterations5-epochs5-seed-44,paper_conventional,paper_faithful,iteration_based_paper_interpretation,main,20,5,5,44,5,,9,after_update,dropout_1,1,0.2,0.2,11.3876953125,0.3514042912246866,success
paper_conventional-main-ants20-iterations5-epochs5-seed-44,paper_conventional,paper_faithful,iteration_based_paper_interpretation,main,20,5,5,44,5,,9,after_update,dropout_1,2,0.3,0.3,3.4677734375,0.10700940212150434,success
paper_conventional-main-ants20-iterations5-epochs5-seed-44,paper_conventional,paper_faithful,iteration_based_paper_interpretation,main,20,5,5,44,5,,9,after_update,dropout_1,3,0.4,0.4,2.5009765625,0.07717574734811958,success
paper_conventional-main-ants20-iterations5-epochs5-seed-44,paper_conventional,paper_faithful,iteration_based_paper_interpretation,main,20,5,5,44,5,,9,after_update,dropout_1,4,0.5,0.5,1.8251953125,0.05632232401157184,success
paper_conventional-main-ants20-iterations5-epochs5-seed-44,paper_conventional,paper_faithful,iteration_based_paper_interpretation,main,20,5,5,44,5,,9,after_update,dropout_1,5,0.6,0.6,2.9853515625,0.09212270973963356,success
paper_conventional-main-ants20-iterations5-epochs5-seed-44,paper_conventional,paper_faithful,iteration_based_paper_interpretation,main,20,5,5,44,5,,9,after_update,dropout_1,6,0.7,0.7,6.1181640625,0.18879580520732883,success
paper_conventional-main-ants20-iterations5-epochs5-seed-44,paper_conventional,paper_faithful,iteration_based_paper_interpretation,main,20,5,5,44,5,,9,after_update,dropout_1,7,0.8,0.8,1.9306640625,0.05957690453230473,success
paper_conventional-main-ants20-iterations5-epochs5-seed-44,paper_conventional,paper_faithful,iteration_based_paper_interpretation,main,20,5,5,44,5,,9,after_update,dropout_2,0,0.1,0.1,9.0244140625,0.2784775795564127,success
paper_conventional-main-ants20-iterations5-epochs5-seed-44,paper_conventional,paper_faithful,iteration_based_paper_interpretation,main,20,5,5,44,5,,9,after_update,dropout_2,1,0.2,0.2,7.9736328125,0.2460523143683703,success
paper_conventional-main-ants20-iterations5-epochs5-seed-44,paper_conventional,paper_faithful,iteration_based_paper_interpretation,main,20,5,5,44,5,,9,after_update,dropout_2,2,0.3,0.3,3.8115234375,0.11761692381870781,success
paper_conventional-main-ants20-iterations5-epochs5-seed-44,paper_conventional,paper_faithful,iteration_based_paper_interpretation,main,20,5,5,44,5,,9,after_update,dropout_2,3,0.4,0.4,3.4384765625,0.10610535197685632,success
paper_conventional-main-ants20-iterations5-epochs5-seed-44,paper_conventional,paper_faithful,iteration_based_paper_interpretation,main,20,5,5,44,5,,9,after_update,dropout_2,4,0.5,0.5,3.7763671875,0.11653206364513018,success
paper_conventional-main-ants20-iterations5-epochs5-seed-44,paper_conventional,paper_faithful,iteration_based_paper_interpretation,main,20,5,5,44,5,,9,after_update,dropout_2,5,0.6,0.6,1.8486328125,0.05704556412729026,success
paper_conventional-main-ants20-iterations5-epochs5-seed-44,paper_conventional,paper_faithful,iteration_based_paper_interpretation,main,20,5,5,44,5,,9,after_update,dropout_2,6,0.7,0.7,0.5185546875,0.016001687560270008,success
paper_conventional-main-ants20-iterations5-epochs5-seed-44,paper_conventional,paper_faithful,iteration_based_paper_interpretation,main,20,5,5,44,5,,9,after_update,dropout_2,7,0.8,0.8,2.0146484375,0.06216851494696239,success
paper_conventional-main-ants20-iterations5-epochs5-seed-44,paper_conventional,paper_faithful,iteration_based_paper_interpretation,main,20,5,5,44,5,,9,after_update,batch_size,0,16,16,5.8134765625,0.1793936837029894,success
paper_conventional-main-ants20-iterations5-epochs5-seed-44,paper_conventional,paper_faithful,iteration_based_paper_interpretation,main,20,5,5,44,5,,9,after_update,batch_size,1,32,32,7.2451171875,0.22357160077145613,success
paper_conventional-main-ants20-iterations5-epochs5-seed-44,paper_conventional,paper_faithful,iteration_based_paper_interpretation,main,20,5,5,44,5,,9,after_update,batch_size,2,64,64,1.5908203125,0.04908992285438766,success
paper_conventional-main-ants20-iterations5-epochs5-seed-44,paper_conventional,paper_faithful,iteration_based_paper_interpretation,main,20,5,5,44,5,,9,after_update,batch_size,3,128,128,4.8466796875,0.14956002892960463,success
paper_conventional-main-ants20-iterations5-epochs5-seed-44,paper_conventional,paper_faithful,iteration_based_paper_interpretation,main,20,5,5,44,5,,9,after_update,batch_size,4,256,256,0.6767578125,0.020883558341369336,success
paper_conventional-main-ants20-iterations5-epochs5-seed-44,paper_conventional,paper_faithful,iteration_based_paper_interpretation,main,20,5,5,44,5,,9,after_update,batch_size,5,512,512,1.3349609375,0.04119455159112825,success
paper_conventional-main-ants20-iterations5-epochs5-seed-44,paper_conventional,paper_faithful,iteration_based_paper_interpretation,main,20,5,5,44,5,,9,after_update,batch_size,6,1024,1024,3.6845703125,0.11369937319189971,success
paper_conventional-main-ants20-iterations5-epochs5-seed-44,paper_conventional,paper_faithful,iteration_based_paper_interpretation,main,20,5,5,44,5,,9,after_update,batch_size,7,2048,2048,7.2138671875,0.2226072806171649,success
paper_conventional-main-ants20-iterations5-epochs5-seed-44,paper_conventional,paper_faithful,iteration_based_paper_interpretation,main,20,5,5,44,5,,9,after_update,activation,0,"""relu""","""relu""",4.8564453125,0.14986137897782065,success
paper_conventional-main-ants20-iterations5-epochs5-seed-44,paper_conventional,paper_faithful,iteration_based_paper_interpretation,main,20,5,5,44,5,,9,after_update,activation,1,"""sigmoid""","""sigmoid""",2.8427734375,0.08772299903567984,success
paper_conventional-main-ants20-iterations5-epochs5-seed-44,paper_conventional,paper_faithful,iteration_based_paper_interpretation,main,20,5,5,44,5,,9,after_update,activation,2,"""softplus""","""softplus""",1.3505859375,0.041676711668273865,success
paper_conventional-main-ants20-iterations5-epochs5-seed-44,paper_conventional,paper_faithful,iteration_based_paper_interpretation,main,20,5,5,44,5,,9,after_update,activation,3,"""softsign""","""softsign""",2.9658203125,0.09152000964320155,success
paper_conventional-main-ants20-iterations5-epochs5-seed-44,paper_conventional,paper_faithful,iteration_based_paper_interpretation,main,20,5,5,44,5,,9,after_update,activation,4,"""tanh""","""tanh""",3.0126953125,0.09296648987463837,success
paper_conventional-main-ants20-iterations5-epochs5-seed-44,paper_conventional,paper_faithful,iteration_based_paper_interpretation,main,20,5,5,44,5,,9,after_update,activation,5,"""selu""","""selu""",5.3232421875,0.1642659112825458,success
paper_conventional-main-ants20-iterations5-epochs5-seed-44,paper_conventional,paper_faithful,iteration_based_paper_interpretation,main,20,5,5,44,5,,9,after_update,activation,6,"""gelu""","""gelu""",9.4755859375,0.2923999517839923,success
paper_conventional-main-ants20-iterations5-epochs5-seed-44,paper_conventional,paper_faithful,iteration_based_paper_interpretation,main,20,5,5,44,5,,9,after_update,activation,7,"""linear""","""linier""",2.5791015625,0.07958654773384764,success
paper_conventional-main-ants20-iterations5-epochs5-seed-44,paper_conventional,paper_faithful,iteration_based_paper_interpretation,main,20,5,5,44,5,,9,after_update,optimizer,0,"""adam""","""adam""",5.3935546875,0.16643563162970107,success
paper_conventional-main-ants20-iterations5-epochs5-seed-44,paper_conventional,paper_faithful,iteration_based_paper_interpretation,main,20,5,5,44,5,,9,after_update,optimizer,1,"""rmsprop""","""rmsprop""",2.0068359375,0.06192743490838958,success
paper_conventional-main-ants20-iterations5-epochs5-seed-44,paper_conventional,paper_faithful,iteration_based_paper_interpretation,main,20,5,5,44,5,,9,after_update,optimizer,2,"""sgd""","""sgd""",4.7275390625,0.14588355834136935,success
paper_conventional-main-ants20-iterations5-epochs5-seed-44,paper_conventional,paper_faithful,iteration_based_paper_interpretation,main,20,5,5,44,5,,9,after_update,optimizer,3,"""adadelta""","""adadelta""",3.2275390625,0.09959619093539054,success
paper_conventional-main-ants20-iterations5-epochs5-seed-44,paper_conventional,paper_faithful,iteration_based_paper_interpretation,main,20,5,5,44,5,,9,after_update,optimizer,4,"""adagrad""","""adagrad""",5.1806640625,0.1598662005785921,success
paper_conventional-main-ants20-iterations5-epochs5-seed-44,paper_conventional,paper_faithful,iteration_based_paper_interpretation,main,20,5,5,44,5,,9,after_update,optimizer,5,"""adamax""","""adamax""",6.3740234375,0.19669117647058823,success
paper_conventional-main-ants20-iterations5-epochs5-seed-44,paper_conventional,paper_faithful,iteration_based_paper_interpretation,main,20,5,5,44,5,,9,after_update,optimizer,6,"""ftrl""","""ftrl""",4.5673828125,0.1409414175506268,success
paper_conventional-main-ants20-iterations5-epochs5-seed-44,paper_conventional,paper_faithful,iteration_based_paper_interpretation,main,20,5,5,44,5,,9,after_update,optimizer,7,"""nadam""","""nadam""",0.9287109375,0.028658389585342333,success
paper_conventional-main-ants20-iterations5-epochs5-seed-44,paper_conventional,paper_faithful,iteration_based_paper_interpretation,main,20,5,5,44,5,,9,after_update,loss,0,"""sparse_categorical_crossentropy""","""sparse_categorical_crossentropy""",5.1494140625,0.15890188042430087,success
paper_conventional-main-ants20-iterations5-epochs5-seed-44,paper_conventional,paper_faithful,iteration_based_paper_interpretation,main,20,5,5,44,5,,9,after_update,loss,1,"""categorical_crossentropy""","""categorical_crossentropy""",2.5439453125,0.07850168756027001,success
paper_conventional-main-ants20-iterations5-epochs5-seed-44,paper_conventional,paper_faithful,iteration_based_paper_interpretation,main,20,5,5,44,5,,9,after_update,loss,2,"""binary_crossentropy""","""binary_crossentropy""",2.0615234375,0.06361499517839923,success
paper_conventional-main-ants20-iterations5-epochs5-seed-44,paper_conventional,paper_faithful,iteration_based_paper_interpretation,main,20,5,5,44,5,,9,after_update,loss,3,"""mean_absolute_error""","""mean_absolute_error""",3.3154296875,0.10230834136933462,success
paper_conventional-main-ants20-iterations5-epochs5-seed-44,paper_conventional,paper_faithful,iteration_based_paper_interpretation,main,20,5,5,44,5,,9,after_update,loss,4,"""mean_squared_error""","""mean_squared_error""",4.7587890625,0.14684787849566056,success
paper_conventional-main-ants20-iterations5-epochs5-seed-44,paper_conventional,paper_faithful,iteration_based_paper_interpretation,main,20,5,5,44,5,,9,after_update,loss,5,"""squared_hinge""","""squared_hinge""",2.9755859375,0.09182135969141755,success
paper_conventional-main-ants20-iterations5-epochs5-seed-44,paper_conventional,paper_faithful,iteration_based_paper_interpretation,main,20,5,5,44,5,,9,after_update,loss,6,"""categorical_hinge""","""categorical_hinge""",10.0224609375,0.3092755544840887,success
paper_conventional-main-ants20-iterations5-epochs5-seed-44,paper_conventional,paper_faithful,iteration_based_paper_interpretation,main,20,5,5,44,5,,9,after_update,loss,7,"""cosine_similarity""","""cosine_similarity""",1.5791015625,0.04872830279652845,success
