run_id,mode,family,mode_interpretation,budget,effective_ants,effective_iterations,effective_max_epochs,seed,iteration,ant_id,candidate_id,dense_units_1,dense_units_2,dropout_1,dropout_2,batch_size,activation,optimizer,loss,learning_rate,fitness,train_accuracy,validation_accuracy,validation_loss,best_epoch,actual_epochs_completed,training_time_seconds,status,failure_reason,semantic_warning,effective_learning_rate,cache_hit,selection_probabilities,is_iteration_best,is_global_best,paper_label_activation,run_status
paper_conventional-main-ants20-iterations5-epochs5-seed-42,paper_conventional,paper_faithful,iteration_based_paper_interpretation,main,20,5,5,42,1,1,f1f4131008257cd2,1024,128,0.7,0.6,16,linear,ftrl,categorical_hinge,,0.10000000149011612,0.09087499976158142,0.10000000149011612,1.0000014305114746,5,5,39.364297013002215,cached,,nonstandard_loss_for_multiclass_sparse_labels,0.0010000000474974513,True,"{""activation"": [0.125, 0.125, 0.125, 0.125, 0.125, 0.125, 0.125, 0.125], ""batch_size"": [0.125, 0.125, 0.125, 0.125, 0.125, 0.125, 0.125, 0.125], ""dense_units_1"": [0.125, 0.125, 0.125, 0.125, 0.125, 0.125, 0.125, 0.125], ""dense_units_2"": [0.125, 0.125, 0.125, 0.125, 0.125, 0.125, 0.125, 0.125], ""dropout_1"": [0.125, 0.125, 0.125, 0.125, 0.125, 0.125, 0.125, 0.125], ""dropout_2"": [0.125, 0.125, 0.125, 0.125, 0.125, 0.125, 0.125, 0.125], ""loss"": [0.125, 0.125, 0.125, 0.125, 0.125, 0.125, 0.125, 0.125], ""optimizer"": [0.125, 0.125, 0.125, 0.125, 0.125, 0.125, 0.125, 0.125]}",False,False,linier,success
paper_conventional-main-ants20-iterations5-epochs5-seed-42,paper_conventional,paper_faithful,iteration_based_paper_interpretation,main,20,5,5,42,1,2,fc9c12c60a3c3c6b,32,128,0.3,0.8,512,gelu,adadelta,categorical_crossentropy,,0.06750000268220901,0.0951249971985817,0.06750000268220901,2.3098390102386475,5,5,7.370379356001649,cached,,nonstandard_loss_for_multiclass_sparse_labels,0.0010000000474974513,True,"{""activation"": [0.125, 0.125, 0.125, 0.125, 0.125, 0.125, 0.125, 0.125], ""batch_size"": [0.125, 0.125, 0.125, 0.125, 0.125, 0.125, 0.125, 0.125], ""dense_units_1"": [0.125, 0.125, 0.125, 0.125, 0.125, 0.125, 0.125, 0.125], ""dense_units_2"": [0.125, 0.125, 0.125, 0.125, 0.125, 0.125, 0.125, 0.125], ""dropout_1"": [0.125, 0.125, 0.125, 0.125, 0.125, 0.125, 0.125, 0.125], ""dropout_2"": [0.125, 0.125, 0.125, 0.125, 0.125, 0.125, 0.125, 0.125], ""loss"": [0.125, 0.125, 0.125, 0.125, 0.125, 0.125, 0.125, 0.125], ""optimizer"": [0.125, 0.125, 0.125, 0.125, 0.125, 0.125, 0.125, 0.125]}",False,False,gelu,success
paper_conventional-main-ants20-iterations5-epochs5-seed-42,paper_conventional,paper_faithful,iteration_based_paper_interpretation,main,20,5,5,42,1,3,f8e0ac9fcbf8ecd8,256,16,0.7,0.6,1024,softplus,nadam,cosine_similarity,,0.6769999861717224,0.9082499742507935,0.6769999861717224,-0.7164909243583679,5,5,10.312522014999558,cached,,nonstandard_loss_for_multiclass_sparse_labels,0.0010000000474974513,True,"{""activation"": [0.125, 0.125, 0.125, 0.125, 0.125, 0.125, 0.125, 0.125], ""batch_size"": [0.125, 0.125, 0.125, 0.125, 0.125, 0.125, 0.125, 0.125], ""dense_units_1"": [0.125, 0.125, 0.125, 0.125, 0.125, 0.125, 0.125, 0.125], ""dense_units_2"": [0.125, 0.125, 0.125, 0.125, 0.125, 0.125, 0.125, 0.125], ""dropout_1"": [0.125, 0.125, 0.125, 0.125, 0.125, 0.125, 0.125, 0.125], ""dropout_2"": [0.125, 0.125, 0.125, 0.125, 0.125, 0.125, 0.125, 0.125], ""loss"": [0.125, 0.125, 0.125, 0.125, 0.125, 0.125, 0.125, 0.125], ""optimizer"": [0.125, 0.125, 0.125, 0.125, 0.125, 0.125, 0.125, 0.125]}",False,False,softplus,success
paper_conventional-main-ants20-iterations5-epochs5-seed-42,paper_conventional,paper_faithful,iteration_based_paper_interpretation,main,20,5,5,42,1,4,af6dc82e33a9a221,1024,32,0.4,0.1,32,selu,adamax,cosine_similarity,,0.9495000243186951,0.9616249799728394,0.9495000243186951,-0.9547744393348694,5,5,17.362004040998727,cached,,nonstandard_loss_for_multiclass_sparse_labels,0.0010000000474974513,True,"{""activation"": [0.125, 0.125, 0.125, 0.125, 0.125, 0.125, 0.125, 0.125], ""batch_size"": [0.125, 0.125, 0.125, 0.125, 0.125, 0.125, 0.125, 0.125], ""dense_units_1"": [0.125, 0.125, 0.125, 0.125, 0.125, 0.125, 0.125, 0.125], ""dense_units_2"": [0.125, 0.125, 0.125, 0.125, 0.125, 0.125, 0.125, 0.125], ""dropout_1"": [0.125, 0.125, 0.125, 0.125, 0.125, 0.125, 0.125, 0.125], ""dropout_2"": [0.125, 0.125, 0.125, 0.125, 0.125, 0.125, 0.125, 0.125], ""loss"": [0.125, 0.125, 0.125, 0.125, 0.125, 0.125, 0.125, 0.125], ""optimizer"": [0.125, 0.125, 0.125, 0.125, 0.125, 0.125, 0.125, 0.125]}",False,False,selu,success
paper_conventional-main-ants20-iterations5-epochs5-seed-42,paper_conventional,paper_faithful,iteration_based_paper_interpretation,main,20,5,5,42,1,5,00c607e464065141,64,64,0.4,0.2,32,softsign,rmsprop,squared_hinge,,0.9815000295639038,0.9714999794960022,0.9815000295639038,0.9085631370544434,4,5,16.78558398399764,cached,,nonstandard_loss_for_multiclass_sparse_labels,0.0010000000474974513,True,"{""activation"": [0.125, 0.125, 0.125, 0.125, 0.125, 0.125, 0.125, 0.125], ""batch_size"": [0.125, 0.125, 0.125, 0.125, 0.125, 0.125, 0.125, 0.125], ""dense_units_1"": [0.125, 0.125, 0.125, 0.125, 0.125, 0.125, 0.125, 0.125], ""dense_units_2"": [0.125, 0.125, 0.125, 0.125, 0.125, 0.125, 0.125, 0.125], ""dropout_1"": [0.125, 0.125, 0.125, 0.125, 0.125, 0.125, 0.125, 0.125], ""dropout_2"": [0.125, 0.125, 0.125, 0.125, 0.125, 0.125, 0.125, 0.125], ""loss"": [0.125, 0.125, 0.125, 0.125, 0.125, 0.125, 0.125, 0.125], ""optimizer"": [0.125, 0.125, 0.125, 0.125, 0.125, 0.125, 0.125, 0.125]}",True,False,softsign,success
paper_conventional-main-ants20-iterations5-epochs5-seed-42,paper_conventional,paper_faithful,iteration_based_paper_interpretation,main,20,5,5,42,1,6,ddb524355d6cc114,128,1024,0.6,0.3,1024,gelu,adadelta,binary_crossentropy,,0.20550000667572021,0.11487500369548798,0.20550000667572021,0.6855459213256836,5,5,7.490207549999468,cached,,nonstandard_loss_for_multiclass_sparse_labels,0.0010000000474974513,True,"{""activation"": [0.125, 0.125, 0.125, 0.125, 0.125, 0.125, 0.125, 0.125], ""batch_size"": [0.125, 0.125, 0.125, 0.125, 0.125, 0.125, 0.125, 0.125], ""dense_units_1"": [0.125, 0.125, 0.125, 0.125, 0.125, 0.125, 0.125, 0.125], ""dense_units_2"": [0.125, 0.125, 0.125, 0.125, 0.125, 0.125, 0.125, 0.125], ""dropout_1"": [0.125, 0.125, 0.125, 0.125, 0.125, 0.125, 0.125, 0.125], ""dropout_2"": [0.125, 0.125, 0.125, 0.125, 0.125, 0.125, 0.125, 0.125], ""loss"": [0.125, 0.125, 0.125, 0.125, 0.125, 0.125, 0.125, 0.125], ""optimizer"": [0.125, 0.125, 0.125, 0.125, 0.125, 0.125, 0.125, 0.125]}",False,False,gelu,success
paper_conventional-main-ants20-iterations5-epochs5-seed-42,paper_conventional,paper_faithful,iteration_based_paper_interpretation,main,20,5,5,42,1,7,3a36de04c7710417,512,32,0.2,0.1,1024,selu,adamax,categorical_hinge,,0.9490000009536743,0.9739999771118164,0.9490000009536743,0.14637216925621033,5,5,7.564595259998896,cached,,nonstandard_loss_for_multiclass_sparse_labels,0.0010000000474974513,True,"{""activation"": [0.125, 0.125, 0.125, 0.125, 0.125, 0.125, 0.125, 0.125], ""batch_size"": [0.125, 0.125, 0.125, 0.125, 0.125, 0.125, 0.125, 0.125], ""dense_units_1"": [0.125, 0.125, 0.125, 0.125, 0.125, 0.125, 0.125, 0.125], ""dense_units_2"": [0.125, 0.125, 0.125, 0.125, 0.125, 0.125, 0.125, 0.125], ""dropout_1"": [0.125, 0.125, 0.125, 0.125, 0.125, 0.125, 0.125, 0.125], ""dropout_2"": [0.125, 0.125, 0.125, 0.125, 0.125, 0.125, 0.125, 0.125], ""loss"": [0.125, 0.125, 0.125, 0.125, 0.125, 0.125, 0.125, 0.125], ""optimizer"": [0.125, 0.125, 0.125, 0.125, 0.125, 0.125, 0.125, 0.125]}",False,False,selu,success
paper_conventional-main-ants20-iterations5-epochs5-seed-42,paper_conventional,paper_faithful,iteration_based_paper_interpretation,main,20,5,5,42,1,8,cd1d6c40fe505c4b,128,256,0.2,0.1,512,softsign,adagrad,categorical_hinge,,0.46650001406669617,0.4022499918937683,0.46650001406669617,0.9972577095031738,5,5,5.970520976999978,cached,,nonstandard_loss_for_multiclass_sparse_labels,0.0010000000474974513,True,"{""activation"": [0.125, 0.125, 0.125, 0.125, 0.125, 0.125, 0.125, 0.125], ""batch_size"": [0.125, 0.125, 0.125, 0.125, 0.125, 0.125, 0.125, 0.125], ""dense_units_1"": [0.125, 0.125, 0.125, 0.125, 0.125, 0.125, 0.125, 0.125], ""dense_units_2"": [0.125, 0.125, 0.125, 0.125, 0.125, 0.125, 0.125, 0.125], ""dropout_1"": [0.125, 0.125, 0.125, 0.125, 0.125, 0.125, 0.125, 0.125], ""dropout_2"": [0.125, 0.125, 0.125, 0.125, 0.125, 0.125, 0.125, 0.125], ""loss"": [0.125, 0.125, 0.125, 0.125, 0.125, 0.125, 0.125, 0.125], ""optimizer"": [0.125, 0.125, 0.125, 0.125, 0.125, 0.125, 0.125, 0.125]}",False,False,softsign,success
paper_conventional-main-ants20-iterations5-epochs5-seed-42,paper_conventional,paper_faithful,iteration_based_paper_interpretation,main,20,5,5,42,1,9,4318164e2e0ef034,512,256,0.5,0.3,16,softsign,rmsprop,mean_absolute_error,,0.9704999923706055,0.9541249871253967,0.9704999923706055,0.00641935458406806,3,5,28.417501632000494,cached,,nonstandard_loss_for_multiclass_sparse_labels,0.0010000000474974513,True,"{""activation"": [0.125, 0.125, 0.125, 0.125, 0.125, 0.125, 0.125, 0.125], ""batch_size"": [0.125, 0.125, 0.125, 0.125, 0.125, 0.125, 0.125, 0.125], ""dense_units_1"": [0.125, 0.125, 0.125, 0.125, 0.125, 0.125, 0.125, 0.125], ""dense_units_2"": [0.125, 0.125, 0.125, 0.125, 0.125, 0.125, 0.125, 0.125], ""dropout_1"": [0.125, 0.125, 0.125, 0.125, 0.125, 0.125, 0.125, 0.125], ""dropout_2"": [0.125, 0.125, 0.125, 0.125, 0.125, 0.125, 0.125, 0.125], ""loss"": [0.125, 0.125, 0.125, 0.125, 0.125, 0.125, 0.125, 0.125], ""optimizer"": [0.125, 0.125, 0.125, 0.125, 0.125, 0.125, 0.125, 0.125]}",False,False,softsign,success
paper_conventional-main-ants20-iterations5-epochs5-seed-42,paper_conventional,paper_faithful,iteration_based_paper_interpretation,main,20,5,5,42,1,10,100c444dd1de7901,1024,32,0.1,0.3,64,selu,adagrad,categorical_hinge,,0.9125000238418579,0.8758749961853027,0.9125000238418579,0.25401535630226135,5,5,8.01473392600019,cached,,nonstandard_loss_for_multiclass_sparse_labels,0.0010000000474974513,True,"{""activation"": [0.125, 0.125, 0.125, 0.125, 0.125, 0.125, 0.125, 0.125], ""batch_size"": [0.125, 0.125, 0.125, 0.125, 0.125, 0.125, 0.125, 0.125], ""dense_units_1"": [0.125, 0.125, 0.125, 0.125, 0.125, 0.125, 0.125, 0.125], ""dense_units_2"": [0.125, 0.125, 0.125, 0.125, 0.125, 0.125, 0.125, 0.125], ""dropout_1"": [0.125, 0.125, 0.125, 0.125, 0.125, 0.125, 0.125, 0.125], ""dropout_2"": [0.125, 0.125, 0.125, 0.125, 0.125, 0.125, 0.125, 0.125], ""loss"": [0.125, 0.125, 0.125, 0.125, 0.125, 0.125, 0.125, 0.125], ""optimizer"": [0.125, 0.125, 0.125, 0.125, 0.125, 0.125, 0.125, 0.125]}",False,False,selu,success
paper_conventional-main-ants20-iterations5-epochs5-seed-42,paper_conventional,paper_faithful,iteration_based_paper_interpretation,main,20,5,5,42,1,11,13dea4db049af370,512,128,0.7,0.2,16,relu,adamax,mean_absolute_error,,0.8769999742507935,0.9383749961853027,0.8769999742507935,0.025262312963604927,5,5,31.213441366999177,cached,,nonstandard_loss_for_multiclass_sparse_labels,0.0010000000474974513,True,"{""activation"": [0.125, 0.125, 0.125, 0.125, 0.125, 0.125, 0.125, 0.125], ""batch_size"": [0.125, 0.125, 0.125, 0.125, 0.125, 0.125, 0.125, 0.125], ""dense_units_1"": [0.125, 0.125, 0.125, 0.125, 0.125, 0.125, 0.125, 0.125], ""dense_units_2"": [0.125, 0.125, 0.125, 0.125, 0.125, 0.125, 0.125, 0.125], ""dropout_1"": [0.125, 0.125, 0.125, 0.125, 0.125, 0.125, 0.125, 0.125], ""dropout_2"": [0.125, 0.125, 0.125, 0.125, 0.125, 0.125, 0.125, 0.125], ""loss"": [0.125, 0.125, 0.125, 0.125, 0.125, 0.125, 0.125, 0.125], ""optimizer"": [0.125, 0.125, 0.125, 0.125, 0.125, 0.125, 0.125, 0.125]}",False,False,relu,success
paper_conventional-main-ants20-iterations5-epochs5-seed-42,paper_conventional,paper_faithful,iteration_based_paper_interpretation,main,20,5,5,42,1,12,03d91ca7bb3b2544,32,256,0.2,0.6,128,softsign,sgd,squared_hinge,,0.3634999990463257,0.2317499965429306,0.3634999990463257,1.1667382717132568,5,5,5.10579295700154,cached,,nonstandard_loss_for_multiclass_sparse_labels,0.009999999776482582,True,"{""activation"": [0.125, 0.125, 0.125, 0.125, 0.125, 0.125, 0.125, 0.125], ""batch_size"": [0.125, 0.125, 0.125, 0.125, 0.125, 0.125, 0.125, 0.125], ""dense_units_1"": [0.125, 0.125, 0.125, 0.125, 0.125, 0.125, 0.125, 0.125], ""dense_units_2"": [0.125, 0.125, 0.125, 0.125, 0.125, 0.125, 0.125, 0.125], ""dropout_1"": [0.125, 0.125, 0.125, 0.125, 0.125, 0.125, 0.125, 0.125], ""dropout_2"": [0.125, 0.125, 0.125, 0.125, 0.125, 0.125, 0.125, 0.125], ""loss"": [0.125, 0.125, 0.125, 0.125, 0.125, 0.125, 0.125, 0.125], ""optimizer"": [0.125, 0.125, 0.125, 0.125, 0.125, 0.125, 0.125, 0.125]}",False,False,softsign,success
paper_conventional-main-ants20-iterations5-epochs5-seed-42,paper_conventional,paper_faithful,iteration_based_paper_interpretation,main,20,5,5,42,1,13,6412357bcd34088c,64,16,0.1,0.8,2048,selu,sgd,cosine_similarity,,0.8335000276565552,0.6336249709129333,0.8335000276565552,-0.8191208243370056,5,5,4.783020091999788,cached,,nonstandard_loss_for_multiclass_sparse_labels,0.009999999776482582,True,"{""activation"": [0.125, 0.125, 0.125, 0.125, 0.125, 0.125, 0.125, 0.125], ""batch_size"": [0.125, 0.125, 0.125, 0.125, 0.125, 0.125, 0.125, 0.125], ""dense_units_1"": [0.125, 0.125, 0.125, 0.125, 0.125, 0.125, 0.125, 0.125], ""dense_units_2"": [0.125, 0.125, 0.125, 0.125, 0.125, 0.125, 0.125, 0.125], ""dropout_1"": [0.125, 0.125, 0.125, 0.125, 0.125, 0.125, 0.125, 0.125], ""dropout_2"": [0.125, 0.125, 0.125, 0.125, 0.125, 0.125, 0.125, 0.125], ""loss"": [0.125, 0.125, 0.125, 0.125, 0.125, 0.125, 0.125, 0.125], ""optimizer"": [0.125, 0.125, 0.125, 0.125, 0.125, 0.125, 0.125, 0.125]}",False,False,selu,success
paper_conventional-main-ants20-iterations5-epochs5-seed-42,paper_conventional,paper_faithful,iteration_based_paper_interpretation,main,20,5,5,42,1,14,840551083f24bb40,1024,512,0.4,0.3,16,linear,adadelta,categorical_crossentropy,,0.5019999742507935,0.6501250267028809,0.5019999742507935,1.416783094406128,5,5,30.764388091,cached,,nonstandard_loss_for_multiclass_sparse_labels,0.0010000000474974513,True,"{""activation"": [0.125, 0.125, 0.125, 0.125, 0.125, 0.125, 0.125, 0.125], ""batch_size"": [0.125, 0.125, 0.125, 0.125, 0.125, 0.125, 0.125, 0.125], ""dense_units_1"": [0.125, 0.125, 0.125, 0.125, 0.125, 0.125, 0.125, 0.125], ""dense_units_2"": [0.125, 0.125, 0.125, 0.125, 0.125, 0.125, 0.125, 0.125], ""dropout_1"": [0.125, 0.125, 0.125, 0.125, 0.125, 0.125, 0.125, 0.125], ""dropout_2"": [0.125, 0.125, 0.125, 0.125, 0.125, 0.125, 0.125, 0.125], ""loss"": [0.125, 0.125, 0.125, 0.125, 0.125, 0.125, 0.125, 0.125], ""optimizer"": [0.125, 0.125, 0.125, 0.125, 0.125, 0.125, 0.125, 0.125]}",False,False,linier,success
paper_conventional-main-ants20-iterations5-epochs5-seed-42,paper_conventional,paper_faithful,iteration_based_paper_interpretation,main,20,5,5,42,1,15,84a6c16d498ea561,64,256,0.2,0.7,1024,selu,adadelta,squared_hinge,,0.17299999296665192,0.12700000405311584,0.17299999296665192,1.1670256853103638,5,5,6.88446845299768,cached,,nonstandard_loss_for_multiclass_sparse_labels,0.0010000000474974513,True,"{""activation"": [0.125, 0.125, 0.125, 0.125, 0.125, 0.125, 0.125, 0.125], ""batch_size"": [0.125, 0.125, 0.125, 0.125, 0.125, 0.125, 0.125, 0.125], ""dense_units_1"": [0.125, 0.125, 0.125, 0.125, 0.125, 0.125, 0.125, 0.125], ""dense_units_2"": [0.125, 0.125, 0.125, 0.125, 0.125, 0.125, 0.125, 0.125], ""dropout_1"": [0.125, 0.125, 0.125, 0.125, 0.125, 0.125, 0.125, 0.125], ""dropout_2"": [0.125, 0.125, 0.125, 0.125, 0.125, 0.125, 0.125, 0.125], ""loss"": [0.125, 0.125, 0.125, 0.125, 0.125, 0.125, 0.125, 0.125], ""optimizer"": [0.125, 0.125, 0.125, 0.125, 0.125, 0.125, 0.125, 0.125]}",False,False,selu,success
paper_conventional-main-ants20-iterations5-epochs5-seed-42,paper_conventional,paper_faithful,iteration_based_paper_interpretation,main,20,5,5,42,1,16,82d7c9bd72c37c4d,256,512,0.1,0.4,16,softsign,sgd,categorical_crossentropy,,0.9725000262260437,0.9643750190734863,0.9725000262260437,0.09743710607290268,5,5,23.391674636997777,cached,,nonstandard_loss_for_multiclass_sparse_labels,0.009999999776482582,True,"{""activation"": [0.125, 0.125, 0.125, 0.125, 0.125, 0.125, 0.125, 0.125], ""batch_size"": [0.125, 0.125, 0.125, 0.125, 0.125, 0.125, 0.125, 0.125], ""dense_units_1"": [0.125, 0.125, 0.125, 0.125, 0.125, 0.125, 0.125, 0.125], ""dense_units_2"": [0.125, 0.125, 0.125, 0.125, 0.125, 0.125, 0.125, 0.125], ""dropout_1"": [0.125, 0.125, 0.125, 0.125, 0.125, 0.125, 0.125, 0.125], ""dropout_2"": [0.125, 0.125, 0.125, 0.125, 0.125, 0.125, 0.125, 0.125], ""loss"": [0.125, 0.125, 0.125, 0.125, 0.125, 0.125, 0.125, 0.125], ""optimizer"": [0.125, 0.125, 0.125, 0.125, 0.125, 0.125, 0.125, 0.125]}",False,False,softsign,success
paper_conventional-main-ants20-iterations5-epochs5-seed-42,paper_conventional,paper_faithful,iteration_based_paper_interpretation,main,20,5,5,42,1,17,3833f8b8a0b5163d,16,256,0.2,0.8,256,softplus,adagrad,sparse_categorical_crossentropy,,0.5519999861717224,0.19300000369548798,0.5519999861717224,2.2074360847473145,5,5,5.64577171700148,cached,,,0.0010000000474974513,True,"{""activation"": [0.125, 0.125, 0.125, 0.125, 0.125, 0.125, 0.125, 0.125], ""batch_size"": [0.125, 0.125, 0.125, 0.125, 0.125, 0.125, 0.125, 0.125], ""dense_units_1"": [0.125, 0.125, 0.125, 0.125, 0.125, 0.125, 0.125, 0.125], ""dense_units_2"": [0.125, 0.125, 0.125, 0.125, 0.125, 0.125, 0.125, 0.125], ""dropout_1"": [0.125, 0.125, 0.125, 0.125, 0.125, 0.125, 0.125, 0.125], ""dropout_2"": [0.125, 0.125, 0.125, 0.125, 0.125, 0.125, 0.125, 0.125], ""loss"": [0.125, 0.125, 0.125, 0.125, 0.125, 0.125, 0.125, 0.125], ""optimizer"": [0.125, 0.125, 0.125, 0.125, 0.125, 0.125, 0.125, 0.125]}",False,False,softplus,success
paper_conventional-main-ants20-iterations5-epochs5-seed-42,paper_conventional,paper_faithful,iteration_based_paper_interpretation,main,20,5,5,42,1,18,e07b24965a959166,2048,128,0.7,0.1,128,softsign,nadam,mean_squared_error,,0.8899999856948853,0.9658750295639038,0.8899999856948853,0.01644253171980381,5,5,7.755175694997888,cached,,nonstandard_loss_for_multiclass_sparse_labels,0.0010000000474974513,True,"{""activation"": [0.125, 0.125, 0.125, 0.125, 0.125, 0.125, 0.125, 0.125], ""batch_size"": [0.125, 0.125, 0.125, 0.125, 0.125, 0.125, 0.125, 0.125], ""dense_units_1"": [0.125, 0.125, 0.125, 0.125, 0.125, 0.125, 0.125, 0.125], ""dense_units_2"": [0.125, 0.125, 0.125, 0.125, 0.125, 0.125, 0.125, 0.125], ""dropout_1"": [0.125, 0.125, 0.125, 0.125, 0.125, 0.125, 0.125, 0.125], ""dropout_2"": [0.125, 0.125, 0.125, 0.125, 0.125, 0.125, 0.125, 0.125], ""loss"": [0.125, 0.125, 0.125, 0.125, 0.125, 0.125, 0.125, 0.125], ""optimizer"": [0.125, 0.125, 0.125, 0.125, 0.125, 0.125, 0.125, 0.125]}",False,False,softsign,success
paper_conventional-main-ants20-iterations5-epochs5-seed-42,paper_conventional,paper_faithful,iteration_based_paper_interpretation,main,20,5,5,42,1,19,0c02e5c76b7f5b33,128,64,0.3,0.5,128,relu,ftrl,cosine_similarity,,0.10000000149011612,0.09624999761581421,0.10000000149011612,-0.3162277936935425,3,5,6.72708675100148,cached,,nonstandard_loss_for_multiclass_sparse_labels,0.0010000000474974513,True,"{""activation"": [0.125, 0.125, 0.125, 0.125, 0.125, 0.125, 0.125, 0.125], ""batch_size"": [0.125, 0.125, 0.125, 0.125, 0.125, 0.125, 0.125, 0.125], ""dense_units_1"": [0.125, 0.125, 0.125, 0.125, 0.125, 0.125, 0.125, 0.125], ""dense_units_2"": [0.125, 0.125, 0.125, 0.125, 0.125, 0.125, 0.125, 0.125], ""dropout_1"": [0.125, 0.125, 0.125, 0.125, 0.125, 0.125, 0.125, 0.125], ""dropout_2"": [0.125, 0.125, 0.125, 0.125, 0.125, 0.125, 0.125, 0.125], ""loss"": [0.125, 0.125, 0.125, 0.125, 0.125, 0.125, 0.125, 0.125], ""optimizer"": [0.125, 0.125, 0.125, 0.125, 0.125, 0.125, 0.125, 0.125]}",False,False,relu,success
paper_conventional-main-ants20-iterations5-epochs5-seed-42,paper_conventional,paper_faithful,iteration_based_paper_interpretation,main,20,5,5,42,1,20,872d54a927568931,32,256,0.1,0.6,64,selu,adamax,categorical_hinge,,0.9645000100135803,0.924875020980835,0.9645000100135803,0.0948169156908989,4,5,9.251981189998332,cached,,nonstandard_loss_for_multiclass_sparse_labels,0.0010000000474974513,True,"{""activation"": [0.125, 0.125, 0.125, 0.125, 0.125, 0.125, 0.125, 0.125], ""batch_size"": [0.125, 0.125, 0.125, 0.125, 0.125, 0.125, 0.125, 0.125], ""dense_units_1"": [0.125, 0.125, 0.125, 0.125, 0.125, 0.125, 0.125, 0.125], ""dense_units_2"": [0.125, 0.125, 0.125, 0.125, 0.125, 0.125, 0.125, 0.125], ""dropout_1"": [0.125, 0.125, 0.125, 0.125, 0.125, 0.125, 0.125, 0.125], ""dropout_2"": [0.125, 0.125, 0.125, 0.125, 0.125, 0.125, 0.125, 0.125], ""loss"": [0.125, 0.125, 0.125, 0.125, 0.125, 0.125, 0.125, 0.125], ""optimizer"": [0.125, 0.125, 0.125, 0.125, 0.125, 0.125, 0.125, 0.125]}",False,False,selu,success
paper_conventional-main-ants20-iterations5-epochs5-seed-42,paper_conventional,paper_faithful,iteration_based_paper_interpretation,main,20,5,5,42,2,1,89bbd3630fd6f468,32,1024,0.2,0.1,128,softsign,ftrl,categorical_hinge,,0.10000000149011612,0.10037499666213989,0.10000000149011612,1.0000048875808716,3,5,6.923815702000866,cached,,nonstandard_loss_for_multiclass_sparse_labels,0.0010000000474974513,True,"{""activation"": [0.109375, 0.046875, 0.109375, 0.234375, 0.046875, 0.234375, 0.109375, 0.109375], ""batch_size"": [0.203125, 0.109375, 0.109375, 0.140625, 0.078125, 0.109375, 0.171875, 0.078125], ""dense_units_1"": [0.078125, 0.140625, 0.140625, 0.140625, 0.109375, 0.140625, 0.171875, 0.078125], ""dense_units_2"": [0.109375, 0.140625, 0.109375, 0.171875, 0.234375, 0.109375, 0.078125, 0.046875], ""dropout_1"": [0.171875, 0.203125, 0.109375, 0.140625, 0.078125, 0.078125, 0.171875, 0.046875], ""dropout_2"": [0.171875, 0.109375, 0.171875, 0.078125, 0.078125, 0.171875, 0.078125, 0.140625], ""loss"": [0.078125, 0.140625, 0.078125, 0.109375, 0.078125, 0.140625, 0.203125, 0.171875], ""optimizer"": [0.046875, 0.109375, 0.140625, 0.171875, 0.140625, 0.171875, 0.109375, 0.109375]}",False,False,softsign,success
paper_conventional-main-ants20-iterations5-epochs5-seed-42,paper_conventional,paper_faithful,iteration_based_paper_interpretation,main,20,5,5,42,2,2,2d84c5ef9225c3f9,64,1024,0.2,0.4,32,linear,sgd,sparse_categorical_crossentropy,,0.9729999899864197,0.9511250257492065,0.9729999899864197,0.09917964786291122,5,5,12.386803015000623,cached,,,0.009999999776482582,True,"{""activation"": [0.109375, 0.046875, 0.109375, 0.234375, 0.046875, 0.234375, 0.109375, 0.109375], ""batch_size"": [0.203125, 0.109375, 0.109375, 0.140625, 0.078125, 0.109375, 0.171875, 0.078125], ""dense_units_1"": [0.078125, 0.140625, 0.140625, 0.140625, 0.109375, 0.140625, 0.171875, 0.078125], ""dense_units_2"": [0.109375, 0.140625, 0.109375, 0.171875, 0.234375, 0.109375, 0.078125, 0.046875], ""dropout_1"": [0.171875, 0.203125, 0.109375, 0.140625, 0.078125, 0.078125, 0.171875, 0.046875], ""dropout_2"": [0.171875, 0.109375, 0.171875, 0.078125, 0.078125, 0.171875, 0.078125, 0.140625], ""loss"": [0.078125, 0.140625, 0.078125, 0.109375, 0.078125, 0.140625, 0.203125, 0.171875], ""optimizer"": [0.046875, 0.109375, 0.140625, 0.171875, 0.140625, 0.171875, 0.109375, 0.109375]}",False,False,linier,success
paper_conventional-main-ants20-iterations5-epochs5-seed-42,paper_conventional,paper_faithful,iteration_based_paper_interpretation,main,20,5,5,42,2,3,a50d40caa215d1ba,128,2048,0.7,0.6,1024,linear,adagrad,mean_absolute_error,,0.11599999666213989,0.10312499850988388,0.11599999666213989,0.17929266393184662,5,5,5.173815154001204,cached,,nonstandard_loss_for_multiclass_sparse_labels,0.0010000000474974513,True,"{""activation"": [0.109375, 0.046875, 0.109375, 0.234375, 0.046875, 0.234375, 0.109375, 0.109375], ""batch_size"": [0.203125, 0.109375, 0.109375, 0.140625, 0.078125, 0.109375, 0.171875, 0.078125], ""dense_units_1"": [0.078125, 0.140625, 0.140625, 0.140625, 0.109375, 0.140625, 0.171875, 0.078125], ""dense_units_2"": [0.109375, 0.140625, 0.109375, 0.171875, 0.234375, 0.109375, 0.078125, 0.046875], ""dropout_1"": [0.171875, 0.203125, 0.109375, 0.140625, 0.078125, 0.078125, 0.171875, 0.046875], ""dropout_2"": [0.171875, 0.109375, 0.171875, 0.078125, 0.078125, 0.171875, 0.078125, 0.140625], ""loss"": [0.078125, 0.140625, 0.078125, 0.109375, 0.078125, 0.140625, 0.203125, 0.171875], ""optimizer"": [0.046875, 0.109375, 0.140625, 0.171875, 0.140625, 0.171875, 0.109375, 0.109375]}",False,False,linier,success
paper_conventional-main-ants20-iterations5-epochs5-seed-42,paper_conventional,paper_faithful,iteration_based_paper_interpretation,main,20,5,5,42,2,4,41cbdb51645364b2,1024,256,0.2,0.1,512,softplus,nadam,binary_crossentropy,,0.9725000262260437,0.9933750033378601,0.9725000262260437,0.0859093889594078,5,5,7.988146943000174,cached,,nonstandard_loss_for_multiclass_sparse_labels,0.0010000000474974513,True,"{""activation"": [0.109375, 0.046875, 0.109375, 0.234375, 0.046875, 0.234375, 0.109375, 0.109375], ""batch_size"": [0.203125, 0.109375, 0.109375, 0.140625, 0.078125, 0.109375, 0.171875, 0.078125], ""dense_units_1"": [0.078125, 0.140625, 0.140625, 0.140625, 0.109375, 0.140625, 0.171875, 0.078125], ""dense_units_2"": [0.109375, 0.140625, 0.109375, 0.171875, 0.234375, 0.109375, 0.078125, 0.046875], ""dropout_1"": [0.171875, 0.203125, 0.109375, 0.140625, 0.078125, 0.078125, 0.171875, 0.046875], ""dropout_2"": [0.171875, 0.109375, 0.171875, 0.078125, 0.078125, 0.171875, 0.078125, 0.140625], ""loss"": [0.078125, 0.140625, 0.078125, 0.109375, 0.078125, 0.140625, 0.203125, 0.171875], ""optimizer"": [0.046875, 0.109375, 0.140625, 0.171875, 0.140625, 0.171875, 0.109375, 0.109375]}",False,False,softplus,success
paper_conventional-main-ants20-iterations5-epochs5-seed-42,paper_conventional,paper_faithful,iteration_based_paper_interpretation,main,20,5,5,42,2,5,70f15997ae9593c5,32,512,0.1,0.2,256,gelu,sgd,mean_absolute_error,,0.2070000022649765,0.1703750044107437,0.2070000022649765,0.1797599047422409,5,5,4.960929169999872,cached,,nonstandard_loss_for_multiclass_sparse_labels,0.009999999776482582,True,"{""activation"": [0.109375, 0.046875, 0.109375, 0.234375, 0.046875, 0.234375, 0.109375, 0.109375], ""batch_size"": [0.203125, 0.109375, 0.109375, 0.140625, 0.078125, 0.109375, 0.171875, 0.078125], ""dense_units_1"": [0.078125, 0.140625, 0.140625, 0.140625, 0.109375, 0.140625, 0.171875, 0.078125], ""dense_units_2"": [0.109375, 0.140625, 0.109375, 0.171875, 0.234375, 0.109375, 0.078125, 0.046875], ""dropout_1"": [0.171875, 0.203125, 0.109375, 0.140625, 0.078125, 0.078125, 0.171875, 0.046875], ""dropout_2"": [0.171875, 0.109375, 0.171875, 0.078125, 0.078125, 0.171875, 0.078125, 0.140625], ""loss"": [0.078125, 0.140625, 0.078125, 0.109375, 0.078125, 0.140625, 0.203125, 0.171875], ""optimizer"": [0.046875, 0.109375, 0.140625, 0.171875, 0.140625, 0.171875, 0.109375, 0.109375]}",False,False,gelu,success
paper_conventional-main-ants20-iterations5-epochs5-seed-42,paper_conventional,paper_faithful,iteration_based_paper_interpretation,main,20,5,5,42,2,6,6526764a3e40b844,1024,2048,0.4,0.1,16,softplus,rmsprop,categorical_hinge,,0.46000000834465027,0.453125,0.46000000834465027,1.0712987184524536,5,5,27.290340783998545,cached,,nonstandard_loss_for_multiclass_sparse_labels,0.0010000000474974513,True,"{""activation"": [0.109375, 0.046875, 0.109375, 0.234375, 0.046875, 0.234375, 0.109375, 0.109375], ""batch_size"": [0.203125, 0.109375, 0.109375, 0.140625, 0.078125, 0.109375, 0.171875, 0.078125], ""dense_units_1"": [0.078125, 0.140625, 0.140625, 0.140625, 0.109375, 0.140625, 0.171875, 0.078125], ""dense_units_2"": [0.109375, 0.140625, 0.109375, 0.171875, 0.234375, 0.109375, 0.078125, 0.046875], ""dropout_1"": [0.171875, 0.203125, 0.109375, 0.140625, 0.078125, 0.078125, 0.171875, 0.046875], ""dropout_2"": [0.171875, 0.109375, 0.171875, 0.078125, 0.078125, 0.171875, 0.078125, 0.140625], ""loss"": [0.078125, 0.140625, 0.078125, 0.109375, 0.078125, 0.140625, 0.203125, 0.171875], ""optimizer"": [0.046875, 0.109375, 0.140625, 0.171875, 0.140625, 0.171875, 0.109375, 0.109375]}",False,False,softplus,success
paper_conventional-main-ants20-iterations5-epochs5-seed-42,paper_conventional,paper_faithful,iteration_based_paper_interpretation,main,20,5,5,42,2,7,d86c65590ef08ee9,32,128,0.5,0.5,16,gelu,adamax,categorical_hinge,,0.9079999923706055,0.8477500081062317,0.9079999923706055,0.2434358447790146,5,5,33.553045319000375,cached,,nonstandard_loss_for_multiclass_sparse_labels,0.0010000000474974513,True,"{""activation"": [0.109375, 0.046875, 0.109375, 0.234375, 0.046875, 0.234375, 0.109375, 0.109375], ""batch_size"": [0.203125, 0.109375, 0.109375, 0.140625, 0.078125, 0.109375, 0.171875, 0.078125], ""dense_units_1"": [0.078125, 0.140625, 0.140625, 0.140625, 0.109375, 0.140625, 0.171875, 0.078125], ""dense_units_2"": [0.109375, 0.140625, 0.109375, 0.171875, 0.234375, 0.109375, 0.078125, 0.046875], ""dropout_1"": [0.171875, 0.203125, 0.109375, 0.140625, 0.078125, 0.078125, 0.171875, 0.046875], ""dropout_2"": [0.171875, 0.109375, 0.171875, 0.078125, 0.078125, 0.171875, 0.078125, 0.140625], ""loss"": [0.078125, 0.140625, 0.078125, 0.109375, 0.078125, 0.140625, 0.203125, 0.171875], ""optimizer"": [0.046875, 0.109375, 0.140625, 0.171875, 0.140625, 0.171875, 0.109375, 0.109375]}",False,False,gelu,success
paper_conventional-main-ants20-iterations5-epochs5-seed-42,paper_conventional,paper_faithful,iteration_based_paper_interpretation,main,20,5,5,42,2,8,90932664b43ca10a,32,32,0.7,0.3,32,softsign,adamax,cosine_similarity,,0.8475000262260437,0.9096249938011169,0.8475000262260437,-0.8471654057502747,4,5,17.96768503199928,cached,,nonstandard_loss_for_multiclass_sparse_labels,0.0010000000474974513,True,"{""activation"": [0.109375, 0.046875, 0.109375, 0.234375, 0.046875, 0.234375, 0.109375, 0.109375], ""batch_size"": [0.203125, 0.109375, 0.109375, 0.140625, 0.078125, 0.109375, 0.171875, 0.078125], ""dense_units_1"": [0.078125, 0.140625, 0.140625, 0.140625, 0.109375, 0.140625, 0.171875, 0.078125], ""dense_units_2"": [0.109375, 0.140625, 0.109375, 0.171875, 0.234375, 0.109375, 0.078125, 0.046875], ""dropout_1"": [0.171875, 0.203125, 0.109375, 0.140625, 0.078125, 0.078125, 0.171875, 0.046875], ""dropout_2"": [0.171875, 0.109375, 0.171875, 0.078125, 0.078125, 0.171875, 0.078125, 0.140625], ""loss"": [0.078125, 0.140625, 0.078125, 0.109375, 0.078125, 0.140625, 0.203125, 0.171875], ""optimizer"": [0.046875, 0.109375, 0.140625, 0.171875, 0.140625, 0.171875, 0.109375, 0.109375]}",False,False,softsign,success
paper_conventional-main-ants20-iterations5-epochs5-seed-42,paper_conventional,paper_faithful,iteration_based_paper_interpretation,main,20,5,5,42,2,9,0ef35186ccb5f046,64,1024,0.1,0.5,256,relu,rmsprop,mean_squared_error,,0.968999981880188,0.9503750205039978,0.968999981880188,0.013702422380447388,5,5,5.6342487600013555,cached,,nonstandard_loss_for_multiclass_sparse_labels,0.0010000000474974513,True,"{""activation"": [0.109375, 0.046875, 0.109375, 0.234375, 0.046875, 0.234375, 0.109375, 0.109375], ""batch_size"": [0.203125, 0.109375, 0.109375, 0.140625, 0.078125, 0.109375, 0.171875, 0.078125], ""dense_units_1"": [0.078125, 0.140625, 0.140625, 0.140625, 0.109375, 0.140625, 0.171875, 0.078125], ""dense_units_2"": [0.109375, 0.140625, 0.109375, 0.171875, 0.234375, 0.109375, 0.078125, 0.046875], ""dropout_1"": [0.171875, 0.203125, 0.109375, 0.140625, 0.078125, 0.078125, 0.171875, 0.046875], ""dropout_2"": [0.171875, 0.109375, 0.171875, 0.078125, 0.078125, 0.171875, 0.078125, 0.140625], ""loss"": [0.078125, 0.140625, 0.078125, 0.109375, 0.078125, 0.140625, 0.203125, 0.171875], ""optimizer"": [0.046875, 0.109375, 0.140625, 0.171875, 0.140625, 0.171875, 0.109375, 0.109375]}",False,False,relu,success
paper_conventional-main-ants20-iterations5-epochs5-seed-42,paper_conventional,paper_faithful,iteration_based_paper_interpretation,main,20,5,5,42,2,10,2c96f60cfd5e83fd,2048,256,0.7,0.7,128,gelu,adam,categorical_crossentropy,,0.8544999957084656,0.7009999752044678,0.8544999957084656,1.9068537950515747,1,5,6.9606939109980885,cached,,nonstandard_loss_for_multiclass_sparse_labels,0.0010000000474974513,True,"{""activation"": [0.109375, 0.046875, 0.109375, 0.234375, 0.046875, 0.234375, 0.109375, 0.109375], ""batch_size"": [0.203125, 0.109375, 0.109375, 0.140625, 0.078125, 0.109375, 0.171875, 0.078125], ""dense_units_1"": [0.078125, 0.140625, 0.140625, 0.140625, 0.109375, 0.140625, 0.171875, 0.078125], ""dense_units_2"": [0.109375, 0.140625, 0.109375, 0.171875, 0.234375, 0.109375, 0.078125, 0.046875], ""dropout_1"": [0.171875, 0.203125, 0.109375, 0.140625, 0.078125, 0.078125, 0.171875, 0.046875], ""dropout_2"": [0.171875, 0.109375, 0.171875, 0.078125, 0.078125, 0.171875, 0.078125, 0.140625], ""loss"": [0.078125, 0.140625, 0.078125, 0.109375, 0.078125, 0.140625, 0.203125, 0.171875], ""optimizer"": [0.046875, 0.109375, 0.140625, 0.171875, 0.140625, 0.171875, 0.109375, 0.109375]}",False,False,gelu,success
paper_conventional-main-ants20-iterations5-epochs5-seed-42,paper_conventional,paper_faithful,iteration_based_paper_interpretation,main,20,5,5,42,2,11,855fd104e0219a81,1024,512,0.2,0.4,256,gelu,adagrad,mean_squared_error,,0.18950000405311584,0.16337500512599945,0.18950000405311584,0.08933760970830917,5,5,5.606812488000287,cached,,nonstandard_loss_for_multiclass_sparse_labels,0.0010000000474974513,True,"{""activation"": [0.109375, 0.046875, 0.109375, 0.234375, 0.046875, 0.234375, 0.109375, 0.109375], ""batch_size"": [0.203125, 0.109375, 0.109375, 0.140625, 0.078125, 0.109375, 0.171875, 0.078125], ""dense_units_1"": [0.078125, 0.140625, 0.140625, 0.140625, 0.109375, 0.140625, 0.171875, 0.078125], ""dense_units_2"": [0.109375, 0.140625, 0.109375, 0.171875, 0.234375, 0.109375, 0.078125, 0.046875], ""dropout_1"": [0.171875, 0.203125, 0.109375, 0.140625, 0.078125, 0.078125, 0.171875, 0.046875], ""dropout_2"": [0.171875, 0.109375, 0.171875, 0.078125, 0.078125, 0.171875, 0.078125, 0.140625], ""loss"": [0.078125, 0.140625, 0.078125, 0.109375, 0.078125, 0.140625, 0.203125, 0.171875], ""optimizer"": [0.046875, 0.109375, 0.140625, 0.171875, 0.140625, 0.171875, 0.109375, 0.109375]}",False,False,gelu,success
paper_conventional-main-ants20-iterations5-epochs5-seed-42,paper_conventional,paper_faithful,iteration_based_paper_interpretation,main,20,5,5,42,2,12,4b0501a66cd51a64,128,128,0.5,0.8,128,softplus,sgd,categorical_hinge,,0.36500000953674316,0.30550000071525574,0.36500000953674316,1.0070109367370605,5,5,5.17725552200136,cached,,nonstandard_loss_for_multiclass_sparse_labels,0.009999999776482582,True,"{""activation"": [0.109375, 0.046875, 0.109375, 0.234375, 0.046875, 0.234375, 0.109375, 0.109375], ""batch_size"": [0.203125, 0.109375, 0.109375, 0.140625, 0.078125, 0.109375, 0.171875, 0.078125], ""dense_units_1"": [0.078125, 0.140625, 0.140625, 0.140625, 0.109375, 0.140625, 0.171875, 0.078125], ""dense_units_2"": [0.109375, 0.140625, 0.109375, 0.171875, 0.234375, 0.109375, 0.078125, 0.046875], ""dropout_1"": [0.171875, 0.203125, 0.109375, 0.140625, 0.078125, 0.078125, 0.171875, 0.046875], ""dropout_2"": [0.171875, 0.109375, 0.171875, 0.078125, 0.078125, 0.171875, 0.078125, 0.140625], ""loss"": [0.078125, 0.140625, 0.078125, 0.109375, 0.078125, 0.140625, 0.203125, 0.171875], ""optimizer"": [0.046875, 0.109375, 0.140625, 0.171875, 0.140625, 0.171875, 0.109375, 0.109375]}",False,False,softplus,success
paper_conventional-main-ants20-iterations5-epochs5-seed-42,paper_conventional,paper_faithful,iteration_based_paper_interpretation,main,20,5,5,42,2,13,85de468d98352567,1024,16,0.1,0.5,16,gelu,adadelta,categorical_crossentropy,,0.5665000081062317,0.38850000500679016,0.5665000081062317,1.675101637840271,5,5,32.876649870999245,cached,,nonstandard_loss_for_multiclass_sparse_labels,0.0010000000474974513,True,"{""activation"": [0.109375, 0.046875, 0.109375, 0.234375, 0.046875, 0.234375, 0.109375, 0.109375], ""batch_size"": [0.203125, 0.109375, 0.109375, 0.140625, 0.078125, 0.109375, 0.171875, 0.078125], ""dense_units_1"": [0.078125, 0.140625, 0.140625, 0.140625, 0.109375, 0.140625, 0.171875, 0.078125], ""dense_units_2"": [0.109375, 0.140625, 0.109375, 0.171875, 0.234375, 0.109375, 0.078125, 0.046875], ""dropout_1"": [0.171875, 0.203125, 0.109375, 0.140625, 0.078125, 0.078125, 0.171875, 0.046875], ""dropout_2"": [0.171875, 0.109375, 0.171875, 0.078125, 0.078125, 0.171875, 0.078125, 0.140625], ""loss"": [0.078125, 0.140625, 0.078125, 0.109375, 0.078125, 0.140625, 0.203125, 0.171875], ""optimizer"": [0.046875, 0.109375, 0.140625, 0.171875, 0.140625, 0.171875, 0.109375, 0.109375]}",False,False,gelu,success
paper_conventional-main-ants20-iterations5-epochs5-seed-42,paper_conventional,paper_faithful,iteration_based_paper_interpretation,main,20,5,5,42,2,14,8e2b2cf8e4ed34a2,1024,32,0.2,0.1,16,relu,rmsprop,categorical_crossentropy,,0.9775000214576721,0.9868749976158142,0.9775000214576721,0.10114703327417374,5,5,27.466508403998887,cached,,nonstandard_loss_for_multiclass_sparse_labels,0.0010000000474974513,True,"{""activation"": [0.109375, 0.046875, 0.109375, 0.234375, 0.046875, 0.234375, 0.109375, 0.109375], ""batch_size"": [0.203125, 0.109375, 0.109375, 0.140625, 0.078125, 0.109375, 0.171875, 0.078125], ""dense_units_1"": [0.078125, 0.140625, 0.140625, 0.140625, 0.109375, 0.140625, 0.171875, 0.078125], ""dense_units_2"": [0.109375, 0.140625, 0.109375, 0.171875, 0.234375, 0.109375, 0.078125, 0.046875], ""dropout_1"": [0.171875, 0.203125, 0.109375, 0.140625, 0.078125, 0.078125, 0.171875, 0.046875], ""dropout_2"": [0.171875, 0.109375, 0.171875, 0.078125, 0.078125, 0.171875, 0.078125, 0.140625], ""loss"": [0.078125, 0.140625, 0.078125, 0.109375, 0.078125, 0.140625, 0.203125, 0.171875], ""optimizer"": [0.046875, 0.109375, 0.140625, 0.171875, 0.140625, 0.171875, 0.109375, 0.109375]}",True,False,relu,success
paper_conventional-main-ants20-iterations5-epochs5-seed-42,paper_conventional,paper_faithful,iteration_based_paper_interpretation,main,20,5,5,42,2,15,b9ea36e14df75a75,16,256,0.5,0.3,64,tanh,ftrl,cosine_similarity,,0.10000000149011612,0.09137500077486038,0.10000000149011612,-0.3162277936935425,1,5,11.276161981000769,cached,,nonstandard_loss_for_multiclass_sparse_labels,0.0010000000474974513,True,"{""activation"": [0.109375, 0.046875, 0.109375, 0.234375, 0.046875, 0.234375, 0.109375, 0.109375], ""batch_size"": [0.203125, 0.109375, 0.109375, 0.140625, 0.078125, 0.109375, 0.171875, 0.078125], ""dense_units_1"": [0.078125, 0.140625, 0.140625, 0.140625, 0.109375, 0.140625, 0.171875, 0.078125], ""dense_units_2"": [0.109375, 0.140625, 0.109375, 0.171875, 0.234375, 0.109375, 0.078125, 0.046875], ""dropout_1"": [0.171875, 0.203125, 0.109375, 0.140625, 0.078125, 0.078125, 0.171875, 0.046875], ""dropout_2"": [0.171875, 0.109375, 0.171875, 0.078125, 0.078125, 0.171875, 0.078125, 0.140625], ""loss"": [0.078125, 0.140625, 0.078125, 0.109375, 0.078125, 0.140625, 0.203125, 0.171875], ""optimizer"": [0.046875, 0.109375, 0.140625, 0.171875, 0.140625, 0.171875, 0.109375, 0.109375]}",False,False,tanh,success
paper_conventional-main-ants20-iterations5-epochs5-seed-42,paper_conventional,paper_faithful,iteration_based_paper_interpretation,main,20,5,5,42,2,16,db50d527644cb3f1,16,32,0.2,0.2,256,softsign,rmsprop,mean_absolute_error,,0.9455000162124634,0.9451249837875366,0.9455000162124634,0.027296993881464005,5,5,5.6598877840006026,cached,,nonstandard_loss_for_multiclass_sparse_labels,0.0010000000474974513,True,"{""activation"": [0.109375, 0.046875, 0.109375, 0.234375, 0.046875, 0.234375, 0.109375, 0.109375], ""batch_size"": [0.203125, 0.109375, 0.109375, 0.140625, 0.078125, 0.109375, 0.171875, 0.078125], ""dense_units_1"": [0.078125, 0.140625, 0.140625, 0.140625, 0.109375, 0.140625, 0.171875, 0.078125], ""dense_units_2"": [0.109375, 0.140625, 0.109375, 0.171875, 0.234375, 0.109375, 0.078125, 0.046875], ""dropout_1"": [0.171875, 0.203125, 0.109375, 0.140625, 0.078125, 0.078125, 0.171875, 0.046875], ""dropout_2"": [0.171875, 0.109375, 0.171875, 0.078125, 0.078125, 0.171875, 0.078125, 0.140625], ""loss"": [0.078125, 0.140625, 0.078125, 0.109375, 0.078125, 0.140625, 0.203125, 0.171875], ""optimizer"": [0.046875, 0.109375, 0.140625, 0.171875, 0.140625, 0.171875, 0.109375, 0.109375]}",False,False,softsign,success
paper_conventional-main-ants20-iterations5-epochs5-seed-42,paper_conventional,paper_faithful,iteration_based_paper_interpretation,main,20,5,5,42,2,17,3a3e0c083d91b823,256,16,0.7,0.1,2048,relu,ftrl,cosine_similarity,,0.10000000149011612,0.09075000137090683,0.10000000149011612,-0.3162277936935425,2,5,6.874626774002536,cached,,nonstandard_loss_for_multiclass_sparse_labels,0.0010000000474974513,True,"{""activation"": [0.109375, 0.046875, 0.109375, 0.234375, 0.046875, 0.234375, 0.109375, 0.109375], ""batch_size"": [0.203125, 0.109375, 0.109375, 0.140625, 0.078125, 0.109375, 0.171875, 0.078125], ""dense_units_1"": [0.078125, 0.140625, 0.140625, 0.140625, 0.109375, 0.140625, 0.171875, 0.078125], ""dense_units_2"": [0.109375, 0.140625, 0.109375, 0.171875, 0.234375, 0.109375, 0.078125, 0.046875], ""dropout_1"": [0.171875, 0.203125, 0.109375, 0.140625, 0.078125, 0.078125, 0.171875, 0.046875], ""dropout_2"": [0.171875, 0.109375, 0.171875, 0.078125, 0.078125, 0.171875, 0.078125, 0.140625], ""loss"": [0.078125, 0.140625, 0.078125, 0.109375, 0.078125, 0.140625, 0.203125, 0.171875], ""optimizer"": [0.046875, 0.109375, 0.140625, 0.171875, 0.140625, 0.171875, 0.109375, 0.109375]}",False,False,relu,success
paper_conventional-main-ants20-iterations5-epochs5-seed-42,paper_conventional,paper_faithful,iteration_based_paper_interpretation,main,20,5,5,42,2,18,418ae5d77fad3d44,2048,512,0.6,0.6,1024,sigmoid,adagrad,squared_hinge,,0.10000000149011612,0.10849999636411667,0.10000000149011612,1.1750127077102661,5,5,5.514499337001325,cached,,nonstandard_loss_for_multiclass_sparse_labels,0.0010000000474974513,True,"{""activation"": [0.109375, 0.046875, 0.109375, 0.234375, 0.046875, 0.234375, 0.109375, 0.109375], ""batch_size"": [0.203125, 0.109375, 0.109375, 0.140625, 0.078125, 0.109375, 0.171875, 0.078125], ""dense_units_1"": [0.078125, 0.140625, 0.140625, 0.140625, 0.109375, 0.140625, 0.171875, 0.078125], ""dense_units_2"": [0.109375, 0.140625, 0.109375, 0.171875, 0.234375, 0.109375, 0.078125, 0.046875], ""dropout_1"": [0.171875, 0.203125, 0.109375, 0.140625, 0.078125, 0.078125, 0.171875, 0.046875], ""dropout_2"": [0.171875, 0.109375, 0.171875, 0.078125, 0.078125, 0.171875, 0.078125, 0.140625], ""loss"": [0.078125, 0.140625, 0.078125, 0.109375, 0.078125, 0.140625, 0.203125, 0.171875], ""optimizer"": [0.046875, 0.109375, 0.140625, 0.171875, 0.140625, 0.171875, 0.109375, 0.109375]}",False,False,sigmoid,success
paper_conventional-main-ants20-iterations5-epochs5-seed-42,paper_conventional,paper_faithful,iteration_based_paper_interpretation,main,20,5,5,42,2,19,49327163e0aa1408,1024,128,0.3,0.6,32,sigmoid,adagrad,mean_squared_error,,0.10100000351667404,0.10324999690055847,0.10100000351667404,0.0924525037407875,5,5,13.829876691997924,cached,,nonstandard_loss_for_multiclass_sparse_labels,0.0010000000474974513,True,"{""activation"": [0.109375, 0.046875, 0.109375, 0.234375, 0.046875, 0.234375, 0.109375, 0.109375], ""batch_size"": [0.203125, 0.109375, 0.109375, 0.140625, 0.078125, 0.109375, 0.171875, 0.078125], ""dense_units_1"": [0.078125, 0.140625, 0.140625, 0.140625, 0.109375, 0.140625, 0.171875, 0.078125], ""dense_units_2"": [0.109375, 0.140625, 0.109375, 0.171875, 0.234375, 0.109375, 0.078125, 0.046875], ""dropout_1"": [0.171875, 0.203125, 0.109375, 0.140625, 0.078125, 0.078125, 0.171875, 0.046875], ""dropout_2"": [0.171875, 0.109375, 0.171875, 0.078125, 0.078125, 0.171875, 0.078125, 0.140625], ""loss"": [0.078125, 0.140625, 0.078125, 0.109375, 0.078125, 0.140625, 0.203125, 0.171875], ""optimizer"": [0.046875, 0.109375, 0.140625, 0.171875, 0.140625, 0.171875, 0.109375, 0.109375]}",False,False,sigmoid,success
paper_conventional-main-ants20-iterations5-epochs5-seed-42,paper_conventional,paper_faithful,iteration_based_paper_interpretation,main,20,5,5,42,2,20,a1894e650b7c8ab8,64,128,0.2,0.3,64,selu,adadelta,cosine_similarity,,0.25049999356269836,0.2331250011920929,0.25049999356269836,-0.38235563039779663,5,5,10.177689998999995,cached,,nonstandard_loss_for_multiclass_sparse_labels,0.0010000000474974513,True,"{""activation"": [0.109375, 0.046875, 0.109375, 0.234375, 0.046875, 0.234375, 0.109375, 0.109375], ""batch_size"": [0.203125, 0.109375, 0.109375, 0.140625, 0.078125, 0.109375, 0.171875, 0.078125], ""dense_units_1"": [0.078125, 0.140625, 0.140625, 0.140625, 0.109375, 0.140625, 0.171875, 0.078125], ""dense_units_2"": [0.109375, 0.140625, 0.109375, 0.171875, 0.234375, 0.109375, 0.078125, 0.046875], ""dropout_1"": [0.171875, 0.203125, 0.109375, 0.140625, 0.078125, 0.078125, 0.171875, 0.046875], ""dropout_2"": [0.171875, 0.109375, 0.171875, 0.078125, 0.078125, 0.171875, 0.078125, 0.140625], ""loss"": [0.078125, 0.140625, 0.078125, 0.109375, 0.078125, 0.140625, 0.203125, 0.171875], ""optimizer"": [0.046875, 0.109375, 0.140625, 0.171875, 0.140625, 0.171875, 0.109375, 0.109375]}",False,False,selu,success
paper_conventional-main-ants20-iterations5-epochs5-seed-42,paper_conventional,paper_faithful,iteration_based_paper_interpretation,main,20,5,5,42,3,1,2ed2a4aa8a0946cc,2048,128,0.2,0.4,1024,selu,ftrl,squared_hinge,,0.10000000149011612,0.09362500160932541,0.10000000149011612,1.1699999570846558,3,5,7.154592136001156,cached,,nonstandard_loss_for_multiclass_sparse_labels,0.0010000000474974513,True,"{""activation"": [0.1278409090909091, 0.07102272727272728, 0.1278409090909091, 0.19602272727272727, 0.048295454545454544, 0.15056818181818182, 0.17329545454545456, 0.10511363636363637], ""batch_size"": [0.20170454545454544, 0.1278409090909091, 0.10511363636363637, 0.14488636363636365, 0.13352272727272727, 0.08238636363636363, 0.13920454545454544, 0.06534090909090909], ""dense_units_1"": [0.08806818181818182, 0.16761363636363635, 0.14488636363636365, 0.12215909090909091, 0.08238636363636363, 0.07670454545454546, 0.23011363636363635, 0.08806818181818182], ""dense_units_2"": [0.10511363636363637, 0.14488636363636365, 0.05965909090909091, 0.1846590909090909, 0.19602272727272727, 0.1278409090909091, 0.11079545454545454, 0.07102272727272728], ""dropout_1"": [0.16193181818181818, 0.26988636363636365, 0.08238636363636363, 0.09943181818181818, 0.11079545454545454, 0.06534090909090909, 0.1846590909090909, 0.02556818181818182], ""dropout_2"": [0.20738636363636365, 0.10511363636363637, 0.16193181818181818, 0.08806818181818182, 0.11079545454545454, 0.16193181818181818, 0.06534090909090909, 0.09943181818181818], ""loss"": [0.06534090909090909, 0.14488636363636365, 0.06534090909090909, 0.1278409090909091, 0.11079545454545454, 0.09943181818181818, 0.20170454545454544, 0.1846590909090909], ""optimizer"": [0.048295454545454544, 0.15056818181818182, 0.14488636363636365, 0.13920454545454544, 0.16761363636363635, 0.13920454545454544, 0.1278409090909091, 0.08238636363636363]}",False,False,selu,success
paper_conventional-main-ants20-iterations5-epochs5-seed-42,paper_conventional,paper_faithful,iteration_based_paper_interpretation,main,20,5,5,42,3,2,d2a5a0823b27c61d,512,64,0.6,0.1,256,gelu,rmsprop,categorical_hinge,,0.9160000085830688,0.9505000114440918,0.9160000085830688,0.2724667489528656,4,5,6.186549533998914,cached,,nonstandard_loss_for_multiclass_sparse_labels,0.0010000000474974513,True,"{""activation"": [0.1278409090909091, 0.07102272727272728, 0.1278409090909091, 0.19602272727272727, 0.048295454545454544, 0.15056818181818182, 0.17329545454545456, 0.10511363636363637], ""batch_size"": [0.20170454545454544, 0.1278409090909091, 0.10511363636363637, 0.14488636363636365, 0.13352272727272727, 0.08238636363636363, 0.13920454545454544, 0.06534090909090909], ""dense_units_1"": [0.08806818181818182, 0.16761363636363635, 0.14488636363636365, 0.12215909090909091, 0.08238636363636363, 0.07670454545454546, 0.23011363636363635, 0.08806818181818182], ""dense_units_2"": [0.10511363636363637, 0.14488636363636365, 0.05965909090909091, 0.1846590909090909, 0.19602272727272727, 0.1278409090909091, 0.11079545454545454, 0.07102272727272728], ""dropout_1"": [0.16193181818181818, 0.26988636363636365, 0.08238636363636363, 0.09943181818181818, 0.11079545454545454, 0.06534090909090909, 0.1846590909090909, 0.02556818181818182], ""dropout_2"": [0.20738636363636365, 0.10511363636363637, 0.16193181818181818, 0.08806818181818182, 0.11079545454545454, 0.16193181818181818, 0.06534090909090909, 0.09943181818181818], ""loss"": [0.06534090909090909, 0.14488636363636365, 0.06534090909090909, 0.1278409090909091, 0.11079545454545454, 0.09943181818181818, 0.20170454545454544, 0.1846590909090909], ""optimizer"": [0.048295454545454544, 0.15056818181818182, 0.14488636363636365, 0.13920454545454544, 0.16761363636363635, 0.13920454545454544, 0.1278409090909091, 0.08238636363636363]}",False,False,gelu,success
paper_conventional-main-ants20-iterations5-epochs5-seed-42,paper_conventional,paper_faithful,iteration_based_paper_interpretation,main,20,5,5,42,3,3,72eb5944d53bd4bd,32,512,0.1,0.8,16,linear,ftrl,squared_hinge,,0.10000000149011612,0.08974999934434891,0.10000000149011612,1.1699986457824707,1,5,36.68887597900175,cached,,nonstandard_loss_for_multiclass_sparse_labels,0.0010000000474974513,True,"{""activation"": [0.1278409090909091, 0.07102272727272728, 0.1278409090909091, 0.19602272727272727, 0.048295454545454544, 0.15056818181818182, 0.17329545454545456, 0.10511363636363637], ""batch_size"": [0.20170454545454544, 0.1278409090909091, 0.10511363636363637, 0.14488636363636365, 0.13352272727272727, 0.08238636363636363, 0.13920454545454544, 0.06534090909090909], ""dense_units_1"": [0.08806818181818182, 0.16761363636363635, 0.14488636363636365, 0.12215909090909091, 0.08238636363636363, 0.07670454545454546, 0.23011363636363635, 0.08806818181818182], ""dense_units_2"": [0.10511363636363637, 0.14488636363636365, 0.05965909090909091, 0.1846590909090909, 0.19602272727272727, 0.1278409090909091, 0.11079545454545454, 0.07102272727272728], ""dropout_1"": [0.16193181818181818, 0.26988636363636365, 0.08238636363636363, 0.09943181818181818, 0.11079545454545454, 0.06534090909090909, 0.1846590909090909, 0.02556818181818182], ""dropout_2"": [0.20738636363636365, 0.10511363636363637, 0.16193181818181818, 0.08806818181818182, 0.11079545454545454, 0.16193181818181818, 0.06534090909090909, 0.09943181818181818], ""loss"": [0.06534090909090909, 0.14488636363636365, 0.06534090909090909, 0.1278409090909091, 0.11079545454545454, 0.09943181818181818, 0.20170454545454544, 0.1846590909090909], ""optimizer"": [0.048295454545454544, 0.15056818181818182, 0.14488636363636365, 0.13920454545454544, 0.16761363636363635, 0.13920454545454544, 0.1278409090909091, 0.08238636363636363]}",False,False,linier,success
paper_conventional-main-ants20-iterations5-epochs5-seed-42,paper_conventional,paper_faithful,iteration_based_paper_interpretation,main,20,5,5,42,3,4,d76cbe84644bd088,1024,512,0.7,0.2,256,relu,adagrad,categorical_crossentropy,,0.5745000243186951,0.32774999737739563,0.5745000243186951,2.23657488822937,1,5,5.510032723002951,cached,,nonstandard_loss_for_multiclass_sparse_labels,0.0010000000474974513,True,"{""activation"": [0.1278409090909091, 0.07102272727272728, 0.1278409090909091, 0.19602272727272727, 0.048295454545454544, 0.15056818181818182, 0.17329545454545456, 0.10511363636363637], ""batch_size"": [0.20170454545454544, 0.1278409090909091, 0.10511363636363637, 0.14488636363636365, 0.13352272727272727, 0.08238636363636363, 0.13920454545454544, 0.06534090909090909], ""dense_units_1"": [0.08806818181818182, 0.16761363636363635, 0.14488636363636365, 0.12215909090909091, 0.08238636363636363, 0.07670454545454546, 0.23011363636363635, 0.08806818181818182], ""dense_units_2"": [0.10511363636363637, 0.14488636363636365, 0.05965909090909091, 0.1846590909090909, 0.19602272727272727, 0.1278409090909091, 0.11079545454545454, 0.07102272727272728], ""dropout_1"": [0.16193181818181818, 0.26988636363636365, 0.08238636363636363, 0.09943181818181818, 0.11079545454545454, 0.06534090909090909, 0.1846590909090909, 0.02556818181818182], ""dropout_2"": [0.20738636363636365, 0.10511363636363637, 0.16193181818181818, 0.08806818181818182, 0.11079545454545454, 0.16193181818181818, 0.06534090909090909, 0.09943181818181818], ""loss"": [0.06534090909090909, 0.14488636363636365, 0.06534090909090909, 0.1278409090909091, 0.11079545454545454, 0.09943181818181818, 0.20170454545454544, 0.1846590909090909], ""optimizer"": [0.048295454545454544, 0.15056818181818182, 0.14488636363636365, 0.13920454545454544, 0.16761363636363635, 0.13920454545454544, 0.1278409090909091, 0.08238636363636363]}",False,False,relu,success
paper_conventional-main-ants20-iterations5-epochs5-seed-42,paper_conventional,paper_faithful,iteration_based_paper_interpretation,main,20,5,5,42,3,5,619bc5d1cf44cd85,256,256,0.3,0.4,512,gelu,adagrad,squared_hinge,,0.2985000014305115,0.17399999499320984,0.2985000014305115,1.1678012609481812,5,5,5.926573443000962,cached,,nonstandard_loss_for_multiclass_sparse_labels,0.0010000000474974513,True,"{""activation"": [0.1278409090909091, 0.07102272727272728, 0.1278409090909091, 0.19602272727272727, 0.048295454545454544, 0.15056818181818182, 0.17329545454545456, 0.10511363636363637], ""batch_size"": [0.20170454545454544, 0.1278409090909091, 0.10511363636363637, 0.14488636363636365, 0.13352272727272727, 0.08238636363636363, 0.13920454545454544, 0.06534090909090909], ""dense_units_1"": [0.08806818181818182, 0.16761363636363635, 0.14488636363636365, 0.12215909090909091, 0.08238636363636363, 0.07670454545454546, 0.23011363636363635, 0.08806818181818182], ""dense_units_2"": [0.10511363636363637, 0.14488636363636365, 0.05965909090909091, 0.1846590909090909, 0.19602272727272727, 0.1278409090909091, 0.11079545454545454, 0.07102272727272728], ""dropout_1"": [0.16193181818181818, 0.26988636363636365, 0.08238636363636363, 0.09943181818181818, 0.11079545454545454, 0.06534090909090909, 0.1846590909090909, 0.02556818181818182], ""dropout_2"": [0.20738636363636365, 0.10511363636363637, 0.16193181818181818, 0.08806818181818182, 0.11079545454545454, 0.16193181818181818, 0.06534090909090909, 0.09943181818181818], ""loss"": [0.06534090909090909, 0.14488636363636365, 0.06534090909090909, 0.1278409090909091, 0.11079545454545454, 0.09943181818181818, 0.20170454545454544, 0.1846590909090909], ""optimizer"": [0.048295454545454544, 0.15056818181818182, 0.14488636363636365, 0.13920454545454544, 0.16761363636363635, 0.13920454545454544, 0.1278409090909091, 0.08238636363636363]}",False,False,gelu,success
paper_conventional-main-ants20-iterations5-epochs5-seed-42,paper_conventional,paper_faithful,iteration_based_paper_interpretation,main,20,5,5,42,3,6,171e578a7c37cb77,2048,32,0.1,0.1,256,softsign,adamax,categorical_hinge,,0.9754999876022339,0.9831249713897705,0.9754999876022339,0.13957282900810242,5,5,6.5653624209990085,cached,,nonstandard_loss_for_multiclass_sparse_labels,0.0010000000474974513,True,"{""activation"": [0.1278409090909091, 0.07102272727272728, 0.1278409090909091, 0.19602272727272727, 0.048295454545454544, 0.15056818181818182, 0.17329545454545456, 0.10511363636363637], ""batch_size"": [0.20170454545454544, 0.1278409090909091, 0.10511363636363637, 0.14488636363636365, 0.13352272727272727, 0.08238636363636363, 0.13920454545454544, 0.06534090909090909], ""dense_units_1"": [0.08806818181818182, 0.16761363636363635, 0.14488636363636365, 0.12215909090909091, 0.08238636363636363, 0.07670454545454546, 0.23011363636363635, 0.08806818181818182], ""dense_units_2"": [0.10511363636363637, 0.14488636363636365, 0.05965909090909091, 0.1846590909090909, 0.19602272727272727, 0.1278409090909091, 0.11079545454545454, 0.07102272727272728], ""dropout_1"": [0.16193181818181818, 0.26988636363636365, 0.08238636363636363, 0.09943181818181818, 0.11079545454545454, 0.06534090909090909, 0.1846590909090909, 0.02556818181818182], ""dropout_2"": [0.20738636363636365, 0.10511363636363637, 0.16193181818181818, 0.08806818181818182, 0.11079545454545454, 0.16193181818181818, 0.06534090909090909, 0.09943181818181818], ""loss"": [0.06534090909090909, 0.14488636363636365, 0.06534090909090909, 0.1278409090909091, 0.11079545454545454, 0.09943181818181818, 0.20170454545454544, 0.1846590909090909], ""optimizer"": [0.048295454545454544, 0.15056818181818182, 0.14488636363636365, 0.13920454545454544, 0.16761363636363635, 0.13920454545454544, 0.1278409090909091, 0.08238636363636363]}",False,False,softsign,success
paper_conventional-main-ants20-iterations5-epochs5-seed-42,paper_conventional,paper_faithful,iteration_based_paper_interpretation,main,20,5,5,42,3,7,76168a712fca7d4c,64,1024,0.6,0.2,64,softplus,rmsprop,categorical_crossentropy,,0.9375,0.9606249928474426,0.9375,0.18144164979457855,5,5,8.017715924997901,cached,,nonstandard_loss_for_multiclass_sparse_labels,0.0010000000474974513,True,"{""activation"": [0.1278409090909091, 0.07102272727272728, 0.1278409090909091, 0.19602272727272727, 0.048295454545454544, 0.15056818181818182, 0.17329545454545456, 0.10511363636363637], ""batch_size"": [0.20170454545454544, 0.1278409090909091, 0.10511363636363637, 0.14488636363636365, 0.13352272727272727, 0.08238636363636363, 0.13920454545454544, 0.06534090909090909], ""dense_units_1"": [0.08806818181818182, 0.16761363636363635, 0.14488636363636365, 0.12215909090909091, 0.08238636363636363, 0.07670454545454546, 0.23011363636363635, 0.08806818181818182], ""dense_units_2"": [0.10511363636363637, 0.14488636363636365, 0.05965909090909091, 0.1846590909090909, 0.19602272727272727, 0.1278409090909091, 0.11079545454545454, 0.07102272727272728], ""dropout_1"": [0.16193181818181818, 0.26988636363636365, 0.08238636363636363, 0.09943181818181818, 0.11079545454545454, 0.06534090909090909, 0.1846590909090909, 0.02556818181818182], ""dropout_2"": [0.20738636363636365, 0.10511363636363637, 0.16193181818181818, 0.08806818181818182, 0.11079545454545454, 0.16193181818181818, 0.06534090909090909, 0.09943181818181818], ""loss"": [0.06534090909090909, 0.14488636363636365, 0.06534090909090909, 0.1278409090909091, 0.11079545454545454, 0.09943181818181818, 0.20170454545454544, 0.1846590909090909], ""optimizer"": [0.048295454545454544, 0.15056818181818182, 0.14488636363636365, 0.13920454545454544, 0.16761363636363635, 0.13920454545454544, 0.1278409090909091, 0.08238636363636363]}",False,False,softplus,success
paper_conventional-main-ants20-iterations5-epochs5-seed-42,paper_conventional,paper_faithful,iteration_based_paper_interpretation,main,20,5,5,42,3,8,2ed7242f9a88e66f,2048,128,0.2,0.6,128,linear,adamax,mean_squared_error,,0.9380000233650208,0.9468749761581421,0.9380000233650208,0.014892026782035828,5,5,5.35483462800039,cached,,nonstandard_loss_for_multiclass_sparse_labels,0.0010000000474974513,True,"{""activation"": [0.1278409090909091, 0.07102272727272728, 0.1278409090909091, 0.19602272727272727, 0.048295454545454544, 0.15056818181818182, 0.17329545454545456, 0.10511363636363637], ""batch_size"": [0.20170454545454544, 0.1278409090909091, 0.10511363636363637, 0.14488636363636365, 0.13352272727272727, 0.08238636363636363, 0.13920454545454544, 0.06534090909090909], ""dense_units_1"": [0.08806818181818182, 0.16761363636363635, 0.14488636363636365, 0.12215909090909091, 0.08238636363636363, 0.07670454545454546, 0.23011363636363635, 0.08806818181818182], ""dense_units_2"": [0.10511363636363637, 0.14488636363636365, 0.05965909090909091, 0.1846590909090909, 0.19602272727272727, 0.1278409090909091, 0.11079545454545454, 0.07102272727272728], ""dropout_1"": [0.16193181818181818, 0.26988636363636365, 0.08238636363636363, 0.09943181818181818, 0.11079545454545454, 0.06534090909090909, 0.1846590909090909, 0.02556818181818182], ""dropout_2"": [0.20738636363636365, 0.10511363636363637, 0.16193181818181818, 0.08806818181818182, 0.11079545454545454, 0.16193181818181818, 0.06534090909090909, 0.09943181818181818], ""loss"": [0.06534090909090909, 0.14488636363636365, 0.06534090909090909, 0.1278409090909091, 0.11079545454545454, 0.09943181818181818, 0.20170454545454544, 0.1846590909090909], ""optimizer"": [0.048295454545454544, 0.15056818181818182, 0.14488636363636365, 0.13920454545454544, 0.16761363636363635, 0.13920454545454544, 0.1278409090909091, 0.08238636363636363]}",False,False,linier,success
paper_conventional-main-ants20-iterations5-epochs5-seed-42,paper_conventional,paper_faithful,iteration_based_paper_interpretation,main,20,5,5,42,3,9,113f6f80203c75de,64,2048,0.5,0.8,16,gelu,adagrad,categorical_crossentropy,,0.6819999814033508,0.5608749985694885,0.6819999814033508,0.967341423034668,5,5,36.77442456800054,cached,,nonstandard_loss_for_multiclass_sparse_labels,0.0010000000474974513,True,"{""activation"": [0.1278409090909091, 0.07102272727272728, 0.1278409090909091, 0.19602272727272727, 0.048295454545454544, 0.15056818181818182, 0.17329545454545456, 0.10511363636363637], ""batch_size"": [0.20170454545454544, 0.1278409090909091, 0.10511363636363637, 0.14488636363636365, 0.13352272727272727, 0.08238636363636363, 0.13920454545454544, 0.06534090909090909], ""dense_units_1"": [0.08806818181818182, 0.16761363636363635, 0.14488636363636365, 0.12215909090909091, 0.08238636363636363, 0.07670454545454546, 0.23011363636363635, 0.08806818181818182], ""dense_units_2"": [0.10511363636363637, 0.14488636363636365, 0.05965909090909091, 0.1846590909090909, 0.19602272727272727, 0.1278409090909091, 0.11079545454545454, 0.07102272727272728], ""dropout_1"": [0.16193181818181818, 0.26988636363636365, 0.08238636363636363, 0.09943181818181818, 0.11079545454545454, 0.06534090909090909, 0.1846590909090909, 0.02556818181818182], ""dropout_2"": [0.20738636363636365, 0.10511363636363637, 0.16193181818181818, 0.08806818181818182, 0.11079545454545454, 0.16193181818181818, 0.06534090909090909, 0.09943181818181818], ""loss"": [0.06534090909090909, 0.14488636363636365, 0.06534090909090909, 0.1278409090909091, 0.11079545454545454, 0.09943181818181818, 0.20170454545454544, 0.1846590909090909], ""optimizer"": [0.048295454545454544, 0.15056818181818182, 0.14488636363636365, 0.13920454545454544, 0.16761363636363635, 0.13920454545454544, 0.1278409090909091, 0.08238636363636363]}",False,False,gelu,success
paper_conventional-main-ants20-iterations5-epochs5-seed-42,paper_conventional,paper_faithful,iteration_based_paper_interpretation,main,20,5,5,42,3,10,1864fc8ce8c88a42,256,256,0.1,0.3,1024,softplus,adadelta,mean_squared_error,,0.18649999797344208,0.12387499958276749,0.18649999797344208,0.09306148439645767,5,5,6.634396229997947,cached,,nonstandard_loss_for_multiclass_sparse_labels,0.0010000000474974513,True,"{""activation"": [0.1278409090909091, 0.07102272727272728, 0.1278409090909091, 0.19602272727272727, 0.048295454545454544, 0.15056818181818182, 0.17329545454545456, 0.10511363636363637], ""batch_size"": [0.20170454545454544, 0.1278409090909091, 0.10511363636363637, 0.14488636363636365, 0.13352272727272727, 0.08238636363636363, 0.13920454545454544, 0.06534090909090909], ""dense_units_1"": [0.08806818181818182, 0.16761363636363635, 0.14488636363636365, 0.12215909090909091, 0.08238636363636363, 0.07670454545454546, 0.23011363636363635, 0.08806818181818182], ""dense_units_2"": [0.10511363636363637, 0.14488636363636365, 0.05965909090909091, 0.1846590909090909, 0.19602272727272727, 0.1278409090909091, 0.11079545454545454, 0.07102272727272728], ""dropout_1"": [0.16193181818181818, 0.26988636363636365, 0.08238636363636363, 0.09943181818181818, 0.11079545454545454, 0.06534090909090909, 0.1846590909090909, 0.02556818181818182], ""dropout_2"": [0.20738636363636365, 0.10511363636363637, 0.16193181818181818, 0.08806818181818182, 0.11079545454545454, 0.16193181818181818, 0.06534090909090909, 0.09943181818181818], ""loss"": [0.06534090909090909, 0.14488636363636365, 0.06534090909090909, 0.1278409090909091, 0.11079545454545454, 0.09943181818181818, 0.20170454545454544, 0.1846590909090909], ""optimizer"": [0.048295454545454544, 0.15056818181818182, 0.14488636363636365, 0.13920454545454544, 0.16761363636363635, 0.13920454545454544, 0.1278409090909091, 0.08238636363636363]}",False,False,softplus,success
paper_conventional-main-ants20-iterations5-epochs5-seed-42,paper_conventional,paper_faithful,iteration_based_paper_interpretation,main,20,5,5,42,3,11,70686d19007364c3,64,1024,0.6,0.1,2048,gelu,sgd,cosine_similarity,,0.6014999747276306,0.6493750214576721,0.6014999747276306,-0.4789237678050995,5,5,5.075422486002935,cached,,nonstandard_loss_for_multiclass_sparse_labels,0.009999999776482582,True,"{""activation"": [0.1278409090909091, 0.07102272727272728, 0.1278409090909091, 0.19602272727272727, 0.048295454545454544, 0.15056818181818182, 0.17329545454545456, 0.10511363636363637], ""batch_size"": [0.20170454545454544, 0.1278409090909091, 0.10511363636363637, 0.14488636363636365, 0.13352272727272727, 0.08238636363636363, 0.13920454545454544, 0.06534090909090909], ""dense_units_1"": [0.08806818181818182, 0.16761363636363635, 0.14488636363636365, 0.12215909090909091, 0.08238636363636363, 0.07670454545454546, 0.23011363636363635, 0.08806818181818182], ""dense_units_2"": [0.10511363636363637, 0.14488636363636365, 0.05965909090909091, 0.1846590909090909, 0.19602272727272727, 0.1278409090909091, 0.11079545454545454, 0.07102272727272728], ""dropout_1"": [0.16193181818181818, 0.26988636363636365, 0.08238636363636363, 0.09943181818181818, 0.11079545454545454, 0.06534090909090909, 0.1846590909090909, 0.02556818181818182], ""dropout_2"": [0.20738636363636365, 0.10511363636363637, 0.16193181818181818, 0.08806818181818182, 0.11079545454545454, 0.16193181818181818, 0.06534090909090909, 0.09943181818181818], ""loss"": [0.06534090909090909, 0.14488636363636365, 0.06534090909090909, 0.1278409090909091, 0.11079545454545454, 0.09943181818181818, 0.20170454545454544, 0.1846590909090909], ""optimizer"": [0.048295454545454544, 0.15056818181818182, 0.14488636363636365, 0.13920454545454544, 0.16761363636363635, 0.13920454545454544, 0.1278409090909091, 0.08238636363636363]}",False,False,gelu,success
paper_conventional-main-ants20-iterations5-epochs5-seed-42,paper_conventional,paper_faithful,iteration_based_paper_interpretation,main,20,5,5,42,3,12,75503dc9457f20be,32,2048,0.5,0.5,16,linear,adam,binary_crossentropy,,0.9649999737739563,0.9351249933242798,0.9649999737739563,0.029543882235884666,5,5,35.332665967998764,cached,,nonstandard_loss_for_multiclass_sparse_labels,0.0010000000474974513,True,"{""activation"": [0.1278409090909091, 0.07102272727272728, 0.1278409090909091, 0.19602272727272727, 0.048295454545454544, 0.15056818181818182, 0.17329545454545456, 0.10511363636363637], ""batch_size"": [0.20170454545454544, 0.1278409090909091, 0.10511363636363637, 0.14488636363636365, 0.13352272727272727, 0.08238636363636363, 0.13920454545454544, 0.06534090909090909], ""dense_units_1"": [0.08806818181818182, 0.16761363636363635, 0.14488636363636365, 0.12215909090909091, 0.08238636363636363, 0.07670454545454546, 0.23011363636363635, 0.08806818181818182], ""dense_units_2"": [0.10511363636363637, 0.14488636363636365, 0.05965909090909091, 0.1846590909090909, 0.19602272727272727, 0.1278409090909091, 0.11079545454545454, 0.07102272727272728], ""dropout_1"": [0.16193181818181818, 0.26988636363636365, 0.08238636363636363, 0.09943181818181818, 0.11079545454545454, 0.06534090909090909, 0.1846590909090909, 0.02556818181818182], ""dropout_2"": [0.20738636363636365, 0.10511363636363637, 0.16193181818181818, 0.08806818181818182, 0.11079545454545454, 0.16193181818181818, 0.06534090909090909, 0.09943181818181818], ""loss"": [0.06534090909090909, 0.14488636363636365, 0.06534090909090909, 0.1278409090909091, 0.11079545454545454, 0.09943181818181818, 0.20170454545454544, 0.1846590909090909], ""optimizer"": [0.048295454545454544, 0.15056818181818182, 0.14488636363636365, 0.13920454545454544, 0.16761363636363635, 0.13920454545454544, 0.1278409090909091, 0.08238636363636363]}",False,False,linier,success
paper_conventional-main-ants20-iterations5-epochs5-seed-42,paper_conventional,paper_faithful,iteration_based_paper_interpretation,main,20,5,5,42,3,13,f78ec5e52926e385,32,512,0.2,0.8,256,relu,adam,sparse_categorical_crossentropy,,0.8184999823570251,0.6177499890327454,0.8184999823570251,1.4810950756072998,5,5,6.7020929050013365,cached,,,0.0010000000474974513,True,"{""activation"": [0.1278409090909091, 0.07102272727272728, 0.1278409090909091, 0.19602272727272727, 0.048295454545454544, 0.15056818181818182, 0.17329545454545456, 0.10511363636363637], ""batch_size"": [0.20170454545454544, 0.1278409090909091, 0.10511363636363637, 0.14488636363636365, 0.13352272727272727, 0.08238636363636363, 0.13920454545454544, 0.06534090909090909], ""dense_units_1"": [0.08806818181818182, 0.16761363636363635, 0.14488636363636365, 0.12215909090909091, 0.08238636363636363, 0.07670454545454546, 0.23011363636363635, 0.08806818181818182], ""dense_units_2"": [0.10511363636363637, 0.14488636363636365, 0.05965909090909091, 0.1846590909090909, 0.19602272727272727, 0.1278409090909091, 0.11079545454545454, 0.07102272727272728], ""dropout_1"": [0.16193181818181818, 0.26988636363636365, 0.08238636363636363, 0.09943181818181818, 0.11079545454545454, 0.06534090909090909, 0.1846590909090909, 0.02556818181818182], ""dropout_2"": [0.20738636363636365, 0.10511363636363637, 0.16193181818181818, 0.08806818181818182, 0.11079545454545454, 0.16193181818181818, 0.06534090909090909, 0.09943181818181818], ""loss"": [0.06534090909090909, 0.14488636363636365, 0.06534090909090909, 0.1278409090909091, 0.11079545454545454, 0.09943181818181818, 0.20170454545454544, 0.1846590909090909], ""optimizer"": [0.048295454545454544, 0.15056818181818182, 0.14488636363636365, 0.13920454545454544, 0.16761363636363635, 0.13920454545454544, 0.1278409090909091, 0.08238636363636363]}",False,False,relu,success
paper_conventional-main-ants20-iterations5-epochs5-seed-42,paper_conventional,paper_faithful,iteration_based_paper_interpretation,main,20,5,5,42,3,14,38b6c543a46381ef,512,512,0.2,0.7,16,gelu,nadam,categorical_hinge,,0.9380000233650208,0.8009999990463257,0.9380000233650208,0.12135287374258041,1,5,45.7718601839988,cached,,nonstandard_loss_for_multiclass_sparse_labels,0.0010000000474974513,True,"{""activation"": [0.1278409090909091, 0.07102272727272728, 0.1278409090909091, 0.19602272727272727, 0.048295454545454544, 0.15056818181818182, 0.17329545454545456, 0.10511363636363637], ""batch_size"": [0.20170454545454544, 0.1278409090909091, 0.10511363636363637, 0.14488636363636365, 0.13352272727272727, 0.08238636363636363, 0.13920454545454544, 0.06534090909090909], ""dense_units_1"": [0.08806818181818182, 0.16761363636363635, 0.14488636363636365, 0.12215909090909091, 0.08238636363636363, 0.07670454545454546, 0.23011363636363635, 0.08806818181818182], ""dense_units_2"": [0.10511363636363637, 0.14488636363636365, 0.05965909090909091, 0.1846590909090909, 0.19602272727272727, 0.1278409090909091, 0.11079545454545454, 0.07102272727272728], ""dropout_1"": [0.16193181818181818, 0.26988636363636365, 0.08238636363636363, 0.09943181818181818, 0.11079545454545454, 0.06534090909090909, 0.1846590909090909, 0.02556818181818182], ""dropout_2"": [0.20738636363636365, 0.10511363636363637, 0.16193181818181818, 0.08806818181818182, 0.11079545454545454, 0.16193181818181818, 0.06534090909090909, 0.09943181818181818], ""loss"": [0.06534090909090909, 0.14488636363636365, 0.06534090909090909, 0.1278409090909091, 0.11079545454545454, 0.09943181818181818, 0.20170454545454544, 0.1846590909090909], ""optimizer"": [0.048295454545454544, 0.15056818181818182, 0.14488636363636365, 0.13920454545454544, 0.16761363636363635, 0.13920454545454544, 0.1278409090909091, 0.08238636363636363]}",False,False,gelu,success
paper_conventional-main-ants20-iterations5-epochs5-seed-42,paper_conventional,paper_faithful,iteration_based_paper_interpretation,main,20,5,5,42,3,15,a566a974bd88f1bd,1024,1024,0.1,0.1,16,softsign,adamax,categorical_hinge,,0.9825000166893005,0.9872499704360962,0.9825000166893005,0.0385909378528595,5,5,31.38873642999897,cached,,nonstandard_loss_for_multiclass_sparse_labels,0.0010000000474974513,True,"{""activation"": [0.1278409090909091, 0.07102272727272728, 0.1278409090909091, 0.19602272727272727, 0.048295454545454544, 0.15056818181818182, 0.17329545454545456, 0.10511363636363637], ""batch_size"": [0.20170454545454544, 0.1278409090909091, 0.10511363636363637, 0.14488636363636365, 0.13352272727272727, 0.08238636363636363, 0.13920454545454544, 0.06534090909090909], ""dense_units_1"": [0.08806818181818182, 0.16761363636363635, 0.14488636363636365, 0.12215909090909091, 0.08238636363636363, 0.07670454545454546, 0.23011363636363635, 0.08806818181818182], ""dense_units_2"": [0.10511363636363637, 0.14488636363636365, 0.05965909090909091, 0.1846590909090909, 0.19602272727272727, 0.1278409090909091, 0.11079545454545454, 0.07102272727272728], ""dropout_1"": [0.16193181818181818, 0.26988636363636365, 0.08238636363636363, 0.09943181818181818, 0.11079545454545454, 0.06534090909090909, 0.1846590909090909, 0.02556818181818182], ""dropout_2"": [0.20738636363636365, 0.10511363636363637, 0.16193181818181818, 0.08806818181818182, 0.11079545454545454, 0.16193181818181818, 0.06534090909090909, 0.09943181818181818], ""loss"": [0.06534090909090909, 0.14488636363636365, 0.06534090909090909, 0.1278409090909091, 0.11079545454545454, 0.09943181818181818, 0.20170454545454544, 0.1846590909090909], ""optimizer"": [0.048295454545454544, 0.15056818181818182, 0.14488636363636365, 0.13920454545454544, 0.16761363636363635, 0.13920454545454544, 0.1278409090909091, 0.08238636363636363]}",True,True,softsign,success
paper_conventional-main-ants20-iterations5-epochs5-seed-42,paper_conventional,paper_faithful,iteration_based_paper_interpretation,main,20,5,5,42,3,16,43a2dc6b40a9e836,1024,32,0.6,0.1,32,selu,nadam,squared_hinge,,0.859499990940094,0.9347500205039978,0.859499990940094,0.9548026919364929,5,5,24.077946356999746,cached,,nonstandard_loss_for_multiclass_sparse_labels,0.0010000000474974513,True,"{""activation"": [0.1278409090909091, 0.07102272727272728, 0.1278409090909091, 0.19602272727272727, 0.048295454545454544, 0.15056818181818182, 0.17329545454545456, 0.10511363636363637], ""batch_size"": [0.20170454545454544, 0.1278409090909091, 0.10511363636363637, 0.14488636363636365, 0.13352272727272727, 0.08238636363636363, 0.13920454545454544, 0.06534090909090909], ""dense_units_1"": [0.08806818181818182, 0.16761363636363635, 0.14488636363636365, 0.12215909090909091, 0.08238636363636363, 0.07670454545454546, 0.23011363636363635, 0.08806818181818182], ""dense_units_2"": [0.10511363636363637, 0.14488636363636365, 0.05965909090909091, 0.1846590909090909, 0.19602272727272727, 0.1278409090909091, 0.11079545454545454, 0.07102272727272728], ""dropout_1"": [0.16193181818181818, 0.26988636363636365, 0.08238636363636363, 0.09943181818181818, 0.11079545454545454, 0.06534090909090909, 0.1846590909090909, 0.02556818181818182], ""dropout_2"": [0.20738636363636365, 0.10511363636363637, 0.16193181818181818, 0.08806818181818182, 0.11079545454545454, 0.16193181818181818, 0.06534090909090909, 0.09943181818181818], ""loss"": [0.06534090909090909, 0.14488636363636365, 0.06534090909090909, 0.1278409090909091, 0.11079545454545454, 0.09943181818181818, 0.20170454545454544, 0.1846590909090909], ""optimizer"": [0.048295454545454544, 0.15056818181818182, 0.14488636363636365, 0.13920454545454544, 0.16761363636363635, 0.13920454545454544, 0.1278409090909091, 0.08238636363636363]}",False,False,selu,success
paper_conventional-main-ants20-iterations5-epochs5-seed-42,paper_conventional,paper_faithful,iteration_based_paper_interpretation,main,20,5,5,42,3,17,c59c23c4d89af7df,16,256,0.1,0.7,256,sigmoid,rmsprop,categorical_crossentropy,,0.8820000290870667,0.5476250052452087,0.8820000290870667,0.8627422451972961,5,5,5.979597292000108,cached,,nonstandard_loss_for_multiclass_sparse_labels,0.0010000000474974513,True,"{""activation"": [0.1278409090909091, 0.07102272727272728, 0.1278409090909091, 0.19602272727272727, 0.048295454545454544, 0.15056818181818182, 0.17329545454545456, 0.10511363636363637], ""batch_size"": [0.20170454545454544, 0.1278409090909091, 0.10511363636363637, 0.14488636363636365, 0.13352272727272727, 0.08238636363636363, 0.13920454545454544, 0.06534090909090909], ""dense_units_1"": [0.08806818181818182, 0.16761363636363635, 0.14488636363636365, 0.12215909090909091, 0.08238636363636363, 0.07670454545454546, 0.23011363636363635, 0.08806818181818182], ""dense_units_2"": [0.10511363636363637, 0.14488636363636365, 0.05965909090909091, 0.1846590909090909, 0.19602272727272727, 0.1278409090909091, 0.11079545454545454, 0.07102272727272728], ""dropout_1"": [0.16193181818181818, 0.26988636363636365, 0.08238636363636363, 0.09943181818181818, 0.11079545454545454, 0.06534090909090909, 0.1846590909090909, 0.02556818181818182], ""dropout_2"": [0.20738636363636365, 0.10511363636363637, 0.16193181818181818, 0.08806818181818182, 0.11079545454545454, 0.16193181818181818, 0.06534090909090909, 0.09943181818181818], ""loss"": [0.06534090909090909, 0.14488636363636365, 0.06534090909090909, 0.1278409090909091, 0.11079545454545454, 0.09943181818181818, 0.20170454545454544, 0.1846590909090909], ""optimizer"": [0.048295454545454544, 0.15056818181818182, 0.14488636363636365, 0.13920454545454544, 0.16761363636363635, 0.13920454545454544, 0.1278409090909091, 0.08238636363636363]}",False,False,sigmoid,success
paper_conventional-main-ants20-iterations5-epochs5-seed-42,paper_conventional,paper_faithful,iteration_based_paper_interpretation,main,20,5,5,42,3,18,137935c81b7fe6a0,2048,128,0.6,0.5,128,sigmoid,nadam,mean_absolute_error,,0.7570000290870667,0.7593749761581421,0.7570000290870667,0.05438905954360962,3,5,8.553901651997876,cached,,nonstandard_loss_for_multiclass_sparse_labels,0.0010000000474974513,True,"{""activation"": [0.1278409090909091, 0.07102272727272728, 0.1278409090909091, 0.19602272727272727, 0.048295454545454544, 0.15056818181818182, 0.17329545454545456, 0.10511363636363637], ""batch_size"": [0.20170454545454544, 0.1278409090909091, 0.10511363636363637, 0.14488636363636365, 0.13352272727272727, 0.08238636363636363, 0.13920454545454544, 0.06534090909090909], ""dense_units_1"": [0.08806818181818182, 0.16761363636363635, 0.14488636363636365, 0.12215909090909091, 0.08238636363636363, 0.07670454545454546, 0.23011363636363635, 0.08806818181818182], ""dense_units_2"": [0.10511363636363637, 0.14488636363636365, 0.05965909090909091, 0.1846590909090909, 0.19602272727272727, 0.1278409090909091, 0.11079545454545454, 0.07102272727272728], ""dropout_1"": [0.16193181818181818, 0.26988636363636365, 0.08238636363636363, 0.09943181818181818, 0.11079545454545454, 0.06534090909090909, 0.1846590909090909, 0.02556818181818182], ""dropout_2"": [0.20738636363636365, 0.10511363636363637, 0.16193181818181818, 0.08806818181818182, 0.11079545454545454, 0.16193181818181818, 0.06534090909090909, 0.09943181818181818], ""loss"": [0.06534090909090909, 0.14488636363636365, 0.06534090909090909, 0.1278409090909091, 0.11079545454545454, 0.09943181818181818, 0.20170454545454544, 0.1846590909090909], ""optimizer"": [0.048295454545454544, 0.15056818181818182, 0.14488636363636365, 0.13920454545454544, 0.16761363636363635, 0.13920454545454544, 0.1278409090909091, 0.08238636363636363]}",False,False,sigmoid,success
paper_conventional-main-ants20-iterations5-epochs5-seed-42,paper_conventional,paper_faithful,iteration_based_paper_interpretation,main,20,5,5,42,3,19,10350c903ced76d6,256,512,0.5,0.8,16,softsign,adadelta,mean_squared_error,,0.12449999898672104,0.12174999713897705,0.12449999898672104,0.08910905569791794,5,5,30.913262008998572,cached,,nonstandard_loss_for_multiclass_sparse_labels,0.0010000000474974513,True,"{""activation"": [0.1278409090909091, 0.07102272727272728, 0.1278409090909091, 0.19602272727272727, 0.048295454545454544, 0.15056818181818182, 0.17329545454545456, 0.10511363636363637], ""batch_size"": [0.20170454545454544, 0.1278409090909091, 0.10511363636363637, 0.14488636363636365, 0.13352272727272727, 0.08238636363636363, 0.13920454545454544, 0.06534090909090909], ""dense_units_1"": [0.08806818181818182, 0.16761363636363635, 0.14488636363636365, 0.12215909090909091, 0.08238636363636363, 0.07670454545454546, 0.23011363636363635, 0.08806818181818182], ""dense_units_2"": [0.10511363636363637, 0.14488636363636365, 0.05965909090909091, 0.1846590909090909, 0.19602272727272727, 0.1278409090909091, 0.11079545454545454, 0.07102272727272728], ""dropout_1"": [0.16193181818181818, 0.26988636363636365, 0.08238636363636363, 0.09943181818181818, 0.11079545454545454, 0.06534090909090909, 0.1846590909090909, 0.02556818181818182], ""dropout_2"": [0.20738636363636365, 0.10511363636363637, 0.16193181818181818, 0.08806818181818182, 0.11079545454545454, 0.16193181818181818, 0.06534090909090909, 0.09943181818181818], ""loss"": [0.06534090909090909, 0.14488636363636365, 0.06534090909090909, 0.1278409090909091, 0.11079545454545454, 0.09943181818181818, 0.20170454545454544, 0.1846590909090909], ""optimizer"": [0.048295454545454544, 0.15056818181818182, 0.14488636363636365, 0.13920454545454544, 0.16761363636363635, 0.13920454545454544, 0.1278409090909091, 0.08238636363636363]}",False,False,softsign,success
paper_conventional-main-ants20-iterations5-epochs5-seed-42,paper_conventional,paper_faithful,iteration_based_paper_interpretation,main,20,5,5,42,3,20,d09b5afb802f515a,32,32,0.2,0.2,64,selu,adagrad,mean_squared_error,,0.5364999771118164,0.4242500066757202,0.5364999771118164,0.06580346077680588,5,5,7.764802393001446,cached,,nonstandard_loss_for_multiclass_sparse_labels,0.0010000000474974513,True,"{""activation"": [0.1278409090909091, 0.07102272727272728, 0.1278409090909091, 0.19602272727272727, 0.048295454545454544, 0.15056818181818182, 0.17329545454545456, 0.10511363636363637], ""batch_size"": [0.20170454545454544, 0.1278409090909091, 0.10511363636363637, 0.14488636363636365, 0.13352272727272727, 0.08238636363636363, 0.13920454545454544, 0.06534090909090909], ""dense_units_1"": [0.08806818181818182, 0.16761363636363635, 0.14488636363636365, 0.12215909090909091, 0.08238636363636363, 0.07670454545454546, 0.23011363636363635, 0.08806818181818182], ""dense_units_2"": [0.10511363636363637, 0.14488636363636365, 0.05965909090909091, 0.1846590909090909, 0.19602272727272727, 0.1278409090909091, 0.11079545454545454, 0.07102272727272728], ""dropout_1"": [0.16193181818181818, 0.26988636363636365, 0.08238636363636363, 0.09943181818181818, 0.11079545454545454, 0.06534090909090909, 0.1846590909090909, 0.02556818181818182], ""dropout_2"": [0.20738636363636365, 0.10511363636363637, 0.16193181818181818, 0.08806818181818182, 0.11079545454545454, 0.16193181818181818, 0.06534090909090909, 0.09943181818181818], ""loss"": [0.06534090909090909, 0.14488636363636365, 0.06534090909090909, 0.1278409090909091, 0.11079545454545454, 0.09943181818181818, 0.20170454545454544, 0.1846590909090909], ""optimizer"": [0.048295454545454544, 0.15056818181818182, 0.14488636363636365, 0.13920454545454544, 0.16761363636363635, 0.13920454545454544, 0.1278409090909091, 0.08238636363636363]}",False,False,selu,success
paper_conventional-main-ants20-iterations5-epochs5-seed-42,paper_conventional,paper_faithful,iteration_based_paper_interpretation,main,20,5,5,42,4,1,0880b3906b731eeb,128,64,0.4,0.2,16,softsign,adagrad,binary_crossentropy,,0.6365000009536743,0.6658750176429749,0.6365000009536743,0.5165123343467712,5,5,32.57685103600306,cached,,nonstandard_loss_for_multiclass_sparse_labels,0.0010000000474974513,True,"{""activation"": [0.11733490566037735, 0.08195754716981132, 0.11733490566037735, 0.1786556603773585, 0.030070754716981132, 0.15035377358490565, 0.20224056603773585, 0.12205188679245282], ""batch_size"": [0.23879716981132076, 0.09846698113207547, 0.10318396226415094, 0.12794811320754718, 0.17747641509433962, 0.07016509433962265, 0.12441037735849056, 0.05955188679245283], ""dense_units_1"": [0.07370283018867925, 0.17983490566037735, 0.14681603773584906, 0.07606132075471699, 0.10790094339622641, 0.08549528301886793, 0.19988207547169812, 0.1303066037735849], ""dense_units_2"": [0.06544811320754718, 0.14681603773584906, 0.05601415094339623, 0.1715801886792453, 0.1786556603773585, 0.17393867924528303, 0.12558962264150944, 0.08195754716981132], ""dropout_1"": [0.19516509433962265, 0.2623820754716981, 0.07016509433962265, 0.061910377358490566, 0.12558962264150944, 0.13502358490566038, 0.1338443396226415, 0.015919811320754717], ""dropout_2"": [0.22346698113207547, 0.12205188679245282, 0.11969339622641509, 0.09257075471698113, 0.10672169811320754, 0.11969339622641509, 0.07841981132075472, 0.13738207547169812], ""loss"": [0.05955188679245283, 0.16568396226415094, 0.05955188679245283, 0.09846698113207547, 0.14445754716981132, 0.13738207547169812, 0.20106132075471697, 0.1338443396226415], ""optimizer"": [0.06780660377358491, 0.15035377358490565, 0.10908018867924528, 0.12441037735849056, 0.17983490566037735, 0.14327830188679244, 0.11733490566037735, 0.10790094339622641]}",False,False,softsign,success
paper_conventional-main-ants20-iterations5-epochs5-seed-42,paper_conventional,paper_faithful,iteration_based_paper_interpretation,main,20,5,5,42,4,2,9241e29335a164f3,256,256,0.5,0.5,256,softplus,ftrl,squared_hinge,,0.10000000149011612,0.08874999731779099,0.10000000149011612,1.1699998378753662,1,5,7.227043433002109,cached,,nonstandard_loss_for_multiclass_sparse_labels,0.0010000000474974513,True,"{""activation"": [0.11733490566037735, 0.08195754716981132, 0.11733490566037735, 0.1786556603773585, 0.030070754716981132, 0.15035377358490565, 0.20224056603773585, 0.12205188679245282], ""batch_size"": [0.23879716981132076, 0.09846698113207547, 0.10318396226415094, 0.12794811320754718, 0.17747641509433962, 0.07016509433962265, 0.12441037735849056, 0.05955188679245283], ""dense_units_1"": [0.07370283018867925, 0.17983490566037735, 0.14681603773584906, 0.07606132075471699, 0.10790094339622641, 0.08549528301886793, 0.19988207547169812, 0.1303066037735849], ""dense_units_2"": [0.06544811320754718, 0.14681603773584906, 0.05601415094339623, 0.1715801886792453, 0.1786556603773585, 0.17393867924528303, 0.12558962264150944, 0.08195754716981132], ""dropout_1"": [0.19516509433962265, 0.2623820754716981, 0.07016509433962265, 0.061910377358490566, 0.12558962264150944, 0.13502358490566038, 0.1338443396226415, 0.015919811320754717], ""dropout_2"": [0.22346698113207547, 0.12205188679245282, 0.11969339622641509, 0.09257075471698113, 0.10672169811320754, 0.11969339622641509, 0.07841981132075472, 0.13738207547169812], ""loss"": [0.05955188679245283, 0.16568396226415094, 0.05955188679245283, 0.09846698113207547, 0.14445754716981132, 0.13738207547169812, 0.20106132075471697, 0.1338443396226415], ""optimizer"": [0.06780660377358491, 0.15035377358490565, 0.10908018867924528, 0.12441037735849056, 0.17983490566037735, 0.14327830188679244, 0.11733490566037735, 0.10790094339622641]}",False,False,softplus,success
paper_conventional-main-ants20-iterations5-epochs5-seed-42,paper_conventional,paper_faithful,iteration_based_paper_interpretation,main,20,5,5,42,4,3,cfe19f4ed43cd70a,128,512,0.2,0.4,256,linear,nadam,mean_squared_error,,0.9430000185966492,0.9631249904632568,0.9430000185966492,0.00985652394592762,5,5,8.072195988999738,cached,,nonstandard_loss_for_multiclass_sparse_labels,0.0010000000474974513,True,"{""activation"": [0.11733490566037735, 0.08195754716981132, 0.11733490566037735, 0.1786556603773585, 0.030070754716981132, 0.15035377358490565, 0.20224056603773585, 0.12205188679245282], ""batch_size"": [0.23879716981132076, 0.09846698113207547, 0.10318396226415094, 0.12794811320754718, 0.17747641509433962, 0.07016509433962265, 0.12441037735849056, 0.05955188679245283], ""dense_units_1"": [0.07370283018867925, 0.17983490566037735, 0.14681603773584906, 0.07606132075471699, 0.10790094339622641, 0.08549528301886793, 0.19988207547169812, 0.1303066037735849], ""dense_units_2"": [0.06544811320754718, 0.14681603773584906, 0.05601415094339623, 0.1715801886792453, 0.1786556603773585, 0.17393867924528303, 0.12558962264150944, 0.08195754716981132], ""dropout_1"": [0.19516509433962265, 0.2623820754716981, 0.07016509433962265, 0.061910377358490566, 0.12558962264150944, 0.13502358490566038, 0.1338443396226415, 0.015919811320754717], ""dropout_2"": [0.22346698113207547, 0.12205188679245282, 0.11969339622641509, 0.09257075471698113, 0.10672169811320754, 0.11969339622641509, 0.07841981132075472, 0.13738207547169812], ""loss"": [0.05955188679245283, 0.16568396226415094, 0.05955188679245283, 0.09846698113207547, 0.14445754716981132, 0.13738207547169812, 0.20106132075471697, 0.1338443396226415], ""optimizer"": [0.06780660377358491, 0.15035377358490565, 0.10908018867924528, 0.12441037735849056, 0.17983490566037735, 0.14327830188679244, 0.11733490566037735, 0.10790094339622641]}",False,False,linier,success
paper_conventional-main-ants20-iterations5-epochs5-seed-42,paper_conventional,paper_faithful,iteration_based_paper_interpretation,main,20,5,5,42,4,4,3fcffc134e188847,256,1024,0.2,0.7,128,relu,rmsprop,categorical_hinge,,0.9409999847412109,0.9432500004768372,0.9409999847412109,0.15874521434307098,5,5,5.76144983499762,cached,,nonstandard_loss_for_multiclass_sparse_labels,0.0010000000474974513,True,"{""activation"": [0.11733490566037735, 0.08195754716981132, 0.11733490566037735, 0.1786556603773585, 0.030070754716981132, 0.15035377358490565, 0.20224056603773585, 0.12205188679245282], ""batch_size"": [0.23879716981132076, 0.09846698113207547, 0.10318396226415094, 0.12794811320754718, 0.17747641509433962, 0.07016509433962265, 0.12441037735849056, 0.05955188679245283], ""dense_units_1"": [0.07370283018867925, 0.17983490566037735, 0.14681603773584906, 0.07606132075471699, 0.10790094339622641, 0.08549528301886793, 0.19988207547169812, 0.1303066037735849], ""dense_units_2"": [0.06544811320754718, 0.14681603773584906, 0.05601415094339623, 0.1715801886792453, 0.1786556603773585, 0.17393867924528303, 0.12558962264150944, 0.08195754716981132], ""dropout_1"": [0.19516509433962265, 0.2623820754716981, 0.07016509433962265, 0.061910377358490566, 0.12558962264150944, 0.13502358490566038, 0.1338443396226415, 0.015919811320754717], ""dropout_2"": [0.22346698113207547, 0.12205188679245282, 0.11969339622641509, 0.09257075471698113, 0.10672169811320754, 0.11969339622641509, 0.07841981132075472, 0.13738207547169812], ""loss"": [0.05955188679245283, 0.16568396226415094, 0.05955188679245283, 0.09846698113207547, 0.14445754716981132, 0.13738207547169812, 0.20106132075471697, 0.1338443396226415], ""optimizer"": [0.06780660377358491, 0.15035377358490565, 0.10908018867924528, 0.12441037735849056, 0.17983490566037735, 0.14327830188679244, 0.11733490566037735, 0.10790094339622641]}",False,False,relu,success
paper_conventional-main-ants20-iterations5-epochs5-seed-42,paper_conventional,paper_faithful,iteration_based_paper_interpretation,main,20,5,5,42,4,5,5f268b716b5e6624,16,128,0.2,0.1,32,gelu,adam,categorical_hinge,,0.9714999794960022,0.9547500014305115,0.9714999794960022,0.05805983394384384,5,5,20.083947512997838,cached,,nonstandard_loss_for_multiclass_sparse_labels,0.0010000000474974513,True,"{""activation"": [0.11733490566037735, 0.08195754716981132, 0.11733490566037735, 0.1786556603773585, 0.030070754716981132, 0.15035377358490565, 0.20224056603773585, 0.12205188679245282], ""batch_size"": [0.23879716981132076, 0.09846698113207547, 0.10318396226415094, 0.12794811320754718, 0.17747641509433962, 0.07016509433962265, 0.12441037735849056, 0.05955188679245283], ""dense_units_1"": [0.07370283018867925, 0.17983490566037735, 0.14681603773584906, 0.07606132075471699, 0.10790094339622641, 0.08549528301886793, 0.19988207547169812, 0.1303066037735849], ""dense_units_2"": [0.06544811320754718, 0.14681603773584906, 0.05601415094339623, 0.1715801886792453, 0.1786556603773585, 0.17393867924528303, 0.12558962264150944, 0.08195754716981132], ""dropout_1"": [0.19516509433962265, 0.2623820754716981, 0.07016509433962265, 0.061910377358490566, 0.12558962264150944, 0.13502358490566038, 0.1338443396226415, 0.015919811320754717], ""dropout_2"": [0.22346698113207547, 0.12205188679245282, 0.11969339622641509, 0.09257075471698113, 0.10672169811320754, 0.11969339622641509, 0.07841981132075472, 0.13738207547169812], ""loss"": [0.05955188679245283, 0.16568396226415094, 0.05955188679245283, 0.09846698113207547, 0.14445754716981132, 0.13738207547169812, 0.20106132075471697, 0.1338443396226415], ""optimizer"": [0.06780660377358491, 0.15035377358490565, 0.10908018867924528, 0.12441037735849056, 0.17983490566037735, 0.14327830188679244, 0.11733490566037735, 0.10790094339622641]}",False,False,gelu,success
paper_conventional-main-ants20-iterations5-epochs5-seed-42,paper_conventional,paper_faithful,iteration_based_paper_interpretation,main,20,5,5,42,4,6,3113933f2b958e1c,1024,128,0.1,0.5,16,softsign,nadam,cosine_similarity,,0.9800000190734863,0.9733750224113464,0.9800000190734863,-0.9828338623046875,4,5,44.269551137000235,cached,,nonstandard_loss_for_multiclass_sparse_labels,0.0010000000474974513,True,"{""activation"": [0.11733490566037735, 0.08195754716981132, 0.11733490566037735, 0.1786556603773585, 0.030070754716981132, 0.15035377358490565, 0.20224056603773585, 0.12205188679245282], ""batch_size"": [0.23879716981132076, 0.09846698113207547, 0.10318396226415094, 0.12794811320754718, 0.17747641509433962, 0.07016509433962265, 0.12441037735849056, 0.05955188679245283], ""dense_units_1"": [0.07370283018867925, 0.17983490566037735, 0.14681603773584906, 0.07606132075471699, 0.10790094339622641, 0.08549528301886793, 0.19988207547169812, 0.1303066037735849], ""dense_units_2"": [0.06544811320754718, 0.14681603773584906, 0.05601415094339623, 0.1715801886792453, 0.1786556603773585, 0.17393867924528303, 0.12558962264150944, 0.08195754716981132], ""dropout_1"": [0.19516509433962265, 0.2623820754716981, 0.07016509433962265, 0.061910377358490566, 0.12558962264150944, 0.13502358490566038, 0.1338443396226415, 0.015919811320754717], ""dropout_2"": [0.22346698113207547, 0.12205188679245282, 0.11969339622641509, 0.09257075471698113, 0.10672169811320754, 0.11969339622641509, 0.07841981132075472, 0.13738207547169812], ""loss"": [0.05955188679245283, 0.16568396226415094, 0.05955188679245283, 0.09846698113207547, 0.14445754716981132, 0.13738207547169812, 0.20106132075471697, 0.1338443396226415], ""optimizer"": [0.06780660377358491, 0.15035377358490565, 0.10908018867924528, 0.12441037735849056, 0.17983490566037735, 0.14327830188679244, 0.11733490566037735, 0.10790094339622641]}",False,False,softsign,success
paper_conventional-main-ants20-iterations5-epochs5-seed-42,paper_conventional,paper_faithful,iteration_based_paper_interpretation,main,20,5,5,42,4,7,5cf95fb5da25f358,1024,128,0.5,0.6,64,selu,adam,categorical_crossentropy,,0.9629999995231628,0.9586250185966492,0.9629999995231628,0.11129201948642731,5,5,9.762314373998379,cached,,nonstandard_loss_for_multiclass_sparse_labels,0.0010000000474974513,True,"{""activation"": [0.11733490566037735, 0.08195754716981132, 0.11733490566037735, 0.1786556603773585, 0.030070754716981132, 0.15035377358490565, 0.20224056603773585, 0.12205188679245282], ""batch_size"": [0.23879716981132076, 0.09846698113207547, 0.10318396226415094, 0.12794811320754718, 0.17747641509433962, 0.07016509433962265, 0.12441037735849056, 0.05955188679245283], ""dense_units_1"": [0.07370283018867925, 0.17983490566037735, 0.14681603773584906, 0.07606132075471699, 0.10790094339622641, 0.08549528301886793, 0.19988207547169812, 0.1303066037735849], ""dense_units_2"": [0.06544811320754718, 0.14681603773584906, 0.05601415094339623, 0.1715801886792453, 0.1786556603773585, 0.17393867924528303, 0.12558962264150944, 0.08195754716981132], ""dropout_1"": [0.19516509433962265, 0.2623820754716981, 0.07016509433962265, 0.061910377358490566, 0.12558962264150944, 0.13502358490566038, 0.1338443396226415, 0.015919811320754717], ""dropout_2"": [0.22346698113207547, 0.12205188679245282, 0.11969339622641509, 0.09257075471698113, 0.10672169811320754, 0.11969339622641509, 0.07841981132075472, 0.13738207547169812], ""loss"": [0.05955188679245283, 0.16568396226415094, 0.05955188679245283, 0.09846698113207547, 0.14445754716981132, 0.13738207547169812, 0.20106132075471697, 0.1338443396226415], ""optimizer"": [0.06780660377358491, 0.15035377358490565, 0.10908018867924528, 0.12441037735849056, 0.17983490566037735, 0.14327830188679244, 0.11733490566037735, 0.10790094339622641]}",False,False,selu,success
paper_conventional-main-ants20-iterations5-epochs5-seed-42,paper_conventional,paper_faithful,iteration_based_paper_interpretation,main,20,5,5,42,4,8,d0fbaeedb641c6dc,256,32,0.1,0.7,2048,selu,ftrl,cosine_similarity,,0.10000000149011612,0.09312500059604645,0.10000000149011612,-0.31622782349586487,1,5,6.72717854000075,cached,,nonstandard_loss_for_multiclass_sparse_labels,0.0010000000474974513,True,"{""activation"": [0.11733490566037735, 0.08195754716981132, 0.11733490566037735, 0.1786556603773585, 0.030070754716981132, 0.15035377358490565, 0.20224056603773585, 0.12205188679245282], ""batch_size"": [0.23879716981132076, 0.09846698113207547, 0.10318396226415094, 0.12794811320754718, 0.17747641509433962, 0.07016509433962265, 0.12441037735849056, 0.05955188679245283], ""dense_units_1"": [0.07370283018867925, 0.17983490566037735, 0.14681603773584906, 0.07606132075471699, 0.10790094339622641, 0.08549528301886793, 0.19988207547169812, 0.1303066037735849], ""dense_units_2"": [0.06544811320754718, 0.14681603773584906, 0.05601415094339623, 0.1715801886792453, 0.1786556603773585, 0.17393867924528303, 0.12558962264150944, 0.08195754716981132], ""dropout_1"": [0.19516509433962265, 0.2623820754716981, 0.07016509433962265, 0.061910377358490566, 0.12558962264150944, 0.13502358490566038, 0.1338443396226415, 0.015919811320754717], ""dropout_2"": [0.22346698113207547, 0.12205188679245282, 0.11969339622641509, 0.09257075471698113, 0.10672169811320754, 0.11969339622641509, 0.07841981132075472, 0.13738207547169812], ""loss"": [0.05955188679245283, 0.16568396226415094, 0.05955188679245283, 0.09846698113207547, 0.14445754716981132, 0.13738207547169812, 0.20106132075471697, 0.1338443396226415], ""optimizer"": [0.06780660377358491, 0.15035377358490565, 0.10908018867924528, 0.12441037735849056, 0.17983490566037735, 0.14327830188679244, 0.11733490566037735, 0.10790094339622641]}",False,False,selu,success
paper_conventional-main-ants20-iterations5-epochs5-seed-42,paper_conventional,paper_faithful,iteration_based_paper_interpretation,main,20,5,5,42,4,9,8da0f4d9800d3269,32,256,0.2,0.1,512,softsign,adagrad,categorical_crossentropy,,0.7160000205039978,0.6926249861717224,0.7160000205039978,1.8009662628173828,5,5,5.292399411999213,cached,,nonstandard_loss_for_multiclass_sparse_labels,0.0010000000474974513,True,"{""activation"": [0.11733490566037735, 0.08195754716981132, 0.11733490566037735, 0.1786556603773585, 0.030070754716981132, 0.15035377358490565, 0.20224056603773585, 0.12205188679245282], ""batch_size"": [0.23879716981132076, 0.09846698113207547, 0.10318396226415094, 0.12794811320754718, 0.17747641509433962, 0.07016509433962265, 0.12441037735849056, 0.05955188679245283], ""dense_units_1"": [0.07370283018867925, 0.17983490566037735, 0.14681603773584906, 0.07606132075471699, 0.10790094339622641, 0.08549528301886793, 0.19988207547169812, 0.1303066037735849], ""dense_units_2"": [0.06544811320754718, 0.14681603773584906, 0.05601415094339623, 0.1715801886792453, 0.1786556603773585, 0.17393867924528303, 0.12558962264150944, 0.08195754716981132], ""dropout_1"": [0.19516509433962265, 0.2623820754716981, 0.07016509433962265, 0.061910377358490566, 0.12558962264150944, 0.13502358490566038, 0.1338443396226415, 0.015919811320754717], ""dropout_2"": [0.22346698113207547, 0.12205188679245282, 0.11969339622641509, 0.09257075471698113, 0.10672169811320754, 0.11969339622641509, 0.07841981132075472, 0.13738207547169812], ""loss"": [0.05955188679245283, 0.16568396226415094, 0.05955188679245283, 0.09846698113207547, 0.14445754716981132, 0.13738207547169812, 0.20106132075471697, 0.1338443396226415], ""optimizer"": [0.06780660377358491, 0.15035377358490565, 0.10908018867924528, 0.12441037735849056, 0.17983490566037735, 0.14327830188679244, 0.11733490566037735, 0.10790094339622641]}",False,False,softsign,success
paper_conventional-main-ants20-iterations5-epochs5-seed-42,paper_conventional,paper_faithful,iteration_based_paper_interpretation,main,20,5,5,42,4,10,6d6103980101d79a,32,1024,0.1,0.2,32,softsign,adagrad,mean_squared_error,,0.24500000476837158,0.22812500596046448,0.24500000476837158,0.08792722970247269,5,5,13.769010955002159,cached,,nonstandard_loss_for_multiclass_sparse_labels,0.0010000000474974513,True,"{""activation"": [0.11733490566037735, 0.08195754716981132, 0.11733490566037735, 0.1786556603773585, 0.030070754716981132, 0.15035377358490565, 0.20224056603773585, 0.12205188679245282], ""batch_size"": [0.23879716981132076, 0.09846698113207547, 0.10318396226415094, 0.12794811320754718, 0.17747641509433962, 0.07016509433962265, 0.12441037735849056, 0.05955188679245283], ""dense_units_1"": [0.07370283018867925, 0.17983490566037735, 0.14681603773584906, 0.07606132075471699, 0.10790094339622641, 0.08549528301886793, 0.19988207547169812, 0.1303066037735849], ""dense_units_2"": [0.06544811320754718, 0.14681603773584906, 0.05601415094339623, 0.1715801886792453, 0.1786556603773585, 0.17393867924528303, 0.12558962264150944, 0.08195754716981132], ""dropout_1"": [0.19516509433962265, 0.2623820754716981, 0.07016509433962265, 0.061910377358490566, 0.12558962264150944, 0.13502358490566038, 0.1338443396226415, 0.015919811320754717], ""dropout_2"": [0.22346698113207547, 0.12205188679245282, 0.11969339622641509, 0.09257075471698113, 0.10672169811320754, 0.11969339622641509, 0.07841981132075472, 0.13738207547169812], ""loss"": [0.05955188679245283, 0.16568396226415094, 0.05955188679245283, 0.09846698113207547, 0.14445754716981132, 0.13738207547169812, 0.20106132075471697, 0.1338443396226415], ""optimizer"": [0.06780660377358491, 0.15035377358490565, 0.10908018867924528, 0.12441037735849056, 0.17983490566037735, 0.14327830188679244, 0.11733490566037735, 0.10790094339622641]}",False,False,softsign,success
paper_conventional-main-ants20-iterations5-epochs5-seed-42,paper_conventional,paper_faithful,iteration_based_paper_interpretation,main,20,5,5,42,4,11,da2bfeae8135f1c6,32,64,0.6,0.5,256,selu,adamax,sparse_categorical_crossentropy,,0.815500020980835,0.8151249885559082,0.815500020980835,1.080784559249878,3,5,6.218287322000833,cached,,,0.0010000000474974513,True,"{""activation"": [0.11733490566037735, 0.08195754716981132, 0.11733490566037735, 0.1786556603773585, 0.030070754716981132, 0.15035377358490565, 0.20224056603773585, 0.12205188679245282], ""batch_size"": [0.23879716981132076, 0.09846698113207547, 0.10318396226415094, 0.12794811320754718, 0.17747641509433962, 0.07016509433962265, 0.12441037735849056, 0.05955188679245283], ""dense_units_1"": [0.07370283018867925, 0.17983490566037735, 0.14681603773584906, 0.07606132075471699, 0.10790094339622641, 0.08549528301886793, 0.19988207547169812, 0.1303066037735849], ""dense_units_2"": [0.06544811320754718, 0.14681603773584906, 0.05601415094339623, 0.1715801886792453, 0.1786556603773585, 0.17393867924528303, 0.12558962264150944, 0.08195754716981132], ""dropout_1"": [0.19516509433962265, 0.2623820754716981, 0.07016509433962265, 0.061910377358490566, 0.12558962264150944, 0.13502358490566038, 0.1338443396226415, 0.015919811320754717], ""dropout_2"": [0.22346698113207547, 0.12205188679245282, 0.11969339622641509, 0.09257075471698113, 0.10672169811320754, 0.11969339622641509, 0.07841981132075472, 0.13738207547169812], ""loss"": [0.05955188679245283, 0.16568396226415094, 0.05955188679245283, 0.09846698113207547, 0.14445754716981132, 0.13738207547169812, 0.20106132075471697, 0.1338443396226415], ""optimizer"": [0.06780660377358491, 0.15035377358490565, 0.10908018867924528, 0.12441037735849056, 0.17983490566037735, 0.14327830188679244, 0.11733490566037735, 0.10790094339622641]}",False,False,selu,success
paper_conventional-main-ants20-iterations5-epochs5-seed-42,paper_conventional,paper_faithful,iteration_based_paper_interpretation,main,20,5,5,42,4,12,9fd4c7a2c44cbd0f,64,256,0.2,0.7,128,gelu,ftrl,mean_squared_error,,0.10000000149011612,0.09000000357627869,0.10000000149011612,0.09000000357627869,2,5,6.698838443000568,cached,,nonstandard_loss_for_multiclass_sparse_labels,0.0010000000474974513,True,"{""activation"": [0.11733490566037735, 0.08195754716981132, 0.11733490566037735, 0.1786556603773585, 0.030070754716981132, 0.15035377358490565, 0.20224056603773585, 0.12205188679245282], ""batch_size"": [0.23879716981132076, 0.09846698113207547, 0.10318396226415094, 0.12794811320754718, 0.17747641509433962, 0.07016509433962265, 0.12441037735849056, 0.05955188679245283], ""dense_units_1"": [0.07370283018867925, 0.17983490566037735, 0.14681603773584906, 0.07606132075471699, 0.10790094339622641, 0.08549528301886793, 0.19988207547169812, 0.1303066037735849], ""dense_units_2"": [0.06544811320754718, 0.14681603773584906, 0.05601415094339623, 0.1715801886792453, 0.1786556603773585, 0.17393867924528303, 0.12558962264150944, 0.08195754716981132], ""dropout_1"": [0.19516509433962265, 0.2623820754716981, 0.07016509433962265, 0.061910377358490566, 0.12558962264150944, 0.13502358490566038, 0.1338443396226415, 0.015919811320754717], ""dropout_2"": [0.22346698113207547, 0.12205188679245282, 0.11969339622641509, 0.09257075471698113, 0.10672169811320754, 0.11969339622641509, 0.07841981132075472, 0.13738207547169812], ""loss"": [0.05955188679245283, 0.16568396226415094, 0.05955188679245283, 0.09846698113207547, 0.14445754716981132, 0.13738207547169812, 0.20106132075471697, 0.1338443396226415], ""optimizer"": [0.06780660377358491, 0.15035377358490565, 0.10908018867924528, 0.12441037735849056, 0.17983490566037735, 0.14327830188679244, 0.11733490566037735, 0.10790094339622641]}",False,False,gelu,success
paper_conventional-main-ants20-iterations5-epochs5-seed-42,paper_conventional,paper_faithful,iteration_based_paper_interpretation,main,20,5,5,42,4,13,648f3330014475ad,2048,256,0.7,0.2,128,selu,rmsprop,mean_squared_error,,0.8709999918937683,0.8634999990463257,0.8709999918937683,0.02209763415157795,2,5,5.530111276999378,cached,,nonstandard_loss_for_multiclass_sparse_labels,0.0010000000474974513,True,"{""activation"": [0.11733490566037735, 0.08195754716981132, 0.11733490566037735, 0.1786556603773585, 0.030070754716981132, 0.15035377358490565, 0.20224056603773585, 0.12205188679245282], ""batch_size"": [0.23879716981132076, 0.09846698113207547, 0.10318396226415094, 0.12794811320754718, 0.17747641509433962, 0.07016509433962265, 0.12441037735849056, 0.05955188679245283], ""dense_units_1"": [0.07370283018867925, 0.17983490566037735, 0.14681603773584906, 0.07606132075471699, 0.10790094339622641, 0.08549528301886793, 0.19988207547169812, 0.1303066037735849], ""dense_units_2"": [0.06544811320754718, 0.14681603773584906, 0.05601415094339623, 0.1715801886792453, 0.1786556603773585, 0.17393867924528303, 0.12558962264150944, 0.08195754716981132], ""dropout_1"": [0.19516509433962265, 0.2623820754716981, 0.07016509433962265, 0.061910377358490566, 0.12558962264150944, 0.13502358490566038, 0.1338443396226415, 0.015919811320754717], ""dropout_2"": [0.22346698113207547, 0.12205188679245282, 0.11969339622641509, 0.09257075471698113, 0.10672169811320754, 0.11969339622641509, 0.07841981132075472, 0.13738207547169812], ""loss"": [0.05955188679245283, 0.16568396226415094, 0.05955188679245283, 0.09846698113207547, 0.14445754716981132, 0.13738207547169812, 0.20106132075471697, 0.1338443396226415], ""optimizer"": [0.06780660377358491, 0.15035377358490565, 0.10908018867924528, 0.12441037735849056, 0.17983490566037735, 0.14327830188679244, 0.11733490566037735, 0.10790094339622641]}",False,False,selu,success
paper_conventional-main-ants20-iterations5-epochs5-seed-42,paper_conventional,paper_faithful,iteration_based_paper_interpretation,main,20,5,5,42,4,14,d7cc19abe35f5173,2048,512,0.1,0.2,16,relu,nadam,mean_squared_error,,0.9169999957084656,0.8956249952316284,0.9169999957084656,0.01620989851653576,3,5,41.09798967700044,cached,,nonstandard_loss_for_multiclass_sparse_labels,0.0010000000474974513,True,"{""activation"": [0.11733490566037735, 0.08195754716981132, 0.11733490566037735, 0.1786556603773585, 0.030070754716981132, 0.15035377358490565, 0.20224056603773585, 0.12205188679245282], ""batch_size"": [0.23879716981132076, 0.09846698113207547, 0.10318396226415094, 0.12794811320754718, 0.17747641509433962, 0.07016509433962265, 0.12441037735849056, 0.05955188679245283], ""dense_units_1"": [0.07370283018867925, 0.17983490566037735, 0.14681603773584906, 0.07606132075471699, 0.10790094339622641, 0.08549528301886793, 0.19988207547169812, 0.1303066037735849], ""dense_units_2"": [0.06544811320754718, 0.14681603773584906, 0.05601415094339623, 0.1715801886792453, 0.1786556603773585, 0.17393867924528303, 0.12558962264150944, 0.08195754716981132], ""dropout_1"": [0.19516509433962265, 0.2623820754716981, 0.07016509433962265, 0.061910377358490566, 0.12558962264150944, 0.13502358490566038, 0.1338443396226415, 0.015919811320754717], ""dropout_2"": [0.22346698113207547, 0.12205188679245282, 0.11969339622641509, 0.09257075471698113, 0.10672169811320754, 0.11969339622641509, 0.07841981132075472, 0.13738207547169812], ""loss"": [0.05955188679245283, 0.16568396226415094, 0.05955188679245283, 0.09846698113207547, 0.14445754716981132, 0.13738207547169812, 0.20106132075471697, 0.1338443396226415], ""optimizer"": [0.06780660377358491, 0.15035377358490565, 0.10908018867924528, 0.12441037735849056, 0.17983490566037735, 0.14327830188679244, 0.11733490566037735, 0.10790094339622641]}",False,False,relu,success
paper_conventional-main-ants20-iterations5-epochs5-seed-42,paper_conventional,paper_faithful,iteration_based_paper_interpretation,main,20,5,5,42,4,15,cc63756686f4cb3c,64,256,0.1,0.2,256,selu,nadam,squared_hinge,,0.9754999876022339,0.9793750047683716,0.9754999876022339,0.9134470820426941,5,5,8.456768345000455,cached,,nonstandard_loss_for_multiclass_sparse_labels,0.0010000000474974513,True,"{""activation"": [0.11733490566037735, 0.08195754716981132, 0.11733490566037735, 0.1786556603773585, 0.030070754716981132, 0.15035377358490565, 0.20224056603773585, 0.12205188679245282], ""batch_size"": [0.23879716981132076, 0.09846698113207547, 0.10318396226415094, 0.12794811320754718, 0.17747641509433962, 0.07016509433962265, 0.12441037735849056, 0.05955188679245283], ""dense_units_1"": [0.07370283018867925, 0.17983490566037735, 0.14681603773584906, 0.07606132075471699, 0.10790094339622641, 0.08549528301886793, 0.19988207547169812, 0.1303066037735849], ""dense_units_2"": [0.06544811320754718, 0.14681603773584906, 0.05601415094339623, 0.1715801886792453, 0.1786556603773585, 0.17393867924528303, 0.12558962264150944, 0.08195754716981132], ""dropout_1"": [0.19516509433962265, 0.2623820754716981, 0.07016509433962265, 0.061910377358490566, 0.12558962264150944, 0.13502358490566038, 0.1338443396226415, 0.015919811320754717], ""dropout_2"": [0.22346698113207547, 0.12205188679245282, 0.11969339622641509, 0.09257075471698113, 0.10672169811320754, 0.11969339622641509, 0.07841981132075472, 0.13738207547169812], ""loss"": [0.05955188679245283, 0.16568396226415094, 0.05955188679245283, 0.09846698113207547, 0.14445754716981132, 0.13738207547169812, 0.20106132075471697, 0.1338443396226415], ""optimizer"": [0.06780660377358491, 0.15035377358490565, 0.10908018867924528, 0.12441037735849056, 0.17983490566037735, 0.14327830188679244, 0.11733490566037735, 0.10790094339622641]}",False,False,selu,success
paper_conventional-main-ants20-iterations5-epochs5-seed-42,paper_conventional,paper_faithful,iteration_based_paper_interpretation,main,20,5,5,42,4,16,b3758ddb5f3a7d3b,256,512,0.7,0.6,2048,gelu,ftrl,categorical_crossentropy,,0.10000000149011612,0.09300000220537186,0.10000000149011612,2.3025848865509033,1,5,6.800186919001135,cached,,nonstandard_loss_for_multiclass_sparse_labels,0.0010000000474974513,True,"{""activation"": [0.11733490566037735, 0.08195754716981132, 0.11733490566037735, 0.1786556603773585, 0.030070754716981132, 0.15035377358490565, 0.20224056603773585, 0.12205188679245282], ""batch_size"": [0.23879716981132076, 0.09846698113207547, 0.10318396226415094, 0.12794811320754718, 0.17747641509433962, 0.07016509433962265, 0.12441037735849056, 0.05955188679245283], ""dense_units_1"": [0.07370283018867925, 0.17983490566037735, 0.14681603773584906, 0.07606132075471699, 0.10790094339622641, 0.08549528301886793, 0.19988207547169812, 0.1303066037735849], ""dense_units_2"": [0.06544811320754718, 0.14681603773584906, 0.05601415094339623, 0.1715801886792453, 0.1786556603773585, 0.17393867924528303, 0.12558962264150944, 0.08195754716981132], ""dropout_1"": [0.19516509433962265, 0.2623820754716981, 0.07016509433962265, 0.061910377358490566, 0.12558962264150944, 0.13502358490566038, 0.1338443396226415, 0.015919811320754717], ""dropout_2"": [0.22346698113207547, 0.12205188679245282, 0.11969339622641509, 0.09257075471698113, 0.10672169811320754, 0.11969339622641509, 0.07841981132075472, 0.13738207547169812], ""loss"": [0.05955188679245283, 0.16568396226415094, 0.05955188679245283, 0.09846698113207547, 0.14445754716981132, 0.13738207547169812, 0.20106132075471697, 0.1338443396226415], ""optimizer"": [0.06780660377358491, 0.15035377358490565, 0.10908018867924528, 0.12441037735849056, 0.17983490566037735, 0.14327830188679244, 0.11733490566037735, 0.10790094339622641]}",False,False,gelu,success
paper_conventional-main-ants20-iterations5-epochs5-seed-42,paper_conventional,paper_faithful,iteration_based_paper_interpretation,main,20,5,5,42,4,17,4f1cd694dfbd33bd,1024,256,0.4,0.5,2048,linear,sgd,categorical_hinge,,0.902999997138977,0.8823750019073486,0.902999997138977,0.6031976938247681,5,5,5.0308813010015,cached,,nonstandard_loss_for_multiclass_sparse_labels,0.009999999776482582,True,"{""activation"": [0.11733490566037735, 0.08195754716981132, 0.11733490566037735, 0.1786556603773585, 0.030070754716981132, 0.15035377358490565, 0.20224056603773585, 0.12205188679245282], ""batch_size"": [0.23879716981132076, 0.09846698113207547, 0.10318396226415094, 0.12794811320754718, 0.17747641509433962, 0.07016509433962265, 0.12441037735849056, 0.05955188679245283], ""dense_units_1"": [0.07370283018867925, 0.17983490566037735, 0.14681603773584906, 0.07606132075471699, 0.10790094339622641, 0.08549528301886793, 0.19988207547169812, 0.1303066037735849], ""dense_units_2"": [0.06544811320754718, 0.14681603773584906, 0.05601415094339623, 0.1715801886792453, 0.1786556603773585, 0.17393867924528303, 0.12558962264150944, 0.08195754716981132], ""dropout_1"": [0.19516509433962265, 0.2623820754716981, 0.07016509433962265, 0.061910377358490566, 0.12558962264150944, 0.13502358490566038, 0.1338443396226415, 0.015919811320754717], ""dropout_2"": [0.22346698113207547, 0.12205188679245282, 0.11969339622641509, 0.09257075471698113, 0.10672169811320754, 0.11969339622641509, 0.07841981132075472, 0.13738207547169812], ""loss"": [0.05955188679245283, 0.16568396226415094, 0.05955188679245283, 0.09846698113207547, 0.14445754716981132, 0.13738207547169812, 0.20106132075471697, 0.1338443396226415], ""optimizer"": [0.06780660377358491, 0.15035377358490565, 0.10908018867924528, 0.12441037735849056, 0.17983490566037735, 0.14327830188679244, 0.11733490566037735, 0.10790094339622641]}",False,False,linier,success
paper_conventional-main-ants20-iterations5-epochs5-seed-42,paper_conventional,paper_faithful,iteration_based_paper_interpretation,main,20,5,5,42,4,18,1959088f1e21490e,1024,128,0.1,0.1,512,softsign,nadam,mean_squared_error,,0.9810000061988831,0.9948750138282776,0.9810000061988831,0.0036747874692082405,5,5,7.819086457002413,cached,,nonstandard_loss_for_multiclass_sparse_labels,0.0010000000474974513,True,"{""activation"": [0.11733490566037735, 0.08195754716981132, 0.11733490566037735, 0.1786556603773585, 0.030070754716981132, 0.15035377358490565, 0.20224056603773585, 0.12205188679245282], ""batch_size"": [0.23879716981132076, 0.09846698113207547, 0.10318396226415094, 0.12794811320754718, 0.17747641509433962, 0.07016509433962265, 0.12441037735849056, 0.05955188679245283], ""dense_units_1"": [0.07370283018867925, 0.17983490566037735, 0.14681603773584906, 0.07606132075471699, 0.10790094339622641, 0.08549528301886793, 0.19988207547169812, 0.1303066037735849], ""dense_units_2"": [0.06544811320754718, 0.14681603773584906, 0.05601415094339623, 0.1715801886792453, 0.1786556603773585, 0.17393867924528303, 0.12558962264150944, 0.08195754716981132], ""dropout_1"": [0.19516509433962265, 0.2623820754716981, 0.07016509433962265, 0.061910377358490566, 0.12558962264150944, 0.13502358490566038, 0.1338443396226415, 0.015919811320754717], ""dropout_2"": [0.22346698113207547, 0.12205188679245282, 0.11969339622641509, 0.09257075471698113, 0.10672169811320754, 0.11969339622641509, 0.07841981132075472, 0.13738207547169812], ""loss"": [0.05955188679245283, 0.16568396226415094, 0.05955188679245283, 0.09846698113207547, 0.14445754716981132, 0.13738207547169812, 0.20106132075471697, 0.1338443396226415], ""optimizer"": [0.06780660377358491, 0.15035377358490565, 0.10908018867924528, 0.12441037735849056, 0.17983490566037735, 0.14327830188679244, 0.11733490566037735, 0.10790094339622641]}",True,False,softsign,success
paper_conventional-main-ants20-iterations5-epochs5-seed-42,paper_conventional,paper_faithful,iteration_based_paper_interpretation,main,20,5,5,42,4,19,f05d4b99a6fdae4f,2048,128,0.6,0.1,128,gelu,nadam,categorical_hinge,,0.9290000200271606,0.9181249737739563,0.9290000200271606,0.54817795753479,2,5,8.190699383001629,cached,,nonstandard_loss_for_multiclass_sparse_labels,0.0010000000474974513,True,"{""activation"": [0.11733490566037735, 0.08195754716981132, 0.11733490566037735, 0.1786556603773585, 0.030070754716981132, 0.15035377358490565, 0.20224056603773585, 0.12205188679245282], ""batch_size"": [0.23879716981132076, 0.09846698113207547, 0.10318396226415094, 0.12794811320754718, 0.17747641509433962, 0.07016509433962265, 0.12441037735849056, 0.05955188679245283], ""dense_units_1"": [0.07370283018867925, 0.17983490566037735, 0.14681603773584906, 0.07606132075471699, 0.10790094339622641, 0.08549528301886793, 0.19988207547169812, 0.1303066037735849], ""dense_units_2"": [0.06544811320754718, 0.14681603773584906, 0.05601415094339623, 0.1715801886792453, 0.1786556603773585, 0.17393867924528303, 0.12558962264150944, 0.08195754716981132], ""dropout_1"": [0.19516509433962265, 0.2623820754716981, 0.07016509433962265, 0.061910377358490566, 0.12558962264150944, 0.13502358490566038, 0.1338443396226415, 0.015919811320754717], ""dropout_2"": [0.22346698113207547, 0.12205188679245282, 0.11969339622641509, 0.09257075471698113, 0.10672169811320754, 0.11969339622641509, 0.07841981132075472, 0.13738207547169812], ""loss"": [0.05955188679245283, 0.16568396226415094, 0.05955188679245283, 0.09846698113207547, 0.14445754716981132, 0.13738207547169812, 0.20106132075471697, 0.1338443396226415], ""optimizer"": [0.06780660377358491, 0.15035377358490565, 0.10908018867924528, 0.12441037735849056, 0.17983490566037735, 0.14327830188679244, 0.11733490566037735, 0.10790094339622641]}",False,False,gelu,success
paper_conventional-main-ants20-iterations5-epochs5-seed-42,paper_conventional,paper_faithful,iteration_based_paper_interpretation,main,20,5,5,42,4,20,b198b8461a401848,16,128,0.1,0.1,256,gelu,adamax,categorical_hinge,,0.9434999823570251,0.9043750166893005,0.9434999823570251,0.3900392949581146,5,5,6.642337192999548,cached,,nonstandard_loss_for_multiclass_sparse_labels,0.0010000000474974513,True,"{""activation"": [0.11733490566037735, 0.08195754716981132, 0.11733490566037735, 0.1786556603773585, 0.030070754716981132, 0.15035377358490565, 0.20224056603773585, 0.12205188679245282], ""batch_size"": [0.23879716981132076, 0.09846698113207547, 0.10318396226415094, 0.12794811320754718, 0.17747641509433962, 0.07016509433962265, 0.12441037735849056, 0.05955188679245283], ""dense_units_1"": [0.07370283018867925, 0.17983490566037735, 0.14681603773584906, 0.07606132075471699, 0.10790094339622641, 0.08549528301886793, 0.19988207547169812, 0.1303066037735849], ""dense_units_2"": [0.06544811320754718, 0.14681603773584906, 0.05601415094339623, 0.1715801886792453, 0.1786556603773585, 0.17393867924528303, 0.12558962264150944, 0.08195754716981132], ""dropout_1"": [0.19516509433962265, 0.2623820754716981, 0.07016509433962265, 0.061910377358490566, 0.12558962264150944, 0.13502358490566038, 0.1338443396226415, 0.015919811320754717], ""dropout_2"": [0.22346698113207547, 0.12205188679245282, 0.11969339622641509, 0.09257075471698113, 0.10672169811320754, 0.11969339622641509, 0.07841981132075472, 0.13738207547169812], ""loss"": [0.05955188679245283, 0.16568396226415094, 0.05955188679245283, 0.09846698113207547, 0.14445754716981132, 0.13738207547169812, 0.20106132075471697, 0.1338443396226415], ""optimizer"": [0.06780660377358491, 0.15035377358490565, 0.10908018867924528, 0.12441037735849056, 0.17983490566037735, 0.14327830188679244, 0.11733490566037735, 0.10790094339622641]}",False,False,gelu,success
paper_conventional-main-ants20-iterations5-epochs5-seed-42,paper_conventional,paper_faithful,iteration_based_paper_interpretation,main,20,5,5,42,5,1,27fda4066b83d93a,1024,512,0.1,0.2,256,gelu,adam,mean_squared_error,,0.9804999828338623,0.9857500195503235,0.9804999828338623,0.016704784706234932,5,5,6.621463616000256,cached,,nonstandard_loss_for_multiclass_sparse_labels,0.0010000000474974513,True,"{""activation"": [0.11153242677824268, 0.05452405857740586, 0.09479602510460251, 0.2025366108786611, 0.02000523012552301, 0.1837081589958159, 0.21822698744769875, 0.11467050209205021], ""batch_size"": [0.20907426778242677, 0.09898012552301255, 0.08538179916317992, 0.15206589958158995, 0.2017520920502092, 0.08015167364016737, 0.08276673640167365, 0.08982740585774059], ""dense_units_1"": [0.08250523012552301, 0.16984832635983263, 0.13114539748953974, 0.08407426778242678, 0.13872907949790794, 0.056877615062761504, 0.19992154811715482, 0.13689853556485357], ""dense_units_2"": [0.0435407949790795, 0.11440899581589958, 0.07073744769874477, 0.21456589958158995, 0.21927301255230125, 0.16592573221757323, 0.11702405857740586, 0.05452405857740586], ""dropout_1"": [0.2469926778242678, 0.2582374476987448, 0.04667887029288703, 0.07466004184100418, 0.11702405857740586, 0.12330020920502092, 0.12251569037656904, 0.010591004184100418], ""dropout_2"": [0.23234832635983263, 0.1648797071129707, 0.0796286610878661, 0.07832112970711297, 0.13794456066945607, 0.11310146443514645, 0.10237970711297072, 0.09139644351464435], ""loss"": [0.056354602510460254, 0.16043410041841005, 0.056354602510460254, 0.06550732217573221, 0.19652196652719664, 0.12486924686192469, 0.21744246861924685, 0.12251569037656904], ""optimizer"": [0.0785826359832636, 0.1334989539748954, 0.08930439330543934, 0.08276673640167365, 0.16984832635983263, 0.1287918410041841, 0.14500523012552302, 0.17220188284518828]}",True,False,gelu,success
paper_conventional-main-ants20-iterations5-epochs5-seed-42,paper_conventional,paper_faithful,iteration_based_paper_interpretation,main,20,5,5,42,5,2,d9008628991caf09,1024,16,0.2,0.7,256,softplus,nadam,mean_squared_error,,0.9330000281333923,0.9568750262260437,0.9330000281333923,0.019551340490579605,5,5,8.810552488001122,cached,,nonstandard_loss_for_multiclass_sparse_labels,0.0010000000474974513,True,"{""activation"": [0.11153242677824268, 0.05452405857740586, 0.09479602510460251, 0.2025366108786611, 0.02000523012552301, 0.1837081589958159, 0.21822698744769875, 0.11467050209205021], ""batch_size"": [0.20907426778242677, 0.09898012552301255, 0.08538179916317992, 0.15206589958158995, 0.2017520920502092, 0.08015167364016737, 0.08276673640167365, 0.08982740585774059], ""dense_units_1"": [0.08250523012552301, 0.16984832635983263, 0.13114539748953974, 0.08407426778242678, 0.13872907949790794, 0.056877615062761504, 0.19992154811715482, 0.13689853556485357], ""dense_units_2"": [0.0435407949790795, 0.11440899581589958, 0.07073744769874477, 0.21456589958158995, 0.21927301255230125, 0.16592573221757323, 0.11702405857740586, 0.05452405857740586], ""dropout_1"": [0.2469926778242678, 0.2582374476987448, 0.04667887029288703, 0.07466004184100418, 0.11702405857740586, 0.12330020920502092, 0.12251569037656904, 0.010591004184100418], ""dropout_2"": [0.23234832635983263, 0.1648797071129707, 0.0796286610878661, 0.07832112970711297, 0.13794456066945607, 0.11310146443514645, 0.10237970711297072, 0.09139644351464435], ""loss"": [0.056354602510460254, 0.16043410041841005, 0.056354602510460254, 0.06550732217573221, 0.19652196652719664, 0.12486924686192469, 0.21744246861924685, 0.12251569037656904], ""optimizer"": [0.0785826359832636, 0.1334989539748954, 0.08930439330543934, 0.08276673640167365, 0.16984832635983263, 0.1287918410041841, 0.14500523012552302, 0.17220188284518828]}",False,False,softplus,success
paper_conventional-main-ants20-iterations5-epochs5-seed-42,paper_conventional,paper_faithful,iteration_based_paper_interpretation,main,20,5,5,42,5,3,aa850543c50a6209,1024,128,0.4,0.2,32,linear,rmsprop,categorical_crossentropy,,0.953499972820282,0.9602500200271606,0.953499972820282,0.1548493355512619,5,5,13.929853694000485,cached,,nonstandard_loss_for_multiclass_sparse_labels,0.0010000000474974513,True,"{""activation"": [0.11153242677824268, 0.05452405857740586, 0.09479602510460251, 0.2025366108786611, 0.02000523012552301, 0.1837081589958159, 0.21822698744769875, 0.11467050209205021], ""batch_size"": [0.20907426778242677, 0.09898012552301255, 0.08538179916317992, 0.15206589958158995, 0.2017520920502092, 0.08015167364016737, 0.08276673640167365, 0.08982740585774059], ""dense_units_1"": [0.08250523012552301, 0.16984832635983263, 0.13114539748953974, 0.08407426778242678, 0.13872907949790794, 0.056877615062761504, 0.19992154811715482, 0.13689853556485357], ""dense_units_2"": [0.0435407949790795, 0.11440899581589958, 0.07073744769874477, 0.21456589958158995, 0.21927301255230125, 0.16592573221757323, 0.11702405857740586, 0.05452405857740586], ""dropout_1"": [0.2469926778242678, 0.2582374476987448, 0.04667887029288703, 0.07466004184100418, 0.11702405857740586, 0.12330020920502092, 0.12251569037656904, 0.010591004184100418], ""dropout_2"": [0.23234832635983263, 0.1648797071129707, 0.0796286610878661, 0.07832112970711297, 0.13794456066945607, 0.11310146443514645, 0.10237970711297072, 0.09139644351464435], ""loss"": [0.056354602510460254, 0.16043410041841005, 0.056354602510460254, 0.06550732217573221, 0.19652196652719664, 0.12486924686192469, 0.21744246861924685, 0.12251569037656904], ""optimizer"": [0.0785826359832636, 0.1334989539748954, 0.08930439330543934, 0.08276673640167365, 0.16984832635983263, 0.1287918410041841, 0.14500523012552302, 0.17220188284518828]}",False,False,linier,success
paper_conventional-main-ants20-iterations5-epochs5-seed-42,paper_conventional,paper_faithful,iteration_based_paper_interpretation,main,20,5,5,42,5,4,6a2a17026ce199cf,64,512,0.6,0.8,32,softsign,rmsprop,squared_hinge,,0.9394999742507935,0.874875009059906,0.9394999742507935,0.9234138131141663,5,5,15.756475762998889,cached,,nonstandard_loss_for_multiclass_sparse_labels,0.0010000000474974513,True,"{""activation"": [0.11153242677824268, 0.05452405857740586, 0.09479602510460251, 0.2025366108786611, 0.02000523012552301, 0.1837081589958159, 0.21822698744769875, 0.11467050209205021], ""batch_size"": [0.20907426778242677, 0.09898012552301255, 0.08538179916317992, 0.15206589958158995, 0.2017520920502092, 0.08015167364016737, 0.08276673640167365, 0.08982740585774059], ""dense_units_1"": [0.08250523012552301, 0.16984832635983263, 0.13114539748953974, 0.08407426778242678, 0.13872907949790794, 0.056877615062761504, 0.19992154811715482, 0.13689853556485357], ""dense_units_2"": [0.0435407949790795, 0.11440899581589958, 0.07073744769874477, 0.21456589958158995, 0.21927301255230125, 0.16592573221757323, 0.11702405857740586, 0.05452405857740586], ""dropout_1"": [0.2469926778242678, 0.2582374476987448, 0.04667887029288703, 0.07466004184100418, 0.11702405857740586, 0.12330020920502092, 0.12251569037656904, 0.010591004184100418], ""dropout_2"": [0.23234832635983263, 0.1648797071129707, 0.0796286610878661, 0.07832112970711297, 0.13794456066945607, 0.11310146443514645, 0.10237970711297072, 0.09139644351464435], ""loss"": [0.056354602510460254, 0.16043410041841005, 0.056354602510460254, 0.06550732217573221, 0.19652196652719664, 0.12486924686192469, 0.21744246861924685, 0.12251569037656904], ""optimizer"": [0.0785826359832636, 0.1334989539748954, 0.08930439330543934, 0.08276673640167365, 0.16984832635983263, 0.1287918410041841, 0.14500523012552302, 0.17220188284518828]}",False,False,softsign,success
paper_conventional-main-ants20-iterations5-epochs5-seed-42,paper_conventional,paper_faithful,iteration_based_paper_interpretation,main,20,5,5,42,5,5,e374553cddb83413,2048,512,0.4,0.2,2048,selu,rmsprop,mean_squared_error,,0.9474999904632568,0.9652500152587891,0.9474999904632568,0.008220383897423744,5,5,7.397645356002613,cached,,nonstandard_loss_for_multiclass_sparse_labels,0.0010000000474974513,True,"{""activation"": [0.11153242677824268, 0.05452405857740586, 0.09479602510460251, 0.2025366108786611, 0.02000523012552301, 0.1837081589958159, 0.21822698744769875, 0.11467050209205021], ""batch_size"": [0.20907426778242677, 0.09898012552301255, 0.08538179916317992, 0.15206589958158995, 0.2017520920502092, 0.08015167364016737, 0.08276673640167365, 0.08982740585774059], ""dense_units_1"": [0.08250523012552301, 0.16984832635983263, 0.13114539748953974, 0.08407426778242678, 0.13872907949790794, 0.056877615062761504, 0.19992154811715482, 0.13689853556485357], ""dense_units_2"": [0.0435407949790795, 0.11440899581589958, 0.07073744769874477, 0.21456589958158995, 0.21927301255230125, 0.16592573221757323, 0.11702405857740586, 0.05452405857740586], ""dropout_1"": [0.2469926778242678, 0.2582374476987448, 0.04667887029288703, 0.07466004184100418, 0.11702405857740586, 0.12330020920502092, 0.12251569037656904, 0.010591004184100418], ""dropout_2"": [0.23234832635983263, 0.1648797071129707, 0.0796286610878661, 0.07832112970711297, 0.13794456066945607, 0.11310146443514645, 0.10237970711297072, 0.09139644351464435], ""loss"": [0.056354602510460254, 0.16043410041841005, 0.056354602510460254, 0.06550732217573221, 0.19652196652719664, 0.12486924686192469, 0.21744246861924685, 0.12251569037656904], ""optimizer"": [0.0785826359832636, 0.1334989539748954, 0.08930439330543934, 0.08276673640167365, 0.16984832635983263, 0.1287918410041841, 0.14500523012552302, 0.17220188284518828]}",False,False,selu,success
paper_conventional-main-ants20-iterations5-epochs5-seed-42,paper_conventional,paper_faithful,iteration_based_paper_interpretation,main,20,5,5,42,5,6,6f0b9b4efa236bf7,16,64,0.1,0.3,256,softsign,adagrad,cosine_similarity,,0.5910000205039978,0.49412500858306885,0.5910000205039978,-0.4127276837825775,5,5,5.549285550001514,cached,,nonstandard_loss_for_multiclass_sparse_labels,0.0010000000474974513,True,"{""activation"": [0.11153242677824268, 0.05452405857740586, 0.09479602510460251, 0.2025366108786611, 0.02000523012552301, 0.1837081589958159, 0.21822698744769875, 0.11467050209205021], ""batch_size"": [0.20907426778242677, 0.09898012552301255, 0.08538179916317992, 0.15206589958158995, 0.2017520920502092, 0.08015167364016737, 0.08276673640167365, 0.08982740585774059], ""dense_units_1"": [0.08250523012552301, 0.16984832635983263, 0.13114539748953974, 0.08407426778242678, 0.13872907949790794, 0.056877615062761504, 0.19992154811715482, 0.13689853556485357], ""dense_units_2"": [0.0435407949790795, 0.11440899581589958, 0.07073744769874477, 0.21456589958158995, 0.21927301255230125, 0.16592573221757323, 0.11702405857740586, 0.05452405857740586], ""dropout_1"": [0.2469926778242678, 0.2582374476987448, 0.04667887029288703, 0.07466004184100418, 0.11702405857740586, 0.12330020920502092, 0.12251569037656904, 0.010591004184100418], ""dropout_2"": [0.23234832635983263, 0.1648797071129707, 0.0796286610878661, 0.07832112970711297, 0.13794456066945607, 0.11310146443514645, 0.10237970711297072, 0.09139644351464435], ""loss"": [0.056354602510460254, 0.16043410041841005, 0.056354602510460254, 0.06550732217573221, 0.19652196652719664, 0.12486924686192469, 0.21744246861924685, 0.12251569037656904], ""optimizer"": [0.0785826359832636, 0.1334989539748954, 0.08930439330543934, 0.08276673640167365, 0.16984832635983263, 0.1287918410041841, 0.14500523012552302, 0.17220188284518828]}",False,False,softsign,success
paper_conventional-main-ants20-iterations5-epochs5-seed-42,paper_conventional,paper_faithful,iteration_based_paper_interpretation,main,20,5,5,42,5,7,b3a349bf0c794f52,1024,256,0.2,0.7,32,softsign,nadam,mean_squared_error,,0.9695000052452087,0.969124972820282,0.9695000052452087,0.004622870124876499,5,5,22.16319774099975,cached,,nonstandard_loss_for_multiclass_sparse_labels,0.0010000000474974513,True,"{""activation"": [0.11153242677824268, 0.05452405857740586, 0.09479602510460251, 0.2025366108786611, 0.02000523012552301, 0.1837081589958159, 0.21822698744769875, 0.11467050209205021], ""batch_size"": [0.20907426778242677, 0.09898012552301255, 0.08538179916317992, 0.15206589958158995, 0.2017520920502092, 0.08015167364016737, 0.08276673640167365, 0.08982740585774059], ""dense_units_1"": [0.08250523012552301, 0.16984832635983263, 0.13114539748953974, 0.08407426778242678, 0.13872907949790794, 0.056877615062761504, 0.19992154811715482, 0.13689853556485357], ""dense_units_2"": [0.0435407949790795, 0.11440899581589958, 0.07073744769874477, 0.21456589958158995, 0.21927301255230125, 0.16592573221757323, 0.11702405857740586, 0.05452405857740586], ""dropout_1"": [0.2469926778242678, 0.2582374476987448, 0.04667887029288703, 0.07466004184100418, 0.11702405857740586, 0.12330020920502092, 0.12251569037656904, 0.010591004184100418], ""dropout_2"": [0.23234832635983263, 0.1648797071129707, 0.0796286610878661, 0.07832112970711297, 0.13794456066945607, 0.11310146443514645, 0.10237970711297072, 0.09139644351464435], ""loss"": [0.056354602510460254, 0.16043410041841005, 0.056354602510460254, 0.06550732217573221, 0.19652196652719664, 0.12486924686192469, 0.21744246861924685, 0.12251569037656904], ""optimizer"": [0.0785826359832636, 0.1334989539748954, 0.08930439330543934, 0.08276673640167365, 0.16984832635983263, 0.1287918410041841, 0.14500523012552302, 0.17220188284518828]}",False,False,softsign,success
paper_conventional-main-ants20-iterations5-epochs5-seed-42,paper_conventional,paper_faithful,iteration_based_paper_interpretation,main,20,5,5,42,5,8,aacf3e37609c40bc,1024,256,0.5,0.2,32,softsign,rmsprop,categorical_hinge,,0.9794999957084656,0.9713749885559082,0.9794999957084656,0.048150572925806046,5,5,14.78772590600056,cached,,nonstandard_loss_for_multiclass_sparse_labels,0.0010000000474974513,True,"{""activation"": [0.11153242677824268, 0.05452405857740586, 0.09479602510460251, 0.2025366108786611, 0.02000523012552301, 0.1837081589958159, 0.21822698744769875, 0.11467050209205021], ""batch_size"": [0.20907426778242677, 0.09898012552301255, 0.08538179916317992, 0.15206589958158995, 0.2017520920502092, 0.08015167364016737, 0.08276673640167365, 0.08982740585774059], ""dense_units_1"": [0.08250523012552301, 0.16984832635983263, 0.13114539748953974, 0.08407426778242678, 0.13872907949790794, 0.056877615062761504, 0.19992154811715482, 0.13689853556485357], ""dense_units_2"": [0.0435407949790795, 0.11440899581589958, 0.07073744769874477, 0.21456589958158995, 0.21927301255230125, 0.16592573221757323, 0.11702405857740586, 0.05452405857740586], ""dropout_1"": [0.2469926778242678, 0.2582374476987448, 0.04667887029288703, 0.07466004184100418, 0.11702405857740586, 0.12330020920502092, 0.12251569037656904, 0.010591004184100418], ""dropout_2"": [0.23234832635983263, 0.1648797071129707, 0.0796286610878661, 0.07832112970711297, 0.13794456066945607, 0.11310146443514645, 0.10237970711297072, 0.09139644351464435], ""loss"": [0.056354602510460254, 0.16043410041841005, 0.056354602510460254, 0.06550732217573221, 0.19652196652719664, 0.12486924686192469, 0.21744246861924685, 0.12251569037656904], ""optimizer"": [0.0785826359832636, 0.1334989539748954, 0.08930439330543934, 0.08276673640167365, 0.16984832635983263, 0.1287918410041841, 0.14500523012552302, 0.17220188284518828]}",False,False,softsign,success
paper_conventional-main-ants20-iterations5-epochs5-seed-42,paper_conventional,paper_faithful,iteration_based_paper_interpretation,main,20,5,5,42,5,9,d265b4625ccfeafc,64,256,0.6,0.6,128,tanh,nadam,categorical_hinge,,0.9135000109672546,0.8637499809265137,0.9135000109672546,0.33132314682006836,2,5,7.922492069999862,cached,,nonstandard_loss_for_multiclass_sparse_labels,0.0010000000474974513,True,"{""activation"": [0.11153242677824268, 0.05452405857740586, 0.09479602510460251, 0.2025366108786611, 0.02000523012552301, 0.1837081589958159, 0.21822698744769875, 0.11467050209205021], ""batch_size"": [0.20907426778242677, 0.09898012552301255, 0.08538179916317992, 0.15206589958158995, 0.2017520920502092, 0.08015167364016737, 0.08276673640167365, 0.08982740585774059], ""dense_units_1"": [0.08250523012552301, 0.16984832635983263, 0.13114539748953974, 0.08407426778242678, 0.13872907949790794, 0.056877615062761504, 0.19992154811715482, 0.13689853556485357], ""dense_units_2"": [0.0435407949790795, 0.11440899581589958, 0.07073744769874477, 0.21456589958158995, 0.21927301255230125, 0.16592573221757323, 0.11702405857740586, 0.05452405857740586], ""dropout_1"": [0.2469926778242678, 0.2582374476987448, 0.04667887029288703, 0.07466004184100418, 0.11702405857740586, 0.12330020920502092, 0.12251569037656904, 0.010591004184100418], ""dropout_2"": [0.23234832635983263, 0.1648797071129707, 0.0796286610878661, 0.07832112970711297, 0.13794456066945607, 0.11310146443514645, 0.10237970711297072, 0.09139644351464435], ""loss"": [0.056354602510460254, 0.16043410041841005, 0.056354602510460254, 0.06550732217573221, 0.19652196652719664, 0.12486924686192469, 0.21744246861924685, 0.12251569037656904], ""optimizer"": [0.0785826359832636, 0.1334989539748954, 0.08930439330543934, 0.08276673640167365, 0.16984832635983263, 0.1287918410041841, 0.14500523012552302, 0.17220188284518828]}",False,False,tanh,success
paper_conventional-main-ants20-iterations5-epochs5-seed-42,paper_conventional,paper_faithful,iteration_based_paper_interpretation,main,20,5,5,42,5,10,459d50dcb9b7cdf7,1024,1024,0.6,0.1,256,relu,adamax,cosine_similarity,,0.9259999990463257,0.9102500081062317,0.9259999990463257,-0.7157639265060425,2,5,6.553223214999889,cached,,nonstandard_loss_for_multiclass_sparse_labels,0.0010000000474974513,True,"{""activation"": [0.11153242677824268, 0.05452405857740586, 0.09479602510460251, 0.2025366108786611, 0.02000523012552301, 0.1837081589958159, 0.21822698744769875, 0.11467050209205021], ""batch_size"": [0.20907426778242677, 0.09898012552301255, 0.08538179916317992, 0.15206589958158995, 0.2017520920502092, 0.08015167364016737, 0.08276673640167365, 0.08982740585774059], ""dense_units_1"": [0.08250523012552301, 0.16984832635983263, 0.13114539748953974, 0.08407426778242678, 0.13872907949790794, 0.056877615062761504, 0.19992154811715482, 0.13689853556485357], ""dense_units_2"": [0.0435407949790795, 0.11440899581589958, 0.07073744769874477, 0.21456589958158995, 0.21927301255230125, 0.16592573221757323, 0.11702405857740586, 0.05452405857740586], ""dropout_1"": [0.2469926778242678, 0.2582374476987448, 0.04667887029288703, 0.07466004184100418, 0.11702405857740586, 0.12330020920502092, 0.12251569037656904, 0.010591004184100418], ""dropout_2"": [0.23234832635983263, 0.1648797071129707, 0.0796286610878661, 0.07832112970711297, 0.13794456066945607, 0.11310146443514645, 0.10237970711297072, 0.09139644351464435], ""loss"": [0.056354602510460254, 0.16043410041841005, 0.056354602510460254, 0.06550732217573221, 0.19652196652719664, 0.12486924686192469, 0.21744246861924685, 0.12251569037656904], ""optimizer"": [0.0785826359832636, 0.1334989539748954, 0.08930439330543934, 0.08276673640167365, 0.16984832635983263, 0.1287918410041841, 0.14500523012552302, 0.17220188284518828]}",False,False,relu,success
paper_conventional-main-ants20-iterations5-epochs5-seed-42,paper_conventional,paper_faithful,iteration_based_paper_interpretation,main,20,5,5,42,5,11,fc3d208536bb9836,256,128,0.1,0.8,16,relu,sgd,categorical_crossentropy,,0.9670000076293945,0.9126250147819519,0.9670000076293945,0.10787660628557205,5,5,24.076533003000804,cached,,nonstandard_loss_for_multiclass_sparse_labels,0.009999999776482582,True,"{""activation"": [0.11153242677824268, 0.05452405857740586, 0.09479602510460251, 0.2025366108786611, 0.02000523012552301, 0.1837081589958159, 0.21822698744769875, 0.11467050209205021], ""batch_size"": [0.20907426778242677, 0.09898012552301255, 0.08538179916317992, 0.15206589958158995, 0.2017520920502092, 0.08015167364016737, 0.08276673640167365, 0.08982740585774059], ""dense_units_1"": [0.08250523012552301, 0.16984832635983263, 0.13114539748953974, 0.08407426778242678, 0.13872907949790794, 0.056877615062761504, 0.19992154811715482, 0.13689853556485357], ""dense_units_2"": [0.0435407949790795, 0.11440899581589958, 0.07073744769874477, 0.21456589958158995, 0.21927301255230125, 0.16592573221757323, 0.11702405857740586, 0.05452405857740586], ""dropout_1"": [0.2469926778242678, 0.2582374476987448, 0.04667887029288703, 0.07466004184100418, 0.11702405857740586, 0.12330020920502092, 0.12251569037656904, 0.010591004184100418], ""dropout_2"": [0.23234832635983263, 0.1648797071129707, 0.0796286610878661, 0.07832112970711297, 0.13794456066945607, 0.11310146443514645, 0.10237970711297072, 0.09139644351464435], ""loss"": [0.056354602510460254, 0.16043410041841005, 0.056354602510460254, 0.06550732217573221, 0.19652196652719664, 0.12486924686192469, 0.21744246861924685, 0.12251569037656904], ""optimizer"": [0.0785826359832636, 0.1334989539748954, 0.08930439330543934, 0.08276673640167365, 0.16984832635983263, 0.1287918410041841, 0.14500523012552302, 0.17220188284518828]}",False,False,relu,success
paper_conventional-main-ants20-iterations5-epochs5-seed-42,paper_conventional,paper_faithful,iteration_based_paper_interpretation,main,20,5,5,42,5,12,e836636217c03823,128,256,0.2,0.1,16,softsign,adam,categorical_hinge,,0.9775000214576721,0.9731249809265137,0.9775000214576721,0.05065947026014328,4,5,34.82328016300016,cached,,nonstandard_loss_for_multiclass_sparse_labels,0.0010000000474974513,True,"{""activation"": [0.11153242677824268, 0.05452405857740586, 0.09479602510460251, 0.2025366108786611, 0.02000523012552301, 0.1837081589958159, 0.21822698744769875, 0.11467050209205021], ""batch_size"": [0.20907426778242677, 0.09898012552301255, 0.08538179916317992, 0.15206589958158995, 0.2017520920502092, 0.08015167364016737, 0.08276673640167365, 0.08982740585774059], ""dense_units_1"": [0.08250523012552301, 0.16984832635983263, 0.13114539748953974, 0.08407426778242678, 0.13872907949790794, 0.056877615062761504, 0.19992154811715482, 0.13689853556485357], ""dense_units_2"": [0.0435407949790795, 0.11440899581589958, 0.07073744769874477, 0.21456589958158995, 0.21927301255230125, 0.16592573221757323, 0.11702405857740586, 0.05452405857740586], ""dropout_1"": [0.2469926778242678, 0.2582374476987448, 0.04667887029288703, 0.07466004184100418, 0.11702405857740586, 0.12330020920502092, 0.12251569037656904, 0.010591004184100418], ""dropout_2"": [0.23234832635983263, 0.1648797071129707, 0.0796286610878661, 0.07832112970711297, 0.13794456066945607, 0.11310146443514645, 0.10237970711297072, 0.09139644351464435], ""loss"": [0.056354602510460254, 0.16043410041841005, 0.056354602510460254, 0.06550732217573221, 0.19652196652719664, 0.12486924686192469, 0.21744246861924685, 0.12251569037656904], ""optimizer"": [0.0785826359832636, 0.1334989539748954, 0.08930439330543934, 0.08276673640167365, 0.16984832635983263, 0.1287918410041841, 0.14500523012552302, 0.17220188284518828]}",False,False,softsign,success
paper_conventional-main-ants20-iterations5-epochs5-seed-42,paper_conventional,paper_faithful,iteration_based_paper_interpretation,main,20,5,5,42,5,13,d2387dd1e539c83b,32,128,0.2,0.3,16,sigmoid,nadam,sparse_categorical_crossentropy,,0.9760000109672546,0.9607499837875366,0.9760000109672546,0.08243653178215027,5,5,43.29197722100071,cached,,,0.0010000000474974513,True,"{""activation"": [0.11153242677824268, 0.05452405857740586, 0.09479602510460251, 0.2025366108786611, 0.02000523012552301, 0.1837081589958159, 0.21822698744769875, 0.11467050209205021], ""batch_size"": [0.20907426778242677, 0.09898012552301255, 0.08538179916317992, 0.15206589958158995, 0.2017520920502092, 0.08015167364016737, 0.08276673640167365, 0.08982740585774059], ""dense_units_1"": [0.08250523012552301, 0.16984832635983263, 0.13114539748953974, 0.08407426778242678, 0.13872907949790794, 0.056877615062761504, 0.19992154811715482, 0.13689853556485357], ""dense_units_2"": [0.0435407949790795, 0.11440899581589958, 0.07073744769874477, 0.21456589958158995, 0.21927301255230125, 0.16592573221757323, 0.11702405857740586, 0.05452405857740586], ""dropout_1"": [0.2469926778242678, 0.2582374476987448, 0.04667887029288703, 0.07466004184100418, 0.11702405857740586, 0.12330020920502092, 0.12251569037656904, 0.010591004184100418], ""dropout_2"": [0.23234832635983263, 0.1648797071129707, 0.0796286610878661, 0.07832112970711297, 0.13794456066945607, 0.11310146443514645, 0.10237970711297072, 0.09139644351464435], ""loss"": [0.056354602510460254, 0.16043410041841005, 0.056354602510460254, 0.06550732217573221, 0.19652196652719664, 0.12486924686192469, 0.21744246861924685, 0.12251569037656904], ""optimizer"": [0.0785826359832636, 0.1334989539748954, 0.08930439330543934, 0.08276673640167365, 0.16984832635983263, 0.1287918410041841, 0.14500523012552302, 0.17220188284518828]}",False,False,sigmoid,success
paper_conventional-main-ants20-iterations5-epochs5-seed-42,paper_conventional,paper_faithful,iteration_based_paper_interpretation,main,20,5,5,42,5,14,b6a627c42a93a28e,256,256,0.2,0.3,512,gelu,sgd,mean_absolute_error,,0.3930000066757202,0.28312501311302185,0.3930000066757202,0.17792418599128723,5,5,5.049153885000123,cached,,nonstandard_loss_for_multiclass_sparse_labels,0.009999999776482582,True,"{""activation"": [0.11153242677824268, 0.05452405857740586, 0.09479602510460251, 0.2025366108786611, 0.02000523012552301, 0.1837081589958159, 0.21822698744769875, 0.11467050209205021], ""batch_size"": [0.20907426778242677, 0.09898012552301255, 0.08538179916317992, 0.15206589958158995, 0.2017520920502092, 0.08015167364016737, 0.08276673640167365, 0.08982740585774059], ""dense_units_1"": [0.08250523012552301, 0.16984832635983263, 0.13114539748953974, 0.08407426778242678, 0.13872907949790794, 0.056877615062761504, 0.19992154811715482, 0.13689853556485357], ""dense_units_2"": [0.0435407949790795, 0.11440899581589958, 0.07073744769874477, 0.21456589958158995, 0.21927301255230125, 0.16592573221757323, 0.11702405857740586, 0.05452405857740586], ""dropout_1"": [0.2469926778242678, 0.2582374476987448, 0.04667887029288703, 0.07466004184100418, 0.11702405857740586, 0.12330020920502092, 0.12251569037656904, 0.010591004184100418], ""dropout_2"": [0.23234832635983263, 0.1648797071129707, 0.0796286610878661, 0.07832112970711297, 0.13794456066945607, 0.11310146443514645, 0.10237970711297072, 0.09139644351464435], ""loss"": [0.056354602510460254, 0.16043410041841005, 0.056354602510460254, 0.06550732217573221, 0.19652196652719664, 0.12486924686192469, 0.21744246861924685, 0.12251569037656904], ""optimizer"": [0.0785826359832636, 0.1334989539748954, 0.08930439330543934, 0.08276673640167365, 0.16984832635983263, 0.1287918410041841, 0.14500523012552302, 0.17220188284518828]}",False,False,gelu,success
paper_conventional-main-ants20-iterations5-epochs5-seed-42,paper_conventional,paper_faithful,iteration_based_paper_interpretation,main,20,5,5,42,5,15,22ae7905deb787f2,32,256,0.5,0.1,64,linear,adam,mean_squared_error,,0.9624999761581421,0.9610000252723694,0.9624999761581421,0.006363508757203817,5,5,9.935970324000664,cached,,nonstandard_loss_for_multiclass_sparse_labels,0.0010000000474974513,True,"{""activation"": [0.11153242677824268, 0.05452405857740586, 0.09479602510460251, 0.2025366108786611, 0.02000523012552301, 0.1837081589958159, 0.21822698744769875, 0.11467050209205021], ""batch_size"": [0.20907426778242677, 0.09898012552301255, 0.08538179916317992, 0.15206589958158995, 0.2017520920502092, 0.08015167364016737, 0.08276673640167365, 0.08982740585774059], ""dense_units_1"": [0.08250523012552301, 0.16984832635983263, 0.13114539748953974, 0.08407426778242678, 0.13872907949790794, 0.056877615062761504, 0.19992154811715482, 0.13689853556485357], ""dense_units_2"": [0.0435407949790795, 0.11440899581589958, 0.07073744769874477, 0.21456589958158995, 0.21927301255230125, 0.16592573221757323, 0.11702405857740586, 0.05452405857740586], ""dropout_1"": [0.2469926778242678, 0.2582374476987448, 0.04667887029288703, 0.07466004184100418, 0.11702405857740586, 0.12330020920502092, 0.12251569037656904, 0.010591004184100418], ""dropout_2"": [0.23234832635983263, 0.1648797071129707, 0.0796286610878661, 0.07832112970711297, 0.13794456066945607, 0.11310146443514645, 0.10237970711297072, 0.09139644351464435], ""loss"": [0.056354602510460254, 0.16043410041841005, 0.056354602510460254, 0.06550732217573221, 0.19652196652719664, 0.12486924686192469, 0.21744246861924685, 0.12251569037656904], ""optimizer"": [0.0785826359832636, 0.1334989539748954, 0.08930439330543934, 0.08276673640167365, 0.16984832635983263, 0.1287918410041841, 0.14500523012552302, 0.17220188284518828]}",False,False,linier,success
paper_conventional-main-ants20-iterations5-epochs5-seed-42,paper_conventional,paper_faithful,iteration_based_paper_interpretation,main,20,5,5,42,5,16,10d72c939bf4e457,1024,32,0.1,0.1,2048,relu,rmsprop,sparse_categorical_crossentropy,,0.9750000238418579,0.9947500228881836,0.9750000238418579,0.2867490351200104,5,5,5.537043322001409,cached,,,0.0010000000474974513,True,"{""activation"": [0.11153242677824268, 0.05452405857740586, 0.09479602510460251, 0.2025366108786611, 0.02000523012552301, 0.1837081589958159, 0.21822698744769875, 0.11467050209205021], ""batch_size"": [0.20907426778242677, 0.09898012552301255, 0.08538179916317992, 0.15206589958158995, 0.2017520920502092, 0.08015167364016737, 0.08276673640167365, 0.08982740585774059], ""dense_units_1"": [0.08250523012552301, 0.16984832635983263, 0.13114539748953974, 0.08407426778242678, 0.13872907949790794, 0.056877615062761504, 0.19992154811715482, 0.13689853556485357], ""dense_units_2"": [0.0435407949790795, 0.11440899581589958, 0.07073744769874477, 0.21456589958158995, 0.21927301255230125, 0.16592573221757323, 0.11702405857740586, 0.05452405857740586], ""dropout_1"": [0.2469926778242678, 0.2582374476987448, 0.04667887029288703, 0.07466004184100418, 0.11702405857740586, 0.12330020920502092, 0.12251569037656904, 0.010591004184100418], ""dropout_2"": [0.23234832635983263, 0.1648797071129707, 0.0796286610878661, 0.07832112970711297, 0.13794456066945607, 0.11310146443514645, 0.10237970711297072, 0.09139644351464435], ""loss"": [0.056354602510460254, 0.16043410041841005, 0.056354602510460254, 0.06550732217573221, 0.19652196652719664, 0.12486924686192469, 0.21744246861924685, 0.12251569037656904], ""optimizer"": [0.0785826359832636, 0.1334989539748954, 0.08930439330543934, 0.08276673640167365, 0.16984832635983263, 0.1287918410041841, 0.14500523012552302, 0.17220188284518828]}",False,False,relu,success
paper_conventional-main-ants20-iterations5-epochs5-seed-42,paper_conventional,paper_faithful,iteration_based_paper_interpretation,main,20,5,5,42,5,17,27137490ff1cdd33,32,256,0.1,0.5,256,gelu,adam,categorical_hinge,,0.9144999980926514,0.9183750152587891,0.9144999980926514,0.31661173701286316,5,5,7.03021195600013,cached,,nonstandard_loss_for_multiclass_sparse_labels,0.0010000000474974513,True,"{""activation"": [0.11153242677824268, 0.05452405857740586, 0.09479602510460251, 0.2025366108786611, 0.02000523012552301, 0.1837081589958159, 0.21822698744769875, 0.11467050209205021], ""batch_size"": [0.20907426778242677, 0.09898012552301255, 0.08538179916317992, 0.15206589958158995, 0.2017520920502092, 0.08015167364016737, 0.08276673640167365, 0.08982740585774059], ""dense_units_1"": [0.08250523012552301, 0.16984832635983263, 0.13114539748953974, 0.08407426778242678, 0.13872907949790794, 0.056877615062761504, 0.19992154811715482, 0.13689853556485357], ""dense_units_2"": [0.0435407949790795, 0.11440899581589958, 0.07073744769874477, 0.21456589958158995, 0.21927301255230125, 0.16592573221757323, 0.11702405857740586, 0.05452405857740586], ""dropout_1"": [0.2469926778242678, 0.2582374476987448, 0.04667887029288703, 0.07466004184100418, 0.11702405857740586, 0.12330020920502092, 0.12251569037656904, 0.010591004184100418], ""dropout_2"": [0.23234832635983263, 0.1648797071129707, 0.0796286610878661, 0.07832112970711297, 0.13794456066945607, 0.11310146443514645, 0.10237970711297072, 0.09139644351464435], ""loss"": [0.056354602510460254, 0.16043410041841005, 0.056354602510460254, 0.06550732217573221, 0.19652196652719664, 0.12486924686192469, 0.21744246861924685, 0.12251569037656904], ""optimizer"": [0.0785826359832636, 0.1334989539748954, 0.08930439330543934, 0.08276673640167365, 0.16984832635983263, 0.1287918410041841, 0.14500523012552302, 0.17220188284518828]}",False,False,gelu,success
paper_conventional-main-ants20-iterations5-epochs5-seed-42,paper_conventional,paper_faithful,iteration_based_paper_interpretation,main,20,5,5,42,5,18,8636275d213920e0,512,64,0.6,0.7,32,linear,adagrad,squared_hinge,,0.32100000977516174,0.5088750123977661,0.32100000977516174,1.143843412399292,5,5,14.345941972998844,cached,,nonstandard_loss_for_multiclass_sparse_labels,0.0010000000474974513,True,"{""activation"": [0.11153242677824268, 0.05452405857740586, 0.09479602510460251, 0.2025366108786611, 0.02000523012552301, 0.1837081589958159, 0.21822698744769875, 0.11467050209205021], ""batch_size"": [0.20907426778242677, 0.09898012552301255, 0.08538179916317992, 0.15206589958158995, 0.2017520920502092, 0.08015167364016737, 0.08276673640167365, 0.08982740585774059], ""dense_units_1"": [0.08250523012552301, 0.16984832635983263, 0.13114539748953974, 0.08407426778242678, 0.13872907949790794, 0.056877615062761504, 0.19992154811715482, 0.13689853556485357], ""dense_units_2"": [0.0435407949790795, 0.11440899581589958, 0.07073744769874477, 0.21456589958158995, 0.21927301255230125, 0.16592573221757323, 0.11702405857740586, 0.05452405857740586], ""dropout_1"": [0.2469926778242678, 0.2582374476987448, 0.04667887029288703, 0.07466004184100418, 0.11702405857740586, 0.12330020920502092, 0.12251569037656904, 0.010591004184100418], ""dropout_2"": [0.23234832635983263, 0.1648797071129707, 0.0796286610878661, 0.07832112970711297, 0.13794456066945607, 0.11310146443514645, 0.10237970711297072, 0.09139644351464435], ""loss"": [0.056354602510460254, 0.16043410041841005, 0.056354602510460254, 0.06550732217573221, 0.19652196652719664, 0.12486924686192469, 0.21744246861924685, 0.12251569037656904], ""optimizer"": [0.0785826359832636, 0.1334989539748954, 0.08930439330543934, 0.08276673640167365, 0.16984832635983263, 0.1287918410041841, 0.14500523012552302, 0.17220188284518828]}",False,False,linier,success
paper_conventional-main-ants20-iterations5-epochs5-seed-42,paper_conventional,paper_faithful,iteration_based_paper_interpretation,main,20,5,5,42,5,19,5e77c84bd1fe21e5,2048,128,0.6,0.2,512,selu,sgd,mean_squared_error,,0.3255000114440918,0.48374998569488525,0.3255000114440918,0.07599800825119019,5,5,4.929620075003186,cached,,nonstandard_loss_for_multiclass_sparse_labels,0.009999999776482582,True,"{""activation"": [0.11153242677824268, 0.05452405857740586, 0.09479602510460251, 0.2025366108786611, 0.02000523012552301, 0.1837081589958159, 0.21822698744769875, 0.11467050209205021], ""batch_size"": [0.20907426778242677, 0.09898012552301255, 0.08538179916317992, 0.15206589958158995, 0.2017520920502092, 0.08015167364016737, 0.08276673640167365, 0.08982740585774059], ""dense_units_1"": [0.08250523012552301, 0.16984832635983263, 0.13114539748953974, 0.08407426778242678, 0.13872907949790794, 0.056877615062761504, 0.19992154811715482, 0.13689853556485357], ""dense_units_2"": [0.0435407949790795, 0.11440899581589958, 0.07073744769874477, 0.21456589958158995, 0.21927301255230125, 0.16592573221757323, 0.11702405857740586, 0.05452405857740586], ""dropout_1"": [0.2469926778242678, 0.2582374476987448, 0.04667887029288703, 0.07466004184100418, 0.11702405857740586, 0.12330020920502092, 0.12251569037656904, 0.010591004184100418], ""dropout_2"": [0.23234832635983263, 0.1648797071129707, 0.0796286610878661, 0.07832112970711297, 0.13794456066945607, 0.11310146443514645, 0.10237970711297072, 0.09139644351464435], ""loss"": [0.056354602510460254, 0.16043410041841005, 0.056354602510460254, 0.06550732217573221, 0.19652196652719664, 0.12486924686192469, 0.21744246861924685, 0.12251569037656904], ""optimizer"": [0.0785826359832636, 0.1334989539748954, 0.08930439330543934, 0.08276673640167365, 0.16984832635983263, 0.1287918410041841, 0.14500523012552302, 0.17220188284518828]}",False,False,selu,success
paper_conventional-main-ants20-iterations5-epochs5-seed-42,paper_conventional,paper_faithful,iteration_based_paper_interpretation,main,20,5,5,42,5,20,7ca4d68251383de5,64,32,0.1,0.2,16,sigmoid,ftrl,categorical_hinge,,0.10000000149011612,0.10350000113248825,0.10000000149011612,1.0000438690185547,5,5,33.676498500997695,cached,,nonstandard_loss_for_multiclass_sparse_labels,0.0010000000474974513,True,"{""activation"": [0.11153242677824268, 0.05452405857740586, 0.09479602510460251, 0.2025366108786611, 0.02000523012552301, 0.1837081589958159, 0.21822698744769875, 0.11467050209205021], ""batch_size"": [0.20907426778242677, 0.09898012552301255, 0.08538179916317992, 0.15206589958158995, 0.2017520920502092, 0.08015167364016737, 0.08276673640167365, 0.08982740585774059], ""dense_units_1"": [0.08250523012552301, 0.16984832635983263, 0.13114539748953974, 0.08407426778242678, 0.13872907949790794, 0.056877615062761504, 0.19992154811715482, 0.13689853556485357], ""dense_units_2"": [0.0435407949790795, 0.11440899581589958, 0.07073744769874477, 0.21456589958158995, 0.21927301255230125, 0.16592573221757323, 0.11702405857740586, 0.05452405857740586], ""dropout_1"": [0.2469926778242678, 0.2582374476987448, 0.04667887029288703, 0.07466004184100418, 0.11702405857740586, 0.12330020920502092, 0.12251569037656904, 0.010591004184100418], ""dropout_2"": [0.23234832635983263, 0.1648797071129707, 0.0796286610878661, 0.07832112970711297, 0.13794456066945607, 0.11310146443514645, 0.10237970711297072, 0.09139644351464435], ""loss"": [0.056354602510460254, 0.16043410041841005, 0.056354602510460254, 0.06550732217573221, 0.19652196652719664, 0.12486924686192469, 0.21744246861924685, 0.12251569037656904], ""optimizer"": [0.0785826359832636, 0.1334989539748954, 0.08930439330543934, 0.08276673640167365, 0.16984832635983263, 0.1287918410041841, 0.14500523012552302, 0.17220188284518828]}",False,False,sigmoid,success
