run_id,mode,family,mode_interpretation,budget,effective_ants,effective_iterations,effective_max_epochs,seed,iteration,ant_id,candidate_id,dense_units_1,dense_units_2,dropout_1,dropout_2,batch_size,activation,optimizer,loss,learning_rate,fitness,train_accuracy,validation_accuracy,validation_loss,best_epoch,actual_epochs_completed,training_time_seconds,status,failure_reason,semantic_warning,effective_learning_rate,cache_hit,selection_probabilities,is_iteration_best,is_global_best,paper_label_activation,run_status
paper_conventional-main-ants20-iterations5-epochs5-seed-43,paper_conventional,paper_faithful,iteration_based_paper_interpretation,main,20,5,5,43,1,1,5df6bbe21840fed4,512,16,0.1,0.7,256,sigmoid,ftrl,binary_crossentropy,,0.10000000149011612,0.10000000149011612,0.10000000149011612,0.6355481147766113,5,5,6.602188995000688,success,,nonstandard_loss_for_multiclass_sparse_labels,0.0010000000474974513,False,"{""activation"": [0.125, 0.125, 0.125, 0.125, 0.125, 0.125, 0.125, 0.125], ""batch_size"": [0.125, 0.125, 0.125, 0.125, 0.125, 0.125, 0.125, 0.125], ""dense_units_1"": [0.125, 0.125, 0.125, 0.125, 0.125, 0.125, 0.125, 0.125], ""dense_units_2"": [0.125, 0.125, 0.125, 0.125, 0.125, 0.125, 0.125, 0.125], ""dropout_1"": [0.125, 0.125, 0.125, 0.125, 0.125, 0.125, 0.125, 0.125], ""dropout_2"": [0.125, 0.125, 0.125, 0.125, 0.125, 0.125, 0.125, 0.125], ""loss"": [0.125, 0.125, 0.125, 0.125, 0.125, 0.125, 0.125, 0.125], ""optimizer"": [0.125, 0.125, 0.125, 0.125, 0.125, 0.125, 0.125, 0.125]}",False,False,sigmoid,pending
paper_conventional-main-ants20-iterations5-epochs5-seed-43,paper_conventional,paper_faithful,iteration_based_paper_interpretation,main,20,5,5,43,1,2,de6f77c4f690b239,128,128,0.8,0.8,64,softplus,adadelta,sparse_categorical_crossentropy,,0.10000000149011612,0.09962499886751175,0.10000000149011612,2.6100804805755615,2,5,10.287870180998652,success,,,0.0010000000474974513,False,"{""activation"": [0.125, 0.125, 0.125, 0.125, 0.125, 0.125, 0.125, 0.125], ""batch_size"": [0.125, 0.125, 0.125, 0.125, 0.125, 0.125, 0.125, 0.125], ""dense_units_1"": [0.125, 0.125, 0.125, 0.125, 0.125, 0.125, 0.125, 0.125], ""dense_units_2"": [0.125, 0.125, 0.125, 0.125, 0.125, 0.125, 0.125, 0.125], ""dropout_1"": [0.125, 0.125, 0.125, 0.125, 0.125, 0.125, 0.125, 0.125], ""dropout_2"": [0.125, 0.125, 0.125, 0.125, 0.125, 0.125, 0.125, 0.125], ""loss"": [0.125, 0.125, 0.125, 0.125, 0.125, 0.125, 0.125, 0.125], ""optimizer"": [0.125, 0.125, 0.125, 0.125, 0.125, 0.125, 0.125, 0.125]}",False,False,softplus,pending
paper_conventional-main-ants20-iterations5-epochs5-seed-43,paper_conventional,paper_faithful,iteration_based_paper_interpretation,main,20,5,5,43,1,3,f1650ee1a275ed65,64,2048,0.7,0.5,128,linear,adagrad,cosine_similarity,,0.36399999260902405,0.19462500512599945,0.36399999260902405,-0.32517197728157043,1,5,5.684192617000008,success,,nonstandard_loss_for_multiclass_sparse_labels,0.0010000000474974513,False,"{""activation"": [0.125, 0.125, 0.125, 0.125, 0.125, 0.125, 0.125, 0.125], ""batch_size"": [0.125, 0.125, 0.125, 0.125, 0.125, 0.125, 0.125, 0.125], ""dense_units_1"": [0.125, 0.125, 0.125, 0.125, 0.125, 0.125, 0.125, 0.125], ""dense_units_2"": [0.125, 0.125, 0.125, 0.125, 0.125, 0.125, 0.125, 0.125], ""dropout_1"": [0.125, 0.125, 0.125, 0.125, 0.125, 0.125, 0.125, 0.125], ""dropout_2"": [0.125, 0.125, 0.125, 0.125, 0.125, 0.125, 0.125, 0.125], ""loss"": [0.125, 0.125, 0.125, 0.125, 0.125, 0.125, 0.125, 0.125], ""optimizer"": [0.125, 0.125, 0.125, 0.125, 0.125, 0.125, 0.125, 0.125]}",False,False,linier,pending
paper_conventional-main-ants20-iterations5-epochs5-seed-43,paper_conventional,paper_faithful,iteration_based_paper_interpretation,main,20,5,5,43,1,4,556956ad4918123e,2048,16,0.1,0.7,32,softplus,sgd,mean_squared_error,,0.49149999022483826,0.3109999895095825,0.49149999022483826,0.07341589778661728,5,5,11.629924120999931,success,,nonstandard_loss_for_multiclass_sparse_labels,0.009999999776482582,False,"{""activation"": [0.125, 0.125, 0.125, 0.125, 0.125, 0.125, 0.125, 0.125], ""batch_size"": [0.125, 0.125, 0.125, 0.125, 0.125, 0.125, 0.125, 0.125], ""dense_units_1"": [0.125, 0.125, 0.125, 0.125, 0.125, 0.125, 0.125, 0.125], ""dense_units_2"": [0.125, 0.125, 0.125, 0.125, 0.125, 0.125, 0.125, 0.125], ""dropout_1"": [0.125, 0.125, 0.125, 0.125, 0.125, 0.125, 0.125, 0.125], ""dropout_2"": [0.125, 0.125, 0.125, 0.125, 0.125, 0.125, 0.125, 0.125], ""loss"": [0.125, 0.125, 0.125, 0.125, 0.125, 0.125, 0.125, 0.125], ""optimizer"": [0.125, 0.125, 0.125, 0.125, 0.125, 0.125, 0.125, 0.125]}",False,False,softplus,pending
paper_conventional-main-ants20-iterations5-epochs5-seed-43,paper_conventional,paper_faithful,iteration_based_paper_interpretation,main,20,5,5,43,1,5,a15fd46afa8befbb,16,128,0.5,0.1,64,tanh,sgd,mean_absolute_error,,0.23399999737739563,0.18012499809265137,0.23399999737739563,0.17895038425922394,2,5,6.448600871000963,success,,nonstandard_loss_for_multiclass_sparse_labels,0.009999999776482582,False,"{""activation"": [0.125, 0.125, 0.125, 0.125, 0.125, 0.125, 0.125, 0.125], ""batch_size"": [0.125, 0.125, 0.125, 0.125, 0.125, 0.125, 0.125, 0.125], ""dense_units_1"": [0.125, 0.125, 0.125, 0.125, 0.125, 0.125, 0.125, 0.125], ""dense_units_2"": [0.125, 0.125, 0.125, 0.125, 0.125, 0.125, 0.125, 0.125], ""dropout_1"": [0.125, 0.125, 0.125, 0.125, 0.125, 0.125, 0.125, 0.125], ""dropout_2"": [0.125, 0.125, 0.125, 0.125, 0.125, 0.125, 0.125, 0.125], ""loss"": [0.125, 0.125, 0.125, 0.125, 0.125, 0.125, 0.125, 0.125], ""optimizer"": [0.125, 0.125, 0.125, 0.125, 0.125, 0.125, 0.125, 0.125]}",False,False,tanh,pending
paper_conventional-main-ants20-iterations5-epochs5-seed-43,paper_conventional,paper_faithful,iteration_based_paper_interpretation,main,20,5,5,43,1,6,35829b9117e13b43,128,16,0.5,0.1,256,relu,adagrad,categorical_hinge,,0.265500009059906,0.2618750035762787,0.265500009059906,1.0069595575332642,3,5,5.378914835000614,success,,nonstandard_loss_for_multiclass_sparse_labels,0.0010000000474974513,False,"{""activation"": [0.125, 0.125, 0.125, 0.125, 0.125, 0.125, 0.125, 0.125], ""batch_size"": [0.125, 0.125, 0.125, 0.125, 0.125, 0.125, 0.125, 0.125], ""dense_units_1"": [0.125, 0.125, 0.125, 0.125, 0.125, 0.125, 0.125, 0.125], ""dense_units_2"": [0.125, 0.125, 0.125, 0.125, 0.125, 0.125, 0.125, 0.125], ""dropout_1"": [0.125, 0.125, 0.125, 0.125, 0.125, 0.125, 0.125, 0.125], ""dropout_2"": [0.125, 0.125, 0.125, 0.125, 0.125, 0.125, 0.125, 0.125], ""loss"": [0.125, 0.125, 0.125, 0.125, 0.125, 0.125, 0.125, 0.125], ""optimizer"": [0.125, 0.125, 0.125, 0.125, 0.125, 0.125, 0.125, 0.125]}",False,False,relu,pending
paper_conventional-main-ants20-iterations5-epochs5-seed-43,paper_conventional,paper_faithful,iteration_based_paper_interpretation,main,20,5,5,43,1,7,a95716a8e2ca5616,64,16,0.3,0.4,256,sigmoid,adam,categorical_hinge,,0.9265000224113464,0.9326249957084656,0.9265000224113464,0.5189209580421448,5,5,6.591169647999777,success,,nonstandard_loss_for_multiclass_sparse_labels,0.0010000000474974513,False,"{""activation"": [0.125, 0.125, 0.125, 0.125, 0.125, 0.125, 0.125, 0.125], ""batch_size"": [0.125, 0.125, 0.125, 0.125, 0.125, 0.125, 0.125, 0.125], ""dense_units_1"": [0.125, 0.125, 0.125, 0.125, 0.125, 0.125, 0.125, 0.125], ""dense_units_2"": [0.125, 0.125, 0.125, 0.125, 0.125, 0.125, 0.125, 0.125], ""dropout_1"": [0.125, 0.125, 0.125, 0.125, 0.125, 0.125, 0.125, 0.125], ""dropout_2"": [0.125, 0.125, 0.125, 0.125, 0.125, 0.125, 0.125, 0.125], ""loss"": [0.125, 0.125, 0.125, 0.125, 0.125, 0.125, 0.125, 0.125], ""optimizer"": [0.125, 0.125, 0.125, 0.125, 0.125, 0.125, 0.125, 0.125]}",False,False,sigmoid,pending
paper_conventional-main-ants20-iterations5-epochs5-seed-43,paper_conventional,paper_faithful,iteration_based_paper_interpretation,main,20,5,5,43,1,8,04e6a982f469cb85,128,256,0.7,0.7,1024,softplus,rmsprop,sparse_categorical_crossentropy,,0.890500009059906,0.8946250081062317,0.890500009059906,1.123274564743042,4,5,5.712623782999799,success,,,0.0010000000474974513,False,"{""activation"": [0.125, 0.125, 0.125, 0.125, 0.125, 0.125, 0.125, 0.125], ""batch_size"": [0.125, 0.125, 0.125, 0.125, 0.125, 0.125, 0.125, 0.125], ""dense_units_1"": [0.125, 0.125, 0.125, 0.125, 0.125, 0.125, 0.125, 0.125], ""dense_units_2"": [0.125, 0.125, 0.125, 0.125, 0.125, 0.125, 0.125, 0.125], ""dropout_1"": [0.125, 0.125, 0.125, 0.125, 0.125, 0.125, 0.125, 0.125], ""dropout_2"": [0.125, 0.125, 0.125, 0.125, 0.125, 0.125, 0.125, 0.125], ""loss"": [0.125, 0.125, 0.125, 0.125, 0.125, 0.125, 0.125, 0.125], ""optimizer"": [0.125, 0.125, 0.125, 0.125, 0.125, 0.125, 0.125, 0.125]}",False,False,softplus,pending
paper_conventional-main-ants20-iterations5-epochs5-seed-43,paper_conventional,paper_faithful,iteration_based_paper_interpretation,main,20,5,5,43,1,9,e50a19a8b25005d4,128,256,0.5,0.8,1024,softsign,adam,mean_squared_error,,0.9185000061988831,0.8537499904632568,0.9185000061988831,0.01601245068013668,2,5,6.3198012840002775,success,,nonstandard_loss_for_multiclass_sparse_labels,0.0010000000474974513,False,"{""activation"": [0.125, 0.125, 0.125, 0.125, 0.125, 0.125, 0.125, 0.125], ""batch_size"": [0.125, 0.125, 0.125, 0.125, 0.125, 0.125, 0.125, 0.125], ""dense_units_1"": [0.125, 0.125, 0.125, 0.125, 0.125, 0.125, 0.125, 0.125], ""dense_units_2"": [0.125, 0.125, 0.125, 0.125, 0.125, 0.125, 0.125, 0.125], ""dropout_1"": [0.125, 0.125, 0.125, 0.125, 0.125, 0.125, 0.125, 0.125], ""dropout_2"": [0.125, 0.125, 0.125, 0.125, 0.125, 0.125, 0.125, 0.125], ""loss"": [0.125, 0.125, 0.125, 0.125, 0.125, 0.125, 0.125, 0.125], ""optimizer"": [0.125, 0.125, 0.125, 0.125, 0.125, 0.125, 0.125, 0.125]}",False,False,softsign,pending
paper_conventional-main-ants20-iterations5-epochs5-seed-43,paper_conventional,paper_faithful,iteration_based_paper_interpretation,main,20,5,5,43,1,10,8105634acbbb89b2,2048,2048,0.6,0.6,1024,selu,adagrad,mean_absolute_error,,0.26350000500679016,0.1548749953508377,0.26350000500679016,0.1776704490184784,2,5,6.59066869399976,success,,nonstandard_loss_for_multiclass_sparse_labels,0.0010000000474974513,False,"{""activation"": [0.125, 0.125, 0.125, 0.125, 0.125, 0.125, 0.125, 0.125], ""batch_size"": [0.125, 0.125, 0.125, 0.125, 0.125, 0.125, 0.125, 0.125], ""dense_units_1"": [0.125, 0.125, 0.125, 0.125, 0.125, 0.125, 0.125, 0.125], ""dense_units_2"": [0.125, 0.125, 0.125, 0.125, 0.125, 0.125, 0.125, 0.125], ""dropout_1"": [0.125, 0.125, 0.125, 0.125, 0.125, 0.125, 0.125, 0.125], ""dropout_2"": [0.125, 0.125, 0.125, 0.125, 0.125, 0.125, 0.125, 0.125], ""loss"": [0.125, 0.125, 0.125, 0.125, 0.125, 0.125, 0.125, 0.125], ""optimizer"": [0.125, 0.125, 0.125, 0.125, 0.125, 0.125, 0.125, 0.125]}",False,False,selu,pending
paper_conventional-main-ants20-iterations5-epochs5-seed-43,paper_conventional,paper_faithful,iteration_based_paper_interpretation,main,20,5,5,43,1,11,f4aa42fd11e9d741,128,128,0.8,0.6,1024,tanh,adagrad,squared_hinge,,0.11150000244379044,0.15162500739097595,0.11150000244379044,1.171151876449585,5,5,5.452187158000015,success,,nonstandard_loss_for_multiclass_sparse_labels,0.0010000000474974513,False,"{""activation"": [0.125, 0.125, 0.125, 0.125, 0.125, 0.125, 0.125, 0.125], ""batch_size"": [0.125, 0.125, 0.125, 0.125, 0.125, 0.125, 0.125, 0.125], ""dense_units_1"": [0.125, 0.125, 0.125, 0.125, 0.125, 0.125, 0.125, 0.125], ""dense_units_2"": [0.125, 0.125, 0.125, 0.125, 0.125, 0.125, 0.125, 0.125], ""dropout_1"": [0.125, 0.125, 0.125, 0.125, 0.125, 0.125, 0.125, 0.125], ""dropout_2"": [0.125, 0.125, 0.125, 0.125, 0.125, 0.125, 0.125, 0.125], ""loss"": [0.125, 0.125, 0.125, 0.125, 0.125, 0.125, 0.125, 0.125], ""optimizer"": [0.125, 0.125, 0.125, 0.125, 0.125, 0.125, 0.125, 0.125]}",False,False,tanh,pending
paper_conventional-main-ants20-iterations5-epochs5-seed-43,paper_conventional,paper_faithful,iteration_based_paper_interpretation,main,20,5,5,43,1,12,81394ffee53a9460,512,32,0.8,0.2,512,softplus,sgd,cosine_similarity,,0.28600001335144043,0.49912500381469727,0.28600001335144043,-0.3687003254890442,3,5,4.82630233800046,success,,nonstandard_loss_for_multiclass_sparse_labels,0.009999999776482582,False,"{""activation"": [0.125, 0.125, 0.125, 0.125, 0.125, 0.125, 0.125, 0.125], ""batch_size"": [0.125, 0.125, 0.125, 0.125, 0.125, 0.125, 0.125, 0.125], ""dense_units_1"": [0.125, 0.125, 0.125, 0.125, 0.125, 0.125, 0.125, 0.125], ""dense_units_2"": [0.125, 0.125, 0.125, 0.125, 0.125, 0.125, 0.125, 0.125], ""dropout_1"": [0.125, 0.125, 0.125, 0.125, 0.125, 0.125, 0.125, 0.125], ""dropout_2"": [0.125, 0.125, 0.125, 0.125, 0.125, 0.125, 0.125, 0.125], ""loss"": [0.125, 0.125, 0.125, 0.125, 0.125, 0.125, 0.125, 0.125], ""optimizer"": [0.125, 0.125, 0.125, 0.125, 0.125, 0.125, 0.125, 0.125]}",False,False,softplus,pending
paper_conventional-main-ants20-iterations5-epochs5-seed-43,paper_conventional,paper_faithful,iteration_based_paper_interpretation,main,20,5,5,43,1,13,3d602c6b65394576,512,64,0.6,0.7,64,linear,nadam,binary_crossentropy,,0.953499972820282,0.949999988079071,0.953499972820282,0.06137751415371895,5,5,12.23887027300043,success,,nonstandard_loss_for_multiclass_sparse_labels,0.0010000000474974513,False,"{""activation"": [0.125, 0.125, 0.125, 0.125, 0.125, 0.125, 0.125, 0.125], ""batch_size"": [0.125, 0.125, 0.125, 0.125, 0.125, 0.125, 0.125, 0.125], ""dense_units_1"": [0.125, 0.125, 0.125, 0.125, 0.125, 0.125, 0.125, 0.125], ""dense_units_2"": [0.125, 0.125, 0.125, 0.125, 0.125, 0.125, 0.125, 0.125], ""dropout_1"": [0.125, 0.125, 0.125, 0.125, 0.125, 0.125, 0.125, 0.125], ""dropout_2"": [0.125, 0.125, 0.125, 0.125, 0.125, 0.125, 0.125, 0.125], ""loss"": [0.125, 0.125, 0.125, 0.125, 0.125, 0.125, 0.125, 0.125], ""optimizer"": [0.125, 0.125, 0.125, 0.125, 0.125, 0.125, 0.125, 0.125]}",False,False,linier,pending
paper_conventional-main-ants20-iterations5-epochs5-seed-43,paper_conventional,paper_faithful,iteration_based_paper_interpretation,main,20,5,5,43,1,14,363a25b9cad1f4bd,512,32,0.2,0.7,2048,softsign,sgd,binary_crossentropy,,0.6265000104904175,0.4671249985694885,0.6265000104904175,0.5456068515777588,5,5,4.714937900000223,success,,nonstandard_loss_for_multiclass_sparse_labels,0.009999999776482582,False,"{""activation"": [0.125, 0.125, 0.125, 0.125, 0.125, 0.125, 0.125, 0.125], ""batch_size"": [0.125, 0.125, 0.125, 0.125, 0.125, 0.125, 0.125, 0.125], ""dense_units_1"": [0.125, 0.125, 0.125, 0.125, 0.125, 0.125, 0.125, 0.125], ""dense_units_2"": [0.125, 0.125, 0.125, 0.125, 0.125, 0.125, 0.125, 0.125], ""dropout_1"": [0.125, 0.125, 0.125, 0.125, 0.125, 0.125, 0.125, 0.125], ""dropout_2"": [0.125, 0.125, 0.125, 0.125, 0.125, 0.125, 0.125, 0.125], ""loss"": [0.125, 0.125, 0.125, 0.125, 0.125, 0.125, 0.125, 0.125], ""optimizer"": [0.125, 0.125, 0.125, 0.125, 0.125, 0.125, 0.125, 0.125]}",False,False,softsign,pending
paper_conventional-main-ants20-iterations5-epochs5-seed-43,paper_conventional,paper_faithful,iteration_based_paper_interpretation,main,20,5,5,43,1,15,baf9938b60305c52,128,512,0.8,0.6,2048,gelu,adadelta,cosine_similarity,,0.08100000023841858,0.10125000029802322,0.08100000023841858,-0.3132651150226593,5,5,6.704400851000173,success,,nonstandard_loss_for_multiclass_sparse_labels,0.0010000000474974513,False,"{""activation"": [0.125, 0.125, 0.125, 0.125, 0.125, 0.125, 0.125, 0.125], ""batch_size"": [0.125, 0.125, 0.125, 0.125, 0.125, 0.125, 0.125, 0.125], ""dense_units_1"": [0.125, 0.125, 0.125, 0.125, 0.125, 0.125, 0.125, 0.125], ""dense_units_2"": [0.125, 0.125, 0.125, 0.125, 0.125, 0.125, 0.125, 0.125], ""dropout_1"": [0.125, 0.125, 0.125, 0.125, 0.125, 0.125, 0.125, 0.125], ""dropout_2"": [0.125, 0.125, 0.125, 0.125, 0.125, 0.125, 0.125, 0.125], ""loss"": [0.125, 0.125, 0.125, 0.125, 0.125, 0.125, 0.125, 0.125], ""optimizer"": [0.125, 0.125, 0.125, 0.125, 0.125, 0.125, 0.125, 0.125]}",False,False,gelu,pending
paper_conventional-main-ants20-iterations5-epochs5-seed-43,paper_conventional,paper_faithful,iteration_based_paper_interpretation,main,20,5,5,43,1,16,64b7c52a61e56c29,256,128,0.6,0.7,256,softsign,nadam,mean_squared_error,,0.8629999756813049,0.8893749713897705,0.8629999756813049,0.02368091605603695,2,5,7.64277126900015,success,,nonstandard_loss_for_multiclass_sparse_labels,0.0010000000474974513,False,"{""activation"": [0.125, 0.125, 0.125, 0.125, 0.125, 0.125, 0.125, 0.125], ""batch_size"": [0.125, 0.125, 0.125, 0.125, 0.125, 0.125, 0.125, 0.125], ""dense_units_1"": [0.125, 0.125, 0.125, 0.125, 0.125, 0.125, 0.125, 0.125], ""dense_units_2"": [0.125, 0.125, 0.125, 0.125, 0.125, 0.125, 0.125, 0.125], ""dropout_1"": [0.125, 0.125, 0.125, 0.125, 0.125, 0.125, 0.125, 0.125], ""dropout_2"": [0.125, 0.125, 0.125, 0.125, 0.125, 0.125, 0.125, 0.125], ""loss"": [0.125, 0.125, 0.125, 0.125, 0.125, 0.125, 0.125, 0.125], ""optimizer"": [0.125, 0.125, 0.125, 0.125, 0.125, 0.125, 0.125, 0.125]}",False,False,softsign,pending
paper_conventional-main-ants20-iterations5-epochs5-seed-43,paper_conventional,paper_faithful,iteration_based_paper_interpretation,main,20,5,5,43,1,17,da97641c92ced10c,256,2048,0.8,0.6,128,sigmoid,adam,binary_crossentropy,,0.8865000009536743,0.8417500257492065,0.8865000009536743,0.13857562839984894,2,5,6.632181994000348,success,,nonstandard_loss_for_multiclass_sparse_labels,0.0010000000474974513,False,"{""activation"": [0.125, 0.125, 0.125, 0.125, 0.125, 0.125, 0.125, 0.125], ""batch_size"": [0.125, 0.125, 0.125, 0.125, 0.125, 0.125, 0.125, 0.125], ""dense_units_1"": [0.125, 0.125, 0.125, 0.125, 0.125, 0.125, 0.125, 0.125], ""dense_units_2"": [0.125, 0.125, 0.125, 0.125, 0.125, 0.125, 0.125, 0.125], ""dropout_1"": [0.125, 0.125, 0.125, 0.125, 0.125, 0.125, 0.125, 0.125], ""dropout_2"": [0.125, 0.125, 0.125, 0.125, 0.125, 0.125, 0.125, 0.125], ""loss"": [0.125, 0.125, 0.125, 0.125, 0.125, 0.125, 0.125, 0.125], ""optimizer"": [0.125, 0.125, 0.125, 0.125, 0.125, 0.125, 0.125, 0.125]}",False,False,sigmoid,pending
paper_conventional-main-ants20-iterations5-epochs5-seed-43,paper_conventional,paper_faithful,iteration_based_paper_interpretation,main,20,5,5,43,1,18,243658f741b74be0,16,1024,0.2,0.2,128,selu,adam,categorical_crossentropy,,0.9635000228881836,0.9725000262260437,0.9635000228881836,0.2008715122938156,5,5,6.733597389998977,success,,nonstandard_loss_for_multiclass_sparse_labels,0.0010000000474974513,False,"{""activation"": [0.125, 0.125, 0.125, 0.125, 0.125, 0.125, 0.125, 0.125], ""batch_size"": [0.125, 0.125, 0.125, 0.125, 0.125, 0.125, 0.125, 0.125], ""dense_units_1"": [0.125, 0.125, 0.125, 0.125, 0.125, 0.125, 0.125, 0.125], ""dense_units_2"": [0.125, 0.125, 0.125, 0.125, 0.125, 0.125, 0.125, 0.125], ""dropout_1"": [0.125, 0.125, 0.125, 0.125, 0.125, 0.125, 0.125, 0.125], ""dropout_2"": [0.125, 0.125, 0.125, 0.125, 0.125, 0.125, 0.125, 0.125], ""loss"": [0.125, 0.125, 0.125, 0.125, 0.125, 0.125, 0.125, 0.125], ""optimizer"": [0.125, 0.125, 0.125, 0.125, 0.125, 0.125, 0.125, 0.125]}",True,False,selu,pending
paper_conventional-main-ants20-iterations5-epochs5-seed-43,paper_conventional,paper_faithful,iteration_based_paper_interpretation,main,20,5,5,43,1,19,f1fc6a581eefa3f8,2048,256,0.8,0.2,1024,sigmoid,adagrad,categorical_hinge,,0.10000000149011612,0.09337499737739563,0.10000000149011612,1.0226380825042725,1,5,6.064139898999201,success,,nonstandard_loss_for_multiclass_sparse_labels,0.0010000000474974513,False,"{""activation"": [0.125, 0.125, 0.125, 0.125, 0.125, 0.125, 0.125, 0.125], ""batch_size"": [0.125, 0.125, 0.125, 0.125, 0.125, 0.125, 0.125, 0.125], ""dense_units_1"": [0.125, 0.125, 0.125, 0.125, 0.125, 0.125, 0.125, 0.125], ""dense_units_2"": [0.125, 0.125, 0.125, 0.125, 0.125, 0.125, 0.125, 0.125], ""dropout_1"": [0.125, 0.125, 0.125, 0.125, 0.125, 0.125, 0.125, 0.125], ""dropout_2"": [0.125, 0.125, 0.125, 0.125, 0.125, 0.125, 0.125, 0.125], ""loss"": [0.125, 0.125, 0.125, 0.125, 0.125, 0.125, 0.125, 0.125], ""optimizer"": [0.125, 0.125, 0.125, 0.125, 0.125, 0.125, 0.125, 0.125]}",False,False,sigmoid,pending
paper_conventional-main-ants20-iterations5-epochs5-seed-43,paper_conventional,paper_faithful,iteration_based_paper_interpretation,main,20,5,5,43,1,20,48f9416de63e0112,32,16,0.6,0.4,256,selu,ftrl,squared_hinge,,0.10000000149011612,0.08962500095367432,0.10000000149011612,1.1700000762939453,1,5,6.2184122020007635,success,,nonstandard_loss_for_multiclass_sparse_labels,0.0010000000474974513,False,"{""activation"": [0.125, 0.125, 0.125, 0.125, 0.125, 0.125, 0.125, 0.125], ""batch_size"": [0.125, 0.125, 0.125, 0.125, 0.125, 0.125, 0.125, 0.125], ""dense_units_1"": [0.125, 0.125, 0.125, 0.125, 0.125, 0.125, 0.125, 0.125], ""dense_units_2"": [0.125, 0.125, 0.125, 0.125, 0.125, 0.125, 0.125, 0.125], ""dropout_1"": [0.125, 0.125, 0.125, 0.125, 0.125, 0.125, 0.125, 0.125], ""dropout_2"": [0.125, 0.125, 0.125, 0.125, 0.125, 0.125, 0.125, 0.125], ""loss"": [0.125, 0.125, 0.125, 0.125, 0.125, 0.125, 0.125, 0.125], ""optimizer"": [0.125, 0.125, 0.125, 0.125, 0.125, 0.125, 0.125, 0.125]}",False,False,selu,pending
paper_conventional-main-ants20-iterations5-epochs5-seed-43,paper_conventional,paper_faithful,iteration_based_paper_interpretation,main,20,5,5,43,2,1,36d1f9cae765002f,1024,2048,0.8,0.4,64,gelu,sgd,categorical_hinge,,0.4490000009536743,0.7960000038146973,0.4490000009536743,1.003344178199768,5,5,6.779967577000207,success,,nonstandard_loss_for_multiclass_sparse_labels,0.009999999776482582,False,"{""activation"": [0.078125, 0.171875, 0.171875, 0.140625, 0.109375, 0.140625, 0.078125, 0.109375], ""batch_size"": [0.046875, 0.078125, 0.140625, 0.140625, 0.203125, 0.078125, 0.203125, 0.109375], ""dense_units_1"": [0.109375, 0.078125, 0.109375, 0.234375, 0.109375, 0.171875, 0.046875, 0.140625], ""dense_units_2"": [0.203125, 0.109375, 0.078125, 0.171875, 0.140625, 0.078125, 0.078125, 0.140625], ""dropout_1"": [0.109375, 0.109375, 0.078125, 0.046875, 0.140625, 0.171875, 0.109375, 0.234375], ""dropout_2"": [0.109375, 0.140625, 0.046875, 0.109375, 0.078125, 0.171875, 0.234375, 0.109375], ""loss"": [0.109375, 0.078125, 0.171875, 0.109375, 0.140625, 0.109375, 0.140625, 0.140625], ""optimizer"": [0.171875, 0.078125, 0.171875, 0.109375, 0.203125, 0.046875, 0.109375, 0.109375]}",False,False,gelu,pending
paper_conventional-main-ants20-iterations5-epochs5-seed-43,paper_conventional,paper_faithful,iteration_based_paper_interpretation,main,20,5,5,43,2,2,9c00dbda35091a62,64,16,0.5,0.4,32,linear,sgd,categorical_crossentropy,,0.9490000009536743,0.9286249876022339,0.9490000009536743,0.17844025790691376,4,5,11.91865770000004,success,,nonstandard_loss_for_multiclass_sparse_labels,0.009999999776482582,False,"{""activation"": [0.078125, 0.171875, 0.171875, 0.140625, 0.109375, 0.140625, 0.078125, 0.109375], ""batch_size"": [0.046875, 0.078125, 0.140625, 0.140625, 0.203125, 0.078125, 0.203125, 0.109375], ""dense_units_1"": [0.109375, 0.078125, 0.109375, 0.234375, 0.109375, 0.171875, 0.046875, 0.140625], ""dense_units_2"": [0.203125, 0.109375, 0.078125, 0.171875, 0.140625, 0.078125, 0.078125, 0.140625], ""dropout_1"": [0.109375, 0.109375, 0.078125, 0.046875, 0.140625, 0.171875, 0.109375, 0.234375], ""dropout_2"": [0.109375, 0.140625, 0.046875, 0.109375, 0.078125, 0.171875, 0.234375, 0.109375], ""loss"": [0.109375, 0.078125, 0.171875, 0.109375, 0.140625, 0.109375, 0.140625, 0.140625], ""optimizer"": [0.171875, 0.078125, 0.171875, 0.109375, 0.203125, 0.046875, 0.109375, 0.109375]}",False,False,linier,pending
paper_conventional-main-ants20-iterations5-epochs5-seed-43,paper_conventional,paper_faithful,iteration_based_paper_interpretation,main,20,5,5,43,2,3,9dd5b03e050ca8d0,64,16,0.6,0.7,512,softplus,ftrl,mean_absolute_error,,0.10000000149011612,0.09925000369548798,0.10000000149011612,0.18000002205371857,1,5,6.339292640999702,success,,nonstandard_loss_for_multiclass_sparse_labels,0.0010000000474974513,False,"{""activation"": [0.078125, 0.171875, 0.171875, 0.140625, 0.109375, 0.140625, 0.078125, 0.109375], ""batch_size"": [0.046875, 0.078125, 0.140625, 0.140625, 0.203125, 0.078125, 0.203125, 0.109375], ""dense_units_1"": [0.109375, 0.078125, 0.109375, 0.234375, 0.109375, 0.171875, 0.046875, 0.140625], ""dense_units_2"": [0.203125, 0.109375, 0.078125, 0.171875, 0.140625, 0.078125, 0.078125, 0.140625], ""dropout_1"": [0.109375, 0.109375, 0.078125, 0.046875, 0.140625, 0.171875, 0.109375, 0.234375], ""dropout_2"": [0.109375, 0.140625, 0.046875, 0.109375, 0.078125, 0.171875, 0.234375, 0.109375], ""loss"": [0.109375, 0.078125, 0.171875, 0.109375, 0.140625, 0.109375, 0.140625, 0.140625], ""optimizer"": [0.171875, 0.078125, 0.171875, 0.109375, 0.203125, 0.046875, 0.109375, 0.109375]}",False,False,softplus,pending
paper_conventional-main-ants20-iterations5-epochs5-seed-43,paper_conventional,paper_faithful,iteration_based_paper_interpretation,main,20,5,5,43,2,4,37e54cffdf163109,16,128,0.2,0.2,64,softplus,sgd,mean_squared_error,,0.26350000500679016,0.18250000476837158,0.26350000500679016,0.08971332758665085,5,5,6.417263697001545,success,,nonstandard_loss_for_multiclass_sparse_labels,0.009999999776482582,False,"{""activation"": [0.078125, 0.171875, 0.171875, 0.140625, 0.109375, 0.140625, 0.078125, 0.109375], ""batch_size"": [0.046875, 0.078125, 0.140625, 0.140625, 0.203125, 0.078125, 0.203125, 0.109375], ""dense_units_1"": [0.109375, 0.078125, 0.109375, 0.234375, 0.109375, 0.171875, 0.046875, 0.140625], ""dense_units_2"": [0.203125, 0.109375, 0.078125, 0.171875, 0.140625, 0.078125, 0.078125, 0.140625], ""dropout_1"": [0.109375, 0.109375, 0.078125, 0.046875, 0.140625, 0.171875, 0.109375, 0.234375], ""dropout_2"": [0.109375, 0.140625, 0.046875, 0.109375, 0.078125, 0.171875, 0.234375, 0.109375], ""loss"": [0.109375, 0.078125, 0.171875, 0.109375, 0.140625, 0.109375, 0.140625, 0.140625], ""optimizer"": [0.171875, 0.078125, 0.171875, 0.109375, 0.203125, 0.046875, 0.109375, 0.109375]}",False,False,softplus,pending
paper_conventional-main-ants20-iterations5-epochs5-seed-43,paper_conventional,paper_faithful,iteration_based_paper_interpretation,main,20,5,5,43,2,5,5eb3025ae7271d40,2048,256,0.8,0.8,256,sigmoid,adam,categorical_hinge,,0.7770000100135803,0.7590000033378601,0.7770000100135803,0.5372790098190308,2,5,8.809876572999201,success,,nonstandard_loss_for_multiclass_sparse_labels,0.0010000000474974513,False,"{""activation"": [0.078125, 0.171875, 0.171875, 0.140625, 0.109375, 0.140625, 0.078125, 0.109375], ""batch_size"": [0.046875, 0.078125, 0.140625, 0.140625, 0.203125, 0.078125, 0.203125, 0.109375], ""dense_units_1"": [0.109375, 0.078125, 0.109375, 0.234375, 0.109375, 0.171875, 0.046875, 0.140625], ""dense_units_2"": [0.203125, 0.109375, 0.078125, 0.171875, 0.140625, 0.078125, 0.078125, 0.140625], ""dropout_1"": [0.109375, 0.109375, 0.078125, 0.046875, 0.140625, 0.171875, 0.109375, 0.234375], ""dropout_2"": [0.109375, 0.140625, 0.046875, 0.109375, 0.078125, 0.171875, 0.234375, 0.109375], ""loss"": [0.109375, 0.078125, 0.171875, 0.109375, 0.140625, 0.109375, 0.140625, 0.140625], ""optimizer"": [0.171875, 0.078125, 0.171875, 0.109375, 0.203125, 0.046875, 0.109375, 0.109375]}",False,False,sigmoid,pending
paper_conventional-main-ants20-iterations5-epochs5-seed-43,paper_conventional,paper_faithful,iteration_based_paper_interpretation,main,20,5,5,43,2,6,781e0cb7b273ff00,256,128,0.7,0.1,1024,selu,adagrad,squared_hinge,,0.28200000524520874,0.21062499284744263,0.28200000524520874,1.1617969274520874,2,5,5.523778979999406,success,,nonstandard_loss_for_multiclass_sparse_labels,0.0010000000474974513,False,"{""activation"": [0.078125, 0.171875, 0.171875, 0.140625, 0.109375, 0.140625, 0.078125, 0.109375], ""batch_size"": [0.046875, 0.078125, 0.140625, 0.140625, 0.203125, 0.078125, 0.203125, 0.109375], ""dense_units_1"": [0.109375, 0.078125, 0.109375, 0.234375, 0.109375, 0.171875, 0.046875, 0.140625], ""dense_units_2"": [0.203125, 0.109375, 0.078125, 0.171875, 0.140625, 0.078125, 0.078125, 0.140625], ""dropout_1"": [0.109375, 0.109375, 0.078125, 0.046875, 0.140625, 0.171875, 0.109375, 0.234375], ""dropout_2"": [0.109375, 0.140625, 0.046875, 0.109375, 0.078125, 0.171875, 0.234375, 0.109375], ""loss"": [0.109375, 0.078125, 0.171875, 0.109375, 0.140625, 0.109375, 0.140625, 0.140625], ""optimizer"": [0.171875, 0.078125, 0.171875, 0.109375, 0.203125, 0.046875, 0.109375, 0.109375]}",False,False,selu,pending
paper_conventional-main-ants20-iterations5-epochs5-seed-43,paper_conventional,paper_faithful,iteration_based_paper_interpretation,main,20,5,5,43,2,7,0bba08338d7aa378,256,128,0.6,0.1,512,linear,adadelta,categorical_crossentropy,,0.2685000002384186,0.33512499928474426,0.2685000002384186,2.0691096782684326,5,5,6.334283743000924,success,,nonstandard_loss_for_multiclass_sparse_labels,0.0010000000474974513,False,"{""activation"": [0.078125, 0.171875, 0.171875, 0.140625, 0.109375, 0.140625, 0.078125, 0.109375], ""batch_size"": [0.046875, 0.078125, 0.140625, 0.140625, 0.203125, 0.078125, 0.203125, 0.109375], ""dense_units_1"": [0.109375, 0.078125, 0.109375, 0.234375, 0.109375, 0.171875, 0.046875, 0.140625], ""dense_units_2"": [0.203125, 0.109375, 0.078125, 0.171875, 0.140625, 0.078125, 0.078125, 0.140625], ""dropout_1"": [0.109375, 0.109375, 0.078125, 0.046875, 0.140625, 0.171875, 0.109375, 0.234375], ""dropout_2"": [0.109375, 0.140625, 0.046875, 0.109375, 0.078125, 0.171875, 0.234375, 0.109375], ""loss"": [0.109375, 0.078125, 0.171875, 0.109375, 0.140625, 0.109375, 0.140625, 0.140625], ""optimizer"": [0.171875, 0.078125, 0.171875, 0.109375, 0.203125, 0.046875, 0.109375, 0.109375]}",False,False,linier,pending
paper_conventional-main-ants20-iterations5-epochs5-seed-43,paper_conventional,paper_faithful,iteration_based_paper_interpretation,main,20,5,5,43,2,8,70e9f79d78b7e754,256,128,0.2,0.5,64,gelu,adadelta,categorical_hinge,,0.1860000044107437,0.14824999868869781,0.1860000044107437,1.0283286571502686,5,5,9.424972460999925,success,,nonstandard_loss_for_multiclass_sparse_labels,0.0010000000474974513,False,"{""activation"": [0.078125, 0.171875, 0.171875, 0.140625, 0.109375, 0.140625, 0.078125, 0.109375], ""batch_size"": [0.046875, 0.078125, 0.140625, 0.140625, 0.203125, 0.078125, 0.203125, 0.109375], ""dense_units_1"": [0.109375, 0.078125, 0.109375, 0.234375, 0.109375, 0.171875, 0.046875, 0.140625], ""dense_units_2"": [0.203125, 0.109375, 0.078125, 0.171875, 0.140625, 0.078125, 0.078125, 0.140625], ""dropout_1"": [0.109375, 0.109375, 0.078125, 0.046875, 0.140625, 0.171875, 0.109375, 0.234375], ""dropout_2"": [0.109375, 0.140625, 0.046875, 0.109375, 0.078125, 0.171875, 0.234375, 0.109375], ""loss"": [0.109375, 0.078125, 0.171875, 0.109375, 0.140625, 0.109375, 0.140625, 0.140625], ""optimizer"": [0.171875, 0.078125, 0.171875, 0.109375, 0.203125, 0.046875, 0.109375, 0.109375]}",False,False,gelu,pending
paper_conventional-main-ants20-iterations5-epochs5-seed-43,paper_conventional,paper_faithful,iteration_based_paper_interpretation,main,20,5,5,43,2,9,14e885788ca9fa64,32,16,0.8,0.5,1024,sigmoid,rmsprop,cosine_similarity,,0.7670000195503235,0.6086249947547913,0.7670000195503235,-0.5423408150672913,3,5,5.917912799000987,success,,nonstandard_loss_for_multiclass_sparse_labels,0.0010000000474974513,False,"{""activation"": [0.078125, 0.171875, 0.171875, 0.140625, 0.109375, 0.140625, 0.078125, 0.109375], ""batch_size"": [0.046875, 0.078125, 0.140625, 0.140625, 0.203125, 0.078125, 0.203125, 0.109375], ""dense_units_1"": [0.109375, 0.078125, 0.109375, 0.234375, 0.109375, 0.171875, 0.046875, 0.140625], ""dense_units_2"": [0.203125, 0.109375, 0.078125, 0.171875, 0.140625, 0.078125, 0.078125, 0.140625], ""dropout_1"": [0.109375, 0.109375, 0.078125, 0.046875, 0.140625, 0.171875, 0.109375, 0.234375], ""dropout_2"": [0.109375, 0.140625, 0.046875, 0.109375, 0.078125, 0.171875, 0.234375, 0.109375], ""loss"": [0.109375, 0.078125, 0.171875, 0.109375, 0.140625, 0.109375, 0.140625, 0.140625], ""optimizer"": [0.171875, 0.078125, 0.171875, 0.109375, 0.203125, 0.046875, 0.109375, 0.109375]}",False,False,sigmoid,pending
paper_conventional-main-ants20-iterations5-epochs5-seed-43,paper_conventional,paper_faithful,iteration_based_paper_interpretation,main,20,5,5,43,2,10,d20400ac221bf073,32,128,0.3,0.4,32,selu,adam,binary_crossentropy,,0.9769999980926514,0.9610000252723694,0.9769999980926514,0.014267082326114178,4,5,18.509105811001064,success,,nonstandard_loss_for_multiclass_sparse_labels,0.0010000000474974513,False,"{""activation"": [0.078125, 0.171875, 0.171875, 0.140625, 0.109375, 0.140625, 0.078125, 0.109375], ""batch_size"": [0.046875, 0.078125, 0.140625, 0.140625, 0.203125, 0.078125, 0.203125, 0.109375], ""dense_units_1"": [0.109375, 0.078125, 0.109375, 0.234375, 0.109375, 0.171875, 0.046875, 0.140625], ""dense_units_2"": [0.203125, 0.109375, 0.078125, 0.171875, 0.140625, 0.078125, 0.078125, 0.140625], ""dropout_1"": [0.109375, 0.109375, 0.078125, 0.046875, 0.140625, 0.171875, 0.109375, 0.234375], ""dropout_2"": [0.109375, 0.140625, 0.046875, 0.109375, 0.078125, 0.171875, 0.234375, 0.109375], ""loss"": [0.109375, 0.078125, 0.171875, 0.109375, 0.140625, 0.109375, 0.140625, 0.140625], ""optimizer"": [0.171875, 0.078125, 0.171875, 0.109375, 0.203125, 0.046875, 0.109375, 0.109375]}",True,True,selu,pending
paper_conventional-main-ants20-iterations5-epochs5-seed-43,paper_conventional,paper_faithful,iteration_based_paper_interpretation,main,20,5,5,43,2,11,2932db0ef5c41494,256,2048,0.8,0.6,1024,softplus,adam,binary_crossentropy,,0.8119999766349792,0.9322500228881836,0.8119999766349792,0.13328495621681213,5,5,6.792516904999502,success,,nonstandard_loss_for_multiclass_sparse_labels,0.0010000000474974513,False,"{""activation"": [0.078125, 0.171875, 0.171875, 0.140625, 0.109375, 0.140625, 0.078125, 0.109375], ""batch_size"": [0.046875, 0.078125, 0.140625, 0.140625, 0.203125, 0.078125, 0.203125, 0.109375], ""dense_units_1"": [0.109375, 0.078125, 0.109375, 0.234375, 0.109375, 0.171875, 0.046875, 0.140625], ""dense_units_2"": [0.203125, 0.109375, 0.078125, 0.171875, 0.140625, 0.078125, 0.078125, 0.140625], ""dropout_1"": [0.109375, 0.109375, 0.078125, 0.046875, 0.140625, 0.171875, 0.109375, 0.234375], ""dropout_2"": [0.109375, 0.140625, 0.046875, 0.109375, 0.078125, 0.171875, 0.234375, 0.109375], ""loss"": [0.109375, 0.078125, 0.171875, 0.109375, 0.140625, 0.109375, 0.140625, 0.140625], ""optimizer"": [0.171875, 0.078125, 0.171875, 0.109375, 0.203125, 0.046875, 0.109375, 0.109375]}",False,False,softplus,pending
paper_conventional-main-ants20-iterations5-epochs5-seed-43,paper_conventional,paper_faithful,iteration_based_paper_interpretation,main,20,5,5,43,2,12,7a6bf242156141e9,16,64,0.6,0.4,256,softsign,sgd,categorical_hinge,,0.351500004529953,0.3402499854564667,0.351500004529953,1.0062298774719238,5,5,5.0251245879990165,success,,nonstandard_loss_for_multiclass_sparse_labels,0.009999999776482582,False,"{""activation"": [0.078125, 0.171875, 0.171875, 0.140625, 0.109375, 0.140625, 0.078125, 0.109375], ""batch_size"": [0.046875, 0.078125, 0.140625, 0.140625, 0.203125, 0.078125, 0.203125, 0.109375], ""dense_units_1"": [0.109375, 0.078125, 0.109375, 0.234375, 0.109375, 0.171875, 0.046875, 0.140625], ""dense_units_2"": [0.203125, 0.109375, 0.078125, 0.171875, 0.140625, 0.078125, 0.078125, 0.140625], ""dropout_1"": [0.109375, 0.109375, 0.078125, 0.046875, 0.140625, 0.171875, 0.109375, 0.234375], ""dropout_2"": [0.109375, 0.140625, 0.046875, 0.109375, 0.078125, 0.171875, 0.234375, 0.109375], ""loss"": [0.109375, 0.078125, 0.171875, 0.109375, 0.140625, 0.109375, 0.140625, 0.140625], ""optimizer"": [0.171875, 0.078125, 0.171875, 0.109375, 0.203125, 0.046875, 0.109375, 0.109375]}",False,False,softsign,pending
paper_conventional-main-ants20-iterations5-epochs5-seed-43,paper_conventional,paper_faithful,iteration_based_paper_interpretation,main,20,5,5,43,2,13,88e59e58a416f57a,128,32,0.6,0.6,256,selu,sgd,categorical_crossentropy,,0.8855000138282776,0.8538749814033508,0.8855000138282776,1.0094947814941406,4,5,4.8472764779999125,success,,nonstandard_loss_for_multiclass_sparse_labels,0.009999999776482582,False,"{""activation"": [0.078125, 0.171875, 0.171875, 0.140625, 0.109375, 0.140625, 0.078125, 0.109375], ""batch_size"": [0.046875, 0.078125, 0.140625, 0.140625, 0.203125, 0.078125, 0.203125, 0.109375], ""dense_units_1"": [0.109375, 0.078125, 0.109375, 0.234375, 0.109375, 0.171875, 0.046875, 0.140625], ""dense_units_2"": [0.203125, 0.109375, 0.078125, 0.171875, 0.140625, 0.078125, 0.078125, 0.140625], ""dropout_1"": [0.109375, 0.109375, 0.078125, 0.046875, 0.140625, 0.171875, 0.109375, 0.234375], ""dropout_2"": [0.109375, 0.140625, 0.046875, 0.109375, 0.078125, 0.171875, 0.234375, 0.109375], ""loss"": [0.109375, 0.078125, 0.171875, 0.109375, 0.140625, 0.109375, 0.140625, 0.140625], ""optimizer"": [0.171875, 0.078125, 0.171875, 0.109375, 0.203125, 0.046875, 0.109375, 0.109375]}",False,False,selu,pending
paper_conventional-main-ants20-iterations5-epochs5-seed-43,paper_conventional,paper_faithful,iteration_based_paper_interpretation,main,20,5,5,43,2,14,6a7fc40e24d042a1,2048,256,0.2,0.2,256,tanh,nadam,binary_crossentropy,,0.9729999899864197,0.9965000152587891,0.9729999899864197,0.17186568677425385,5,5,10.0582673480003,success,,nonstandard_loss_for_multiclass_sparse_labels,0.0010000000474974513,False,"{""activation"": [0.078125, 0.171875, 0.171875, 0.140625, 0.109375, 0.140625, 0.078125, 0.109375], ""batch_size"": [0.046875, 0.078125, 0.140625, 0.140625, 0.203125, 0.078125, 0.203125, 0.109375], ""dense_units_1"": [0.109375, 0.078125, 0.109375, 0.234375, 0.109375, 0.171875, 0.046875, 0.140625], ""dense_units_2"": [0.203125, 0.109375, 0.078125, 0.171875, 0.140625, 0.078125, 0.078125, 0.140625], ""dropout_1"": [0.109375, 0.109375, 0.078125, 0.046875, 0.140625, 0.171875, 0.109375, 0.234375], ""dropout_2"": [0.109375, 0.140625, 0.046875, 0.109375, 0.078125, 0.171875, 0.234375, 0.109375], ""loss"": [0.109375, 0.078125, 0.171875, 0.109375, 0.140625, 0.109375, 0.140625, 0.140625], ""optimizer"": [0.171875, 0.078125, 0.171875, 0.109375, 0.203125, 0.046875, 0.109375, 0.109375]}",False,False,tanh,pending
paper_conventional-main-ants20-iterations5-epochs5-seed-43,paper_conventional,paper_faithful,iteration_based_paper_interpretation,main,20,5,5,43,2,15,111bb1e6939c8e2f,512,2048,0.5,0.7,64,softplus,sgd,mean_absolute_error,,0.1599999964237213,0.226500004529953,0.1599999964237213,0.1692025363445282,5,5,6.503002894000019,success,,nonstandard_loss_for_multiclass_sparse_labels,0.009999999776482582,False,"{""activation"": [0.078125, 0.171875, 0.171875, 0.140625, 0.109375, 0.140625, 0.078125, 0.109375], ""batch_size"": [0.046875, 0.078125, 0.140625, 0.140625, 0.203125, 0.078125, 0.203125, 0.109375], ""dense_units_1"": [0.109375, 0.078125, 0.109375, 0.234375, 0.109375, 0.171875, 0.046875, 0.140625], ""dense_units_2"": [0.203125, 0.109375, 0.078125, 0.171875, 0.140625, 0.078125, 0.078125, 0.140625], ""dropout_1"": [0.109375, 0.109375, 0.078125, 0.046875, 0.140625, 0.171875, 0.109375, 0.234375], ""dropout_2"": [0.109375, 0.140625, 0.046875, 0.109375, 0.078125, 0.171875, 0.234375, 0.109375], ""loss"": [0.109375, 0.078125, 0.171875, 0.109375, 0.140625, 0.109375, 0.140625, 0.140625], ""optimizer"": [0.171875, 0.078125, 0.171875, 0.109375, 0.203125, 0.046875, 0.109375, 0.109375]}",False,False,softplus,pending
paper_conventional-main-ants20-iterations5-epochs5-seed-43,paper_conventional,paper_faithful,iteration_based_paper_interpretation,main,20,5,5,43,2,16,593c36920340c7ad,64,512,0.6,0.7,128,softplus,sgd,binary_crossentropy,,0.2840000092983246,0.1577499955892563,0.2840000092983246,0.3229893743991852,4,5,4.979045239000698,success,,nonstandard_loss_for_multiclass_sparse_labels,0.009999999776482582,False,"{""activation"": [0.078125, 0.171875, 0.171875, 0.140625, 0.109375, 0.140625, 0.078125, 0.109375], ""batch_size"": [0.046875, 0.078125, 0.140625, 0.140625, 0.203125, 0.078125, 0.203125, 0.109375], ""dense_units_1"": [0.109375, 0.078125, 0.109375, 0.234375, 0.109375, 0.171875, 0.046875, 0.140625], ""dense_units_2"": [0.203125, 0.109375, 0.078125, 0.171875, 0.140625, 0.078125, 0.078125, 0.140625], ""dropout_1"": [0.109375, 0.109375, 0.078125, 0.046875, 0.140625, 0.171875, 0.109375, 0.234375], ""dropout_2"": [0.109375, 0.140625, 0.046875, 0.109375, 0.078125, 0.171875, 0.234375, 0.109375], ""loss"": [0.109375, 0.078125, 0.171875, 0.109375, 0.140625, 0.109375, 0.140625, 0.140625], ""optimizer"": [0.171875, 0.078125, 0.171875, 0.109375, 0.203125, 0.046875, 0.109375, 0.109375]}",False,False,softplus,pending
paper_conventional-main-ants20-iterations5-epochs5-seed-43,paper_conventional,paper_faithful,iteration_based_paper_interpretation,main,20,5,5,43,2,17,46c4e0a870044a97,512,2048,0.2,0.1,32,relu,adadelta,categorical_hinge,,0.5429999828338623,0.4753749966621399,0.5429999828338623,0.9749308228492737,5,5,15.862040637000973,success,,nonstandard_loss_for_multiclass_sparse_labels,0.0010000000474974513,False,"{""activation"": [0.078125, 0.171875, 0.171875, 0.140625, 0.109375, 0.140625, 0.078125, 0.109375], ""batch_size"": [0.046875, 0.078125, 0.140625, 0.140625, 0.203125, 0.078125, 0.203125, 0.109375], ""dense_units_1"": [0.109375, 0.078125, 0.109375, 0.234375, 0.109375, 0.171875, 0.046875, 0.140625], ""dense_units_2"": [0.203125, 0.109375, 0.078125, 0.171875, 0.140625, 0.078125, 0.078125, 0.140625], ""dropout_1"": [0.109375, 0.109375, 0.078125, 0.046875, 0.140625, 0.171875, 0.109375, 0.234375], ""dropout_2"": [0.109375, 0.140625, 0.046875, 0.109375, 0.078125, 0.171875, 0.234375, 0.109375], ""loss"": [0.109375, 0.078125, 0.171875, 0.109375, 0.140625, 0.109375, 0.140625, 0.140625], ""optimizer"": [0.171875, 0.078125, 0.171875, 0.109375, 0.203125, 0.046875, 0.109375, 0.109375]}",False,False,relu,pending
paper_conventional-main-ants20-iterations5-epochs5-seed-43,paper_conventional,paper_faithful,iteration_based_paper_interpretation,main,20,5,5,43,2,18,e3bb67febed87c3f,128,128,0.8,0.8,32,softplus,nadam,categorical_hinge,,0.6044999957084656,0.7365000247955322,0.6044999957084656,0.7801768183708191,5,5,21.553979606000212,success,,nonstandard_loss_for_multiclass_sparse_labels,0.0010000000474974513,False,"{""activation"": [0.078125, 0.171875, 0.171875, 0.140625, 0.109375, 0.140625, 0.078125, 0.109375], ""batch_size"": [0.046875, 0.078125, 0.140625, 0.140625, 0.203125, 0.078125, 0.203125, 0.109375], ""dense_units_1"": [0.109375, 0.078125, 0.109375, 0.234375, 0.109375, 0.171875, 0.046875, 0.140625], ""dense_units_2"": [0.203125, 0.109375, 0.078125, 0.171875, 0.140625, 0.078125, 0.078125, 0.140625], ""dropout_1"": [0.109375, 0.109375, 0.078125, 0.046875, 0.140625, 0.171875, 0.109375, 0.234375], ""dropout_2"": [0.109375, 0.140625, 0.046875, 0.109375, 0.078125, 0.171875, 0.234375, 0.109375], ""loss"": [0.109375, 0.078125, 0.171875, 0.109375, 0.140625, 0.109375, 0.140625, 0.140625], ""optimizer"": [0.171875, 0.078125, 0.171875, 0.109375, 0.203125, 0.046875, 0.109375, 0.109375]}",False,False,softplus,pending
paper_conventional-main-ants20-iterations5-epochs5-seed-43,paper_conventional,paper_faithful,iteration_based_paper_interpretation,main,20,5,5,43,2,19,01aa6e2989d4aed0,2048,1024,0.5,0.6,1024,selu,adagrad,sparse_categorical_crossentropy,,0.8659999966621399,0.7315000295639038,0.8659999966621399,1.2304104566574097,2,5,6.177836498000033,success,,,0.0010000000474974513,False,"{""activation"": [0.078125, 0.171875, 0.171875, 0.140625, 0.109375, 0.140625, 0.078125, 0.109375], ""batch_size"": [0.046875, 0.078125, 0.140625, 0.140625, 0.203125, 0.078125, 0.203125, 0.109375], ""dense_units_1"": [0.109375, 0.078125, 0.109375, 0.234375, 0.109375, 0.171875, 0.046875, 0.140625], ""dense_units_2"": [0.203125, 0.109375, 0.078125, 0.171875, 0.140625, 0.078125, 0.078125, 0.140625], ""dropout_1"": [0.109375, 0.109375, 0.078125, 0.046875, 0.140625, 0.171875, 0.109375, 0.234375], ""dropout_2"": [0.109375, 0.140625, 0.046875, 0.109375, 0.078125, 0.171875, 0.234375, 0.109375], ""loss"": [0.109375, 0.078125, 0.171875, 0.109375, 0.140625, 0.109375, 0.140625, 0.140625], ""optimizer"": [0.171875, 0.078125, 0.171875, 0.109375, 0.203125, 0.046875, 0.109375, 0.109375]}",False,False,selu,pending
paper_conventional-main-ants20-iterations5-epochs5-seed-43,paper_conventional,paper_faithful,iteration_based_paper_interpretation,main,20,5,5,43,2,20,74b9bb8a1e894dd0,2048,64,0.1,0.6,256,tanh,ftrl,sparse_categorical_crossentropy,,0.10000000149011612,0.09462500363588333,0.10000000149011612,2.3025848865509033,1,5,8.253122178999547,success,,,0.0010000000474974513,False,"{""activation"": [0.078125, 0.171875, 0.171875, 0.140625, 0.109375, 0.140625, 0.078125, 0.109375], ""batch_size"": [0.046875, 0.078125, 0.140625, 0.140625, 0.203125, 0.078125, 0.203125, 0.109375], ""dense_units_1"": [0.109375, 0.078125, 0.109375, 0.234375, 0.109375, 0.171875, 0.046875, 0.140625], ""dense_units_2"": [0.203125, 0.109375, 0.078125, 0.171875, 0.140625, 0.078125, 0.078125, 0.140625], ""dropout_1"": [0.109375, 0.109375, 0.078125, 0.046875, 0.140625, 0.171875, 0.109375, 0.234375], ""dropout_2"": [0.109375, 0.140625, 0.046875, 0.109375, 0.078125, 0.171875, 0.234375, 0.109375], ""loss"": [0.109375, 0.078125, 0.171875, 0.109375, 0.140625, 0.109375, 0.140625, 0.140625], ""optimizer"": [0.171875, 0.078125, 0.171875, 0.109375, 0.203125, 0.046875, 0.109375, 0.109375]}",False,False,tanh,pending
paper_conventional-main-ants20-iterations5-epochs5-seed-43,paper_conventional,paper_faithful,iteration_based_paper_interpretation,main,20,5,5,43,3,1,82cffe147cc3c886,2048,512,0.3,0.6,1024,softplus,adagrad,categorical_hinge,,0.2944999933242798,0.37837499380111694,0.2944999933242798,1.01821768283844,5,5,5.95140747699952,success,,nonstandard_loss_for_multiclass_sparse_labels,0.0010000000474974513,False,"{""activation"": [0.06534090909090909, 0.13920454545454544, 0.23011363636363635, 0.09943181818181818, 0.10511363636363637, 0.16761363636363635, 0.08806818181818182, 0.10511363636363637], ""batch_size"": [0.02556818181818182, 0.13352272727272727, 0.16761363636363635, 0.09943181818181818, 0.22443181818181818, 0.08806818181818182, 0.20170454545454544, 0.05965909090909091], ""dense_units_1"": [0.10511363636363637, 0.08806818181818182, 0.1278409090909091, 0.17329545454545456, 0.15056818181818182, 0.13920454545454544, 0.048295454545454544, 0.16761363636363635], ""dense_units_2"": [0.17897727272727273, 0.08238636363636363, 0.08806818181818182, 0.23011363636363635, 0.12215909090909091, 0.06534090909090909, 0.06534090909090909, 0.16761363636363635], ""dropout_1"": [0.08238636363636363, 0.15056818181818182, 0.06534090909090909, 0.02556818181818182, 0.14488636363636365, 0.20738636363636365, 0.08238636363636363, 0.24147727272727273], ""dropout_2"": [0.1278409090909091, 0.12215909090909091, 0.02556818181818182, 0.15056818181818182, 0.08806818181818182, 0.1846590909090909, 0.19602272727272727, 0.10511363636363637], ""loss"": [0.10511363636363637, 0.11079545454545454, 0.1846590909090909, 0.10511363636363637, 0.09943181818181818, 0.08238636363636363, 0.21306818181818182, 0.09943181818181818], ""optimizer"": [0.16193181818181818, 0.06534090909090909, 0.2528409090909091, 0.1278409090909091, 0.15625, 0.02556818181818182, 0.10511363636363637, 0.10511363636363637]}",False,False,softplus,pending
paper_conventional-main-ants20-iterations5-epochs5-seed-43,paper_conventional,paper_faithful,iteration_based_paper_interpretation,main,20,5,5,43,3,2,e42d0c9e475a9276,1024,128,0.6,0.6,256,sigmoid,sgd,mean_absolute_error,,0.10000000149011612,0.10599999874830246,0.10000000149011612,0.1799098253250122,5,5,4.622545959999115,success,,nonstandard_loss_for_multiclass_sparse_labels,0.009999999776482582,False,"{""activation"": [0.06534090909090909, 0.13920454545454544, 0.23011363636363635, 0.09943181818181818, 0.10511363636363637, 0.16761363636363635, 0.08806818181818182, 0.10511363636363637], ""batch_size"": [0.02556818181818182, 0.13352272727272727, 0.16761363636363635, 0.09943181818181818, 0.22443181818181818, 0.08806818181818182, 0.20170454545454544, 0.05965909090909091], ""dense_units_1"": [0.10511363636363637, 0.08806818181818182, 0.1278409090909091, 0.17329545454545456, 0.15056818181818182, 0.13920454545454544, 0.048295454545454544, 0.16761363636363635], ""dense_units_2"": [0.17897727272727273, 0.08238636363636363, 0.08806818181818182, 0.23011363636363635, 0.12215909090909091, 0.06534090909090909, 0.06534090909090909, 0.16761363636363635], ""dropout_1"": [0.08238636363636363, 0.15056818181818182, 0.06534090909090909, 0.02556818181818182, 0.14488636363636365, 0.20738636363636365, 0.08238636363636363, 0.24147727272727273], ""dropout_2"": [0.1278409090909091, 0.12215909090909091, 0.02556818181818182, 0.15056818181818182, 0.08806818181818182, 0.1846590909090909, 0.19602272727272727, 0.10511363636363637], ""loss"": [0.10511363636363637, 0.11079545454545454, 0.1846590909090909, 0.10511363636363637, 0.09943181818181818, 0.08238636363636363, 0.21306818181818182, 0.09943181818181818], ""optimizer"": [0.16193181818181818, 0.06534090909090909, 0.2528409090909091, 0.1278409090909091, 0.15625, 0.02556818181818182, 0.10511363636363637, 0.10511363636363637]}",False,False,sigmoid,pending
paper_conventional-main-ants20-iterations5-epochs5-seed-43,paper_conventional,paper_faithful,iteration_based_paper_interpretation,main,20,5,5,43,3,3,c0d6b67f5de9d25c,64,16,0.6,0.6,1024,tanh,sgd,sparse_categorical_crossentropy,,0.7425000071525574,0.5713750123977661,0.7425000071525574,1.8062175512313843,2,5,5.07629602400084,success,,,0.009999999776482582,False,"{""activation"": [0.06534090909090909, 0.13920454545454544, 0.23011363636363635, 0.09943181818181818, 0.10511363636363637, 0.16761363636363635, 0.08806818181818182, 0.10511363636363637], ""batch_size"": [0.02556818181818182, 0.13352272727272727, 0.16761363636363635, 0.09943181818181818, 0.22443181818181818, 0.08806818181818182, 0.20170454545454544, 0.05965909090909091], ""dense_units_1"": [0.10511363636363637, 0.08806818181818182, 0.1278409090909091, 0.17329545454545456, 0.15056818181818182, 0.13920454545454544, 0.048295454545454544, 0.16761363636363635], ""dense_units_2"": [0.17897727272727273, 0.08238636363636363, 0.08806818181818182, 0.23011363636363635, 0.12215909090909091, 0.06534090909090909, 0.06534090909090909, 0.16761363636363635], ""dropout_1"": [0.08238636363636363, 0.15056818181818182, 0.06534090909090909, 0.02556818181818182, 0.14488636363636365, 0.20738636363636365, 0.08238636363636363, 0.24147727272727273], ""dropout_2"": [0.1278409090909091, 0.12215909090909091, 0.02556818181818182, 0.15056818181818182, 0.08806818181818182, 0.1846590909090909, 0.19602272727272727, 0.10511363636363637], ""loss"": [0.10511363636363637, 0.11079545454545454, 0.1846590909090909, 0.10511363636363637, 0.09943181818181818, 0.08238636363636363, 0.21306818181818182, 0.09943181818181818], ""optimizer"": [0.16193181818181818, 0.06534090909090909, 0.2528409090909091, 0.1278409090909091, 0.15625, 0.02556818181818182, 0.10511363636363637, 0.10511363636363637]}",False,False,tanh,pending
paper_conventional-main-ants20-iterations5-epochs5-seed-43,paper_conventional,paper_faithful,iteration_based_paper_interpretation,main,20,5,5,43,3,4,fed45d614b5ce358,16,32,0.5,0.2,1024,relu,adadelta,categorical_hinge,,0.09700000286102295,0.09525000303983688,0.09700000286102295,1.0039606094360352,1,5,6.372464746998958,success,,nonstandard_loss_for_multiclass_sparse_labels,0.0010000000474974513,False,"{""activation"": [0.06534090909090909, 0.13920454545454544, 0.23011363636363635, 0.09943181818181818, 0.10511363636363637, 0.16761363636363635, 0.08806818181818182, 0.10511363636363637], ""batch_size"": [0.02556818181818182, 0.13352272727272727, 0.16761363636363635, 0.09943181818181818, 0.22443181818181818, 0.08806818181818182, 0.20170454545454544, 0.05965909090909091], ""dense_units_1"": [0.10511363636363637, 0.08806818181818182, 0.1278409090909091, 0.17329545454545456, 0.15056818181818182, 0.13920454545454544, 0.048295454545454544, 0.16761363636363635], ""dense_units_2"": [0.17897727272727273, 0.08238636363636363, 0.08806818181818182, 0.23011363636363635, 0.12215909090909091, 0.06534090909090909, 0.06534090909090909, 0.16761363636363635], ""dropout_1"": [0.08238636363636363, 0.15056818181818182, 0.06534090909090909, 0.02556818181818182, 0.14488636363636365, 0.20738636363636365, 0.08238636363636363, 0.24147727272727273], ""dropout_2"": [0.1278409090909091, 0.12215909090909091, 0.02556818181818182, 0.15056818181818182, 0.08806818181818182, 0.1846590909090909, 0.19602272727272727, 0.10511363636363637], ""loss"": [0.10511363636363637, 0.11079545454545454, 0.1846590909090909, 0.10511363636363637, 0.09943181818181818, 0.08238636363636363, 0.21306818181818182, 0.09943181818181818], ""optimizer"": [0.16193181818181818, 0.06534090909090909, 0.2528409090909091, 0.1278409090909091, 0.15625, 0.02556818181818182, 0.10511363636363637, 0.10511363636363637]}",False,False,relu,pending
paper_conventional-main-ants20-iterations5-epochs5-seed-43,paper_conventional,paper_faithful,iteration_based_paper_interpretation,main,20,5,5,43,3,5,9bedccbe0827e900,64,128,0.8,0.7,64,selu,nadam,sparse_categorical_crossentropy,,0.5770000219345093,0.5901250243186951,0.5770000219345093,1.5313507318496704,1,5,12.101446190001298,success,,,0.0010000000474974513,False,"{""activation"": [0.06534090909090909, 0.13920454545454544, 0.23011363636363635, 0.09943181818181818, 0.10511363636363637, 0.16761363636363635, 0.08806818181818182, 0.10511363636363637], ""batch_size"": [0.02556818181818182, 0.13352272727272727, 0.16761363636363635, 0.09943181818181818, 0.22443181818181818, 0.08806818181818182, 0.20170454545454544, 0.05965909090909091], ""dense_units_1"": [0.10511363636363637, 0.08806818181818182, 0.1278409090909091, 0.17329545454545456, 0.15056818181818182, 0.13920454545454544, 0.048295454545454544, 0.16761363636363635], ""dense_units_2"": [0.17897727272727273, 0.08238636363636363, 0.08806818181818182, 0.23011363636363635, 0.12215909090909091, 0.06534090909090909, 0.06534090909090909, 0.16761363636363635], ""dropout_1"": [0.08238636363636363, 0.15056818181818182, 0.06534090909090909, 0.02556818181818182, 0.14488636363636365, 0.20738636363636365, 0.08238636363636363, 0.24147727272727273], ""dropout_2"": [0.1278409090909091, 0.12215909090909091, 0.02556818181818182, 0.15056818181818182, 0.08806818181818182, 0.1846590909090909, 0.19602272727272727, 0.10511363636363637], ""loss"": [0.10511363636363637, 0.11079545454545454, 0.1846590909090909, 0.10511363636363637, 0.09943181818181818, 0.08238636363636363, 0.21306818181818182, 0.09943181818181818], ""optimizer"": [0.16193181818181818, 0.06534090909090909, 0.2528409090909091, 0.1278409090909091, 0.15625, 0.02556818181818182, 0.10511363636363637, 0.10511363636363637]}",False,False,selu,pending
paper_conventional-main-ants20-iterations5-epochs5-seed-43,paper_conventional,paper_faithful,iteration_based_paper_interpretation,main,20,5,5,43,3,6,4d761a59a72ce2e8,128,2048,0.2,0.2,1024,selu,sgd,cosine_similarity,,0.9054999947547913,0.8967499732971191,0.9054999947547913,-0.7782369256019592,5,5,4.915136738000001,success,,nonstandard_loss_for_multiclass_sparse_labels,0.009999999776482582,False,"{""activation"": [0.06534090909090909, 0.13920454545454544, 0.23011363636363635, 0.09943181818181818, 0.10511363636363637, 0.16761363636363635, 0.08806818181818182, 0.10511363636363637], ""batch_size"": [0.02556818181818182, 0.13352272727272727, 0.16761363636363635, 0.09943181818181818, 0.22443181818181818, 0.08806818181818182, 0.20170454545454544, 0.05965909090909091], ""dense_units_1"": [0.10511363636363637, 0.08806818181818182, 0.1278409090909091, 0.17329545454545456, 0.15056818181818182, 0.13920454545454544, 0.048295454545454544, 0.16761363636363635], ""dense_units_2"": [0.17897727272727273, 0.08238636363636363, 0.08806818181818182, 0.23011363636363635, 0.12215909090909091, 0.06534090909090909, 0.06534090909090909, 0.16761363636363635], ""dropout_1"": [0.08238636363636363, 0.15056818181818182, 0.06534090909090909, 0.02556818181818182, 0.14488636363636365, 0.20738636363636365, 0.08238636363636363, 0.24147727272727273], ""dropout_2"": [0.1278409090909091, 0.12215909090909091, 0.02556818181818182, 0.15056818181818182, 0.08806818181818182, 0.1846590909090909, 0.19602272727272727, 0.10511363636363637], ""loss"": [0.10511363636363637, 0.11079545454545454, 0.1846590909090909, 0.10511363636363637, 0.09943181818181818, 0.08238636363636363, 0.21306818181818182, 0.09943181818181818], ""optimizer"": [0.16193181818181818, 0.06534090909090909, 0.2528409090909091, 0.1278409090909091, 0.15625, 0.02556818181818182, 0.10511363636363637, 0.10511363636363637]}",False,False,selu,pending
paper_conventional-main-ants20-iterations5-epochs5-seed-43,paper_conventional,paper_faithful,iteration_based_paper_interpretation,main,20,5,5,43,3,7,47f9f967654ae550,2048,128,0.8,0.6,256,softplus,adadelta,sparse_categorical_crossentropy,,0.22450000047683716,0.16312499344348907,0.22450000047683716,2.2609963417053223,4,5,7.450734567999461,success,,,0.0010000000474974513,False,"{""activation"": [0.06534090909090909, 0.13920454545454544, 0.23011363636363635, 0.09943181818181818, 0.10511363636363637, 0.16761363636363635, 0.08806818181818182, 0.10511363636363637], ""batch_size"": [0.02556818181818182, 0.13352272727272727, 0.16761363636363635, 0.09943181818181818, 0.22443181818181818, 0.08806818181818182, 0.20170454545454544, 0.05965909090909091], ""dense_units_1"": [0.10511363636363637, 0.08806818181818182, 0.1278409090909091, 0.17329545454545456, 0.15056818181818182, 0.13920454545454544, 0.048295454545454544, 0.16761363636363635], ""dense_units_2"": [0.17897727272727273, 0.08238636363636363, 0.08806818181818182, 0.23011363636363635, 0.12215909090909091, 0.06534090909090909, 0.06534090909090909, 0.16761363636363635], ""dropout_1"": [0.08238636363636363, 0.15056818181818182, 0.06534090909090909, 0.02556818181818182, 0.14488636363636365, 0.20738636363636365, 0.08238636363636363, 0.24147727272727273], ""dropout_2"": [0.1278409090909091, 0.12215909090909091, 0.02556818181818182, 0.15056818181818182, 0.08806818181818182, 0.1846590909090909, 0.19602272727272727, 0.10511363636363637], ""loss"": [0.10511363636363637, 0.11079545454545454, 0.1846590909090909, 0.10511363636363637, 0.09943181818181818, 0.08238636363636363, 0.21306818181818182, 0.09943181818181818], ""optimizer"": [0.16193181818181818, 0.06534090909090909, 0.2528409090909091, 0.1278409090909091, 0.15625, 0.02556818181818182, 0.10511363636363637, 0.10511363636363637]}",False,False,softplus,pending
paper_conventional-main-ants20-iterations5-epochs5-seed-43,paper_conventional,paper_faithful,iteration_based_paper_interpretation,main,20,5,5,43,3,8,ea16f3e328bb1145,512,1024,0.2,0.4,64,relu,sgd,mean_absolute_error,,0.5404999852180481,0.4347499907016754,0.5404999852180481,0.1477343738079071,5,5,6.146166005999476,success,,nonstandard_loss_for_multiclass_sparse_labels,0.009999999776482582,False,"{""activation"": [0.06534090909090909, 0.13920454545454544, 0.23011363636363635, 0.09943181818181818, 0.10511363636363637, 0.16761363636363635, 0.08806818181818182, 0.10511363636363637], ""batch_size"": [0.02556818181818182, 0.13352272727272727, 0.16761363636363635, 0.09943181818181818, 0.22443181818181818, 0.08806818181818182, 0.20170454545454544, 0.05965909090909091], ""dense_units_1"": [0.10511363636363637, 0.08806818181818182, 0.1278409090909091, 0.17329545454545456, 0.15056818181818182, 0.13920454545454544, 0.048295454545454544, 0.16761363636363635], ""dense_units_2"": [0.17897727272727273, 0.08238636363636363, 0.08806818181818182, 0.23011363636363635, 0.12215909090909091, 0.06534090909090909, 0.06534090909090909, 0.16761363636363635], ""dropout_1"": [0.08238636363636363, 0.15056818181818182, 0.06534090909090909, 0.02556818181818182, 0.14488636363636365, 0.20738636363636365, 0.08238636363636363, 0.24147727272727273], ""dropout_2"": [0.1278409090909091, 0.12215909090909091, 0.02556818181818182, 0.15056818181818182, 0.08806818181818182, 0.1846590909090909, 0.19602272727272727, 0.10511363636363637], ""loss"": [0.10511363636363637, 0.11079545454545454, 0.1846590909090909, 0.10511363636363637, 0.09943181818181818, 0.08238636363636363, 0.21306818181818182, 0.09943181818181818], ""optimizer"": [0.16193181818181818, 0.06534090909090909, 0.2528409090909091, 0.1278409090909091, 0.15625, 0.02556818181818182, 0.10511363636363637, 0.10511363636363637]}",False,False,relu,pending
paper_conventional-main-ants20-iterations5-epochs5-seed-43,paper_conventional,paper_faithful,iteration_based_paper_interpretation,main,20,5,5,43,3,9,92b3a40c06670d6e,1024,1024,0.6,0.2,1024,sigmoid,adagrad,binary_crossentropy,,0.10000000149011612,0.1014999970793724,0.10000000149011612,0.3281211256980896,3,5,5.34313217899944,success,,nonstandard_loss_for_multiclass_sparse_labels,0.0010000000474974513,False,"{""activation"": [0.06534090909090909, 0.13920454545454544, 0.23011363636363635, 0.09943181818181818, 0.10511363636363637, 0.16761363636363635, 0.08806818181818182, 0.10511363636363637], ""batch_size"": [0.02556818181818182, 0.13352272727272727, 0.16761363636363635, 0.09943181818181818, 0.22443181818181818, 0.08806818181818182, 0.20170454545454544, 0.05965909090909091], ""dense_units_1"": [0.10511363636363637, 0.08806818181818182, 0.1278409090909091, 0.17329545454545456, 0.15056818181818182, 0.13920454545454544, 0.048295454545454544, 0.16761363636363635], ""dense_units_2"": [0.17897727272727273, 0.08238636363636363, 0.08806818181818182, 0.23011363636363635, 0.12215909090909091, 0.06534090909090909, 0.06534090909090909, 0.16761363636363635], ""dropout_1"": [0.08238636363636363, 0.15056818181818182, 0.06534090909090909, 0.02556818181818182, 0.14488636363636365, 0.20738636363636365, 0.08238636363636363, 0.24147727272727273], ""dropout_2"": [0.1278409090909091, 0.12215909090909091, 0.02556818181818182, 0.15056818181818182, 0.08806818181818182, 0.1846590909090909, 0.19602272727272727, 0.10511363636363637], ""loss"": [0.10511363636363637, 0.11079545454545454, 0.1846590909090909, 0.10511363636363637, 0.09943181818181818, 0.08238636363636363, 0.21306818181818182, 0.09943181818181818], ""optimizer"": [0.16193181818181818, 0.06534090909090909, 0.2528409090909091, 0.1278409090909091, 0.15625, 0.02556818181818182, 0.10511363636363637, 0.10511363636363637]}",False,False,sigmoid,pending
paper_conventional-main-ants20-iterations5-epochs5-seed-43,paper_conventional,paper_faithful,iteration_based_paper_interpretation,main,20,5,5,43,3,10,194248477345d11f,2048,64,0.4,0.7,64,linear,adam,cosine_similarity,,0.8479999899864197,0.859499990940094,0.8479999899864197,-0.8531799912452698,3,5,11.493184421999104,success,,nonstandard_loss_for_multiclass_sparse_labels,0.0010000000474974513,False,"{""activation"": [0.06534090909090909, 0.13920454545454544, 0.23011363636363635, 0.09943181818181818, 0.10511363636363637, 0.16761363636363635, 0.08806818181818182, 0.10511363636363637], ""batch_size"": [0.02556818181818182, 0.13352272727272727, 0.16761363636363635, 0.09943181818181818, 0.22443181818181818, 0.08806818181818182, 0.20170454545454544, 0.05965909090909091], ""dense_units_1"": [0.10511363636363637, 0.08806818181818182, 0.1278409090909091, 0.17329545454545456, 0.15056818181818182, 0.13920454545454544, 0.048295454545454544, 0.16761363636363635], ""dense_units_2"": [0.17897727272727273, 0.08238636363636363, 0.08806818181818182, 0.23011363636363635, 0.12215909090909091, 0.06534090909090909, 0.06534090909090909, 0.16761363636363635], ""dropout_1"": [0.08238636363636363, 0.15056818181818182, 0.06534090909090909, 0.02556818181818182, 0.14488636363636365, 0.20738636363636365, 0.08238636363636363, 0.24147727272727273], ""dropout_2"": [0.1278409090909091, 0.12215909090909091, 0.02556818181818182, 0.15056818181818182, 0.08806818181818182, 0.1846590909090909, 0.19602272727272727, 0.10511363636363637], ""loss"": [0.10511363636363637, 0.11079545454545454, 0.1846590909090909, 0.10511363636363637, 0.09943181818181818, 0.08238636363636363, 0.21306818181818182, 0.09943181818181818], ""optimizer"": [0.16193181818181818, 0.06534090909090909, 0.2528409090909091, 0.1278409090909091, 0.15625, 0.02556818181818182, 0.10511363636363637, 0.10511363636363637]}",False,False,linier,pending
paper_conventional-main-ants20-iterations5-epochs5-seed-43,paper_conventional,paper_faithful,iteration_based_paper_interpretation,main,20,5,5,43,3,11,08638bbdd492e6fb,2048,128,0.8,0.8,1024,sigmoid,adam,mean_absolute_error,,0.7294999957084656,0.7127500176429749,0.7294999957084656,0.06323714554309845,2,5,7.467821079000714,success,,nonstandard_loss_for_multiclass_sparse_labels,0.0010000000474974513,False,"{""activation"": [0.06534090909090909, 0.13920454545454544, 0.23011363636363635, 0.09943181818181818, 0.10511363636363637, 0.16761363636363635, 0.08806818181818182, 0.10511363636363637], ""batch_size"": [0.02556818181818182, 0.13352272727272727, 0.16761363636363635, 0.09943181818181818, 0.22443181818181818, 0.08806818181818182, 0.20170454545454544, 0.05965909090909091], ""dense_units_1"": [0.10511363636363637, 0.08806818181818182, 0.1278409090909091, 0.17329545454545456, 0.15056818181818182, 0.13920454545454544, 0.048295454545454544, 0.16761363636363635], ""dense_units_2"": [0.17897727272727273, 0.08238636363636363, 0.08806818181818182, 0.23011363636363635, 0.12215909090909091, 0.06534090909090909, 0.06534090909090909, 0.16761363636363635], ""dropout_1"": [0.08238636363636363, 0.15056818181818182, 0.06534090909090909, 0.02556818181818182, 0.14488636363636365, 0.20738636363636365, 0.08238636363636363, 0.24147727272727273], ""dropout_2"": [0.1278409090909091, 0.12215909090909091, 0.02556818181818182, 0.15056818181818182, 0.08806818181818182, 0.1846590909090909, 0.19602272727272727, 0.10511363636363637], ""loss"": [0.10511363636363637, 0.11079545454545454, 0.1846590909090909, 0.10511363636363637, 0.09943181818181818, 0.08238636363636363, 0.21306818181818182, 0.09943181818181818], ""optimizer"": [0.16193181818181818, 0.06534090909090909, 0.2528409090909091, 0.1278409090909091, 0.15625, 0.02556818181818182, 0.10511363636363637, 0.10511363636363637]}",False,False,sigmoid,pending
paper_conventional-main-ants20-iterations5-epochs5-seed-43,paper_conventional,paper_faithful,iteration_based_paper_interpretation,main,20,5,5,43,3,12,658c63b2ad45588d,2048,128,0.5,0.4,256,gelu,ftrl,sparse_categorical_crossentropy,,,,,,,,11.741465315000823,failed,"ResourceExhaustedError: Graph execution error:

Detected at node gradient_tape/sequential_1/dense_1/MatMul/MatMul_1 defined at (most recent call last):
  File ""/mnt/d/CNN-Optimization-using-ACO/ACO.py"", line 287, in <module>

  File ""/mnt/d/CNN-Optimization-using-ACO/ACO.py"", line 152, in main

  File ""/mnt/d/CNN-Optimization-using-ACO/experiment_runner.py"", line 538, in run_primary_experiments

  File ""/mnt/d/CNN-Optimization-using-ACO/experiment_runner.py"", line 585, in _run_experiment_plan

  File ""/mnt/d/CNN-Optimization-using-ACO/experiment_runner.py"", line 251, in _run_one_seed

  File ""/mnt/d/CNN-Optimization-using-ACO/aco_optimizer.py"", line 280, in run

  File ""/mnt/d/CNN-Optimization-using-ACO/aco_optimizer.py"", line 162, in _evaluate

  File ""/mnt/d/CNN-Optimization-using-ACO/ACO.py"", line 149, in <lambda>

  File ""/mnt/d/CNN-Optimization-using-ACO/evaluator.py"", line 180, in evaluate_candidate

  File ""/mnt/d/CNN-Optimization-using-ACO/.venv-linux/lib/python3.13/site-packages/keras/src/utils/traceback_utils.py"", line 117, in error_handler

  File ""/mnt/d/CNN-Optimization-using-ACO/.venv-linux/lib/python3.13/site-packages/keras/src/backend/tensorflow/trainer.py"", line 399, in fit

  File ""/mnt/d/CNN-Optimization-using-ACO/.venv-linux/lib/python3.13/site-packages/keras/src/backend/tensorflow/trainer.py"", line 241, in function

  File ""/mnt/d/CNN-Optimization-using-ACO/.venv-linux/lib/python3.13/site-packages/keras/src/backend/tensorflow/trainer.py"", line 154, in multi_step_on_iterator

  File ""/mnt/d/CNN-Optimization-using-ACO/.venv-linux/lib/python3.13/site-packages/keras/src/backend/tensorflow/trainer.py"", line 125, in wrapper

  File ""/mnt/d/CNN-Optimization-using-ACO/.venv-linux/lib/python3.13/site-packages/keras/src/backend/tensorflow/trainer.py"", line 134, in one_step_on_data

  File ""/mnt/d/CNN-Optimization-using-ACO/.venv-linux/lib/python3.13/site-packages/keras/src/backend/tensorflow/trainer.py"", line 81, in train_step

OOM when allocating tensor with shape[3136,2048] and type float on /job:localhost/replica:0/task:0/device:GPU:0 by allocator GPU_0_bfc
	 [[{{node gradient_tape/sequential_1/dense_1/MatMul/MatMul_1}}]]
Hint: If you want to see a list of allocated tensors when OOM happens, add report_tensor_allocations_upon_oom to RunOptions for current allocation info. This isn't available when running in Eager mode.
 [Op:__inference_multi_step_on_iterator_1006491]",,,False,"{""activation"": [0.06534090909090909, 0.13920454545454544, 0.23011363636363635, 0.09943181818181818, 0.10511363636363637, 0.16761363636363635, 0.08806818181818182, 0.10511363636363637], ""batch_size"": [0.02556818181818182, 0.13352272727272727, 0.16761363636363635, 0.09943181818181818, 0.22443181818181818, 0.08806818181818182, 0.20170454545454544, 0.05965909090909091], ""dense_units_1"": [0.10511363636363637, 0.08806818181818182, 0.1278409090909091, 0.17329545454545456, 0.15056818181818182, 0.13920454545454544, 0.048295454545454544, 0.16761363636363635], ""dense_units_2"": [0.17897727272727273, 0.08238636363636363, 0.08806818181818182, 0.23011363636363635, 0.12215909090909091, 0.06534090909090909, 0.06534090909090909, 0.16761363636363635], ""dropout_1"": [0.08238636363636363, 0.15056818181818182, 0.06534090909090909, 0.02556818181818182, 0.14488636363636365, 0.20738636363636365, 0.08238636363636363, 0.24147727272727273], ""dropout_2"": [0.1278409090909091, 0.12215909090909091, 0.02556818181818182, 0.15056818181818182, 0.08806818181818182, 0.1846590909090909, 0.19602272727272727, 0.10511363636363637], ""loss"": [0.10511363636363637, 0.11079545454545454, 0.1846590909090909, 0.10511363636363637, 0.09943181818181818, 0.08238636363636363, 0.21306818181818182, 0.09943181818181818], ""optimizer"": [0.16193181818181818, 0.06534090909090909, 0.2528409090909091, 0.1278409090909091, 0.15625, 0.02556818181818182, 0.10511363636363637, 0.10511363636363637]}",False,False,gelu,pending
paper_conventional-main-ants20-iterations5-epochs5-seed-43,paper_conventional,paper_faithful,iteration_based_paper_interpretation,main,20,5,5,43,3,13,b634d10a37ad1d29,128,16,0.5,0.1,32,selu,sgd,binary_crossentropy,,0.8105000257492065,0.8518750071525574,0.8105000257492065,0.13012394309043884,5,5,12.73599477300013,success,,nonstandard_loss_for_multiclass_sparse_labels,0.009999999776482582,False,"{""activation"": [0.06534090909090909, 0.13920454545454544, 0.23011363636363635, 0.09943181818181818, 0.10511363636363637, 0.16761363636363635, 0.08806818181818182, 0.10511363636363637], ""batch_size"": [0.02556818181818182, 0.13352272727272727, 0.16761363636363635, 0.09943181818181818, 0.22443181818181818, 0.08806818181818182, 0.20170454545454544, 0.05965909090909091], ""dense_units_1"": [0.10511363636363637, 0.08806818181818182, 0.1278409090909091, 0.17329545454545456, 0.15056818181818182, 0.13920454545454544, 0.048295454545454544, 0.16761363636363635], ""dense_units_2"": [0.17897727272727273, 0.08238636363636363, 0.08806818181818182, 0.23011363636363635, 0.12215909090909091, 0.06534090909090909, 0.06534090909090909, 0.16761363636363635], ""dropout_1"": [0.08238636363636363, 0.15056818181818182, 0.06534090909090909, 0.02556818181818182, 0.14488636363636365, 0.20738636363636365, 0.08238636363636363, 0.24147727272727273], ""dropout_2"": [0.1278409090909091, 0.12215909090909091, 0.02556818181818182, 0.15056818181818182, 0.08806818181818182, 0.1846590909090909, 0.19602272727272727, 0.10511363636363637], ""loss"": [0.10511363636363637, 0.11079545454545454, 0.1846590909090909, 0.10511363636363637, 0.09943181818181818, 0.08238636363636363, 0.21306818181818182, 0.09943181818181818], ""optimizer"": [0.16193181818181818, 0.06534090909090909, 0.2528409090909091, 0.1278409090909091, 0.15625, 0.02556818181818182, 0.10511363636363637, 0.10511363636363637]}",False,False,selu,pending
paper_conventional-main-ants20-iterations5-epochs5-seed-43,paper_conventional,paper_faithful,iteration_based_paper_interpretation,main,20,5,5,43,3,14,ddb24a54b70a77c5,256,128,0.2,0.2,32,linear,adadelta,mean_absolute_error,,0.3659999966621399,0.32074999809265137,0.3659999966621399,0.1460614651441574,5,5,15.835430147000807,success,,nonstandard_loss_for_multiclass_sparse_labels,0.0010000000474974513,False,"{""activation"": [0.06534090909090909, 0.13920454545454544, 0.23011363636363635, 0.09943181818181818, 0.10511363636363637, 0.16761363636363635, 0.08806818181818182, 0.10511363636363637], ""batch_size"": [0.02556818181818182, 0.13352272727272727, 0.16761363636363635, 0.09943181818181818, 0.22443181818181818, 0.08806818181818182, 0.20170454545454544, 0.05965909090909091], ""dense_units_1"": [0.10511363636363637, 0.08806818181818182, 0.1278409090909091, 0.17329545454545456, 0.15056818181818182, 0.13920454545454544, 0.048295454545454544, 0.16761363636363635], ""dense_units_2"": [0.17897727272727273, 0.08238636363636363, 0.08806818181818182, 0.23011363636363635, 0.12215909090909091, 0.06534090909090909, 0.06534090909090909, 0.16761363636363635], ""dropout_1"": [0.08238636363636363, 0.15056818181818182, 0.06534090909090909, 0.02556818181818182, 0.14488636363636365, 0.20738636363636365, 0.08238636363636363, 0.24147727272727273], ""dropout_2"": [0.1278409090909091, 0.12215909090909091, 0.02556818181818182, 0.15056818181818182, 0.08806818181818182, 0.1846590909090909, 0.19602272727272727, 0.10511363636363637], ""loss"": [0.10511363636363637, 0.11079545454545454, 0.1846590909090909, 0.10511363636363637, 0.09943181818181818, 0.08238636363636363, 0.21306818181818182, 0.09943181818181818], ""optimizer"": [0.16193181818181818, 0.06534090909090909, 0.2528409090909091, 0.1278409090909091, 0.15625, 0.02556818181818182, 0.10511363636363637, 0.10511363636363637]}",False,False,linier,pending
paper_conventional-main-ants20-iterations5-epochs5-seed-43,paper_conventional,paper_faithful,iteration_based_paper_interpretation,main,20,5,5,43,3,15,3f2eb18d4341acb0,256,512,0.8,0.2,16,softsign,adagrad,mean_absolute_error,,0.18400000035762787,0.14024999737739563,0.18400000035762787,0.17879877984523773,2,5,25.93265766500008,success,,nonstandard_loss_for_multiclass_sparse_labels,0.0010000000474974513,False,"{""activation"": [0.06534090909090909, 0.13920454545454544, 0.23011363636363635, 0.09943181818181818, 0.10511363636363637, 0.16761363636363635, 0.08806818181818182, 0.10511363636363637], ""batch_size"": [0.02556818181818182, 0.13352272727272727, 0.16761363636363635, 0.09943181818181818, 0.22443181818181818, 0.08806818181818182, 0.20170454545454544, 0.05965909090909091], ""dense_units_1"": [0.10511363636363637, 0.08806818181818182, 0.1278409090909091, 0.17329545454545456, 0.15056818181818182, 0.13920454545454544, 0.048295454545454544, 0.16761363636363635], ""dense_units_2"": [0.17897727272727273, 0.08238636363636363, 0.08806818181818182, 0.23011363636363635, 0.12215909090909091, 0.06534090909090909, 0.06534090909090909, 0.16761363636363635], ""dropout_1"": [0.08238636363636363, 0.15056818181818182, 0.06534090909090909, 0.02556818181818182, 0.14488636363636365, 0.20738636363636365, 0.08238636363636363, 0.24147727272727273], ""dropout_2"": [0.1278409090909091, 0.12215909090909091, 0.02556818181818182, 0.15056818181818182, 0.08806818181818182, 0.1846590909090909, 0.19602272727272727, 0.10511363636363637], ""loss"": [0.10511363636363637, 0.11079545454545454, 0.1846590909090909, 0.10511363636363637, 0.09943181818181818, 0.08238636363636363, 0.21306818181818182, 0.09943181818181818], ""optimizer"": [0.16193181818181818, 0.06534090909090909, 0.2528409090909091, 0.1278409090909091, 0.15625, 0.02556818181818182, 0.10511363636363637, 0.10511363636363637]}",False,False,softsign,pending
paper_conventional-main-ants20-iterations5-epochs5-seed-43,paper_conventional,paper_faithful,iteration_based_paper_interpretation,main,20,5,5,43,3,16,3a16acab793ab7dc,64,128,0.7,0.5,2048,tanh,adadelta,sparse_categorical_crossentropy,,0.1899999976158142,0.10337500274181366,0.1899999976158142,2.2869460582733154,1,5,6.446584035998967,success,,,0.0010000000474974513,False,"{""activation"": [0.06534090909090909, 0.13920454545454544, 0.23011363636363635, 0.09943181818181818, 0.10511363636363637, 0.16761363636363635, 0.08806818181818182, 0.10511363636363637], ""batch_size"": [0.02556818181818182, 0.13352272727272727, 0.16761363636363635, 0.09943181818181818, 0.22443181818181818, 0.08806818181818182, 0.20170454545454544, 0.05965909090909091], ""dense_units_1"": [0.10511363636363637, 0.08806818181818182, 0.1278409090909091, 0.17329545454545456, 0.15056818181818182, 0.13920454545454544, 0.048295454545454544, 0.16761363636363635], ""dense_units_2"": [0.17897727272727273, 0.08238636363636363, 0.08806818181818182, 0.23011363636363635, 0.12215909090909091, 0.06534090909090909, 0.06534090909090909, 0.16761363636363635], ""dropout_1"": [0.08238636363636363, 0.15056818181818182, 0.06534090909090909, 0.02556818181818182, 0.14488636363636365, 0.20738636363636365, 0.08238636363636363, 0.24147727272727273], ""dropout_2"": [0.1278409090909091, 0.12215909090909091, 0.02556818181818182, 0.15056818181818182, 0.08806818181818182, 0.1846590909090909, 0.19602272727272727, 0.10511363636363637], ""loss"": [0.10511363636363637, 0.11079545454545454, 0.1846590909090909, 0.10511363636363637, 0.09943181818181818, 0.08238636363636363, 0.21306818181818182, 0.09943181818181818], ""optimizer"": [0.16193181818181818, 0.06534090909090909, 0.2528409090909091, 0.1278409090909091, 0.15625, 0.02556818181818182, 0.10511363636363637, 0.10511363636363637]}",False,False,tanh,pending
paper_conventional-main-ants20-iterations5-epochs5-seed-43,paper_conventional,paper_faithful,iteration_based_paper_interpretation,main,20,5,5,43,3,17,4a5fab003ae1336a,256,16,0.1,0.7,1024,softsign,sgd,binary_crossentropy,,0.5879999995231628,0.3997499942779541,0.5879999995231628,0.5757181644439697,5,5,4.777367496000807,success,,nonstandard_loss_for_multiclass_sparse_labels,0.009999999776482582,False,"{""activation"": [0.06534090909090909, 0.13920454545454544, 0.23011363636363635, 0.09943181818181818, 0.10511363636363637, 0.16761363636363635, 0.08806818181818182, 0.10511363636363637], ""batch_size"": [0.02556818181818182, 0.13352272727272727, 0.16761363636363635, 0.09943181818181818, 0.22443181818181818, 0.08806818181818182, 0.20170454545454544, 0.05965909090909091], ""dense_units_1"": [0.10511363636363637, 0.08806818181818182, 0.1278409090909091, 0.17329545454545456, 0.15056818181818182, 0.13920454545454544, 0.048295454545454544, 0.16761363636363635], ""dense_units_2"": [0.17897727272727273, 0.08238636363636363, 0.08806818181818182, 0.23011363636363635, 0.12215909090909091, 0.06534090909090909, 0.06534090909090909, 0.16761363636363635], ""dropout_1"": [0.08238636363636363, 0.15056818181818182, 0.06534090909090909, 0.02556818181818182, 0.14488636363636365, 0.20738636363636365, 0.08238636363636363, 0.24147727272727273], ""dropout_2"": [0.1278409090909091, 0.12215909090909091, 0.02556818181818182, 0.15056818181818182, 0.08806818181818182, 0.1846590909090909, 0.19602272727272727, 0.10511363636363637], ""loss"": [0.10511363636363637, 0.11079545454545454, 0.1846590909090909, 0.10511363636363637, 0.09943181818181818, 0.08238636363636363, 0.21306818181818182, 0.09943181818181818], ""optimizer"": [0.16193181818181818, 0.06534090909090909, 0.2528409090909091, 0.1278409090909091, 0.15625, 0.02556818181818182, 0.10511363636363637, 0.10511363636363637]}",False,False,softsign,pending
paper_conventional-main-ants20-iterations5-epochs5-seed-43,paper_conventional,paper_faithful,iteration_based_paper_interpretation,main,20,5,5,43,3,18,a02b46b4a7d26357,512,16,0.6,0.5,1024,selu,sgd,squared_hinge,,0.43050000071525574,0.32087498903274536,0.43050000071525574,1.14650559425354,2,5,4.9720099969999865,success,,nonstandard_loss_for_multiclass_sparse_labels,0.009999999776482582,False,"{""activation"": [0.06534090909090909, 0.13920454545454544, 0.23011363636363635, 0.09943181818181818, 0.10511363636363637, 0.16761363636363635, 0.08806818181818182, 0.10511363636363637], ""batch_size"": [0.02556818181818182, 0.13352272727272727, 0.16761363636363635, 0.09943181818181818, 0.22443181818181818, 0.08806818181818182, 0.20170454545454544, 0.05965909090909091], ""dense_units_1"": [0.10511363636363637, 0.08806818181818182, 0.1278409090909091, 0.17329545454545456, 0.15056818181818182, 0.13920454545454544, 0.048295454545454544, 0.16761363636363635], ""dense_units_2"": [0.17897727272727273, 0.08238636363636363, 0.08806818181818182, 0.23011363636363635, 0.12215909090909091, 0.06534090909090909, 0.06534090909090909, 0.16761363636363635], ""dropout_1"": [0.08238636363636363, 0.15056818181818182, 0.06534090909090909, 0.02556818181818182, 0.14488636363636365, 0.20738636363636365, 0.08238636363636363, 0.24147727272727273], ""dropout_2"": [0.1278409090909091, 0.12215909090909091, 0.02556818181818182, 0.15056818181818182, 0.08806818181818182, 0.1846590909090909, 0.19602272727272727, 0.10511363636363637], ""loss"": [0.10511363636363637, 0.11079545454545454, 0.1846590909090909, 0.10511363636363637, 0.09943181818181818, 0.08238636363636363, 0.21306818181818182, 0.09943181818181818], ""optimizer"": [0.16193181818181818, 0.06534090909090909, 0.2528409090909091, 0.1278409090909091, 0.15625, 0.02556818181818182, 0.10511363636363637, 0.10511363636363637]}",False,False,selu,pending
paper_conventional-main-ants20-iterations5-epochs5-seed-43,paper_conventional,paper_faithful,iteration_based_paper_interpretation,main,20,5,5,43,3,19,4301142b78c7fb5e,32,16,0.7,0.6,128,selu,ftrl,categorical_crossentropy,,0.10000000149011612,0.09287499636411667,0.10000000149011612,2.302584648132324,1,5,6.541941927000153,success,,nonstandard_loss_for_multiclass_sparse_labels,0.0010000000474974513,False,"{""activation"": [0.06534090909090909, 0.13920454545454544, 0.23011363636363635, 0.09943181818181818, 0.10511363636363637, 0.16761363636363635, 0.08806818181818182, 0.10511363636363637], ""batch_size"": [0.02556818181818182, 0.13352272727272727, 0.16761363636363635, 0.09943181818181818, 0.22443181818181818, 0.08806818181818182, 0.20170454545454544, 0.05965909090909091], ""dense_units_1"": [0.10511363636363637, 0.08806818181818182, 0.1278409090909091, 0.17329545454545456, 0.15056818181818182, 0.13920454545454544, 0.048295454545454544, 0.16761363636363635], ""dense_units_2"": [0.17897727272727273, 0.08238636363636363, 0.08806818181818182, 0.23011363636363635, 0.12215909090909091, 0.06534090909090909, 0.06534090909090909, 0.16761363636363635], ""dropout_1"": [0.08238636363636363, 0.15056818181818182, 0.06534090909090909, 0.02556818181818182, 0.14488636363636365, 0.20738636363636365, 0.08238636363636363, 0.24147727272727273], ""dropout_2"": [0.1278409090909091, 0.12215909090909091, 0.02556818181818182, 0.15056818181818182, 0.08806818181818182, 0.1846590909090909, 0.19602272727272727, 0.10511363636363637], ""loss"": [0.10511363636363637, 0.11079545454545454, 0.1846590909090909, 0.10511363636363637, 0.09943181818181818, 0.08238636363636363, 0.21306818181818182, 0.09943181818181818], ""optimizer"": [0.16193181818181818, 0.06534090909090909, 0.2528409090909091, 0.1278409090909091, 0.15625, 0.02556818181818182, 0.10511363636363637, 0.10511363636363637]}",False,False,selu,pending
paper_conventional-main-ants20-iterations5-epochs5-seed-43,paper_conventional,paper_faithful,iteration_based_paper_interpretation,main,20,5,5,43,3,20,edd7c5e221dc3f70,256,16,0.3,0.3,256,gelu,adam,binary_crossentropy,,0.972000002861023,0.9810000061988831,0.972000002861023,0.0765192061662674,5,5,7.059206161000475,success,,nonstandard_loss_for_multiclass_sparse_labels,0.0010000000474974513,False,"{""activation"": [0.06534090909090909, 0.13920454545454544, 0.23011363636363635, 0.09943181818181818, 0.10511363636363637, 0.16761363636363635, 0.08806818181818182, 0.10511363636363637], ""batch_size"": [0.02556818181818182, 0.13352272727272727, 0.16761363636363635, 0.09943181818181818, 0.22443181818181818, 0.08806818181818182, 0.20170454545454544, 0.05965909090909091], ""dense_units_1"": [0.10511363636363637, 0.08806818181818182, 0.1278409090909091, 0.17329545454545456, 0.15056818181818182, 0.13920454545454544, 0.048295454545454544, 0.16761363636363635], ""dense_units_2"": [0.17897727272727273, 0.08238636363636363, 0.08806818181818182, 0.23011363636363635, 0.12215909090909091, 0.06534090909090909, 0.06534090909090909, 0.16761363636363635], ""dropout_1"": [0.08238636363636363, 0.15056818181818182, 0.06534090909090909, 0.02556818181818182, 0.14488636363636365, 0.20738636363636365, 0.08238636363636363, 0.24147727272727273], ""dropout_2"": [0.1278409090909091, 0.12215909090909091, 0.02556818181818182, 0.15056818181818182, 0.08806818181818182, 0.1846590909090909, 0.19602272727272727, 0.10511363636363637], ""loss"": [0.10511363636363637, 0.11079545454545454, 0.1846590909090909, 0.10511363636363637, 0.09943181818181818, 0.08238636363636363, 0.21306818181818182, 0.09943181818181818], ""optimizer"": [0.16193181818181818, 0.06534090909090909, 0.2528409090909091, 0.1278409090909091, 0.15625, 0.02556818181818182, 0.10511363636363637, 0.10511363636363637]}",True,False,gelu,pending
paper_conventional-main-ants20-iterations5-epochs5-seed-43,paper_conventional,paper_faithful,iteration_based_paper_interpretation,main,20,5,5,43,4,1,e51556487ae98211,32,16,0.5,0.2,1024,softsign,sgd,mean_absolute_error,,0.2980000078678131,0.1733749955892563,0.2980000078678131,0.17829088866710663,5,5,4.778703128000416,success,,nonstandard_loss_for_multiclass_sparse_labels,0.009999999776482582,False,"{""activation"": [0.07992788461538461, 0.14603365384615385, 0.18449519230769232, 0.1015625, 0.10516826923076923, 0.20252403846153846, 0.0751201923076923, 0.10516826923076923], ""batch_size"": [0.03545673076923077, 0.12319711538461539, 0.1640625, 0.08233173076923077, 0.20012019230769232, 0.05588942307692308, 0.28185096153846156, 0.05709134615384615], ""dense_units_1"": [0.0859375, 0.0751201923076923, 0.1388221153846154, 0.1484375, 0.17247596153846154, 0.1268028846153846, 0.06911057692307693, 0.18329326923076922], ""dense_units_2"": [0.22896634615384615, 0.07151442307692307, 0.0751201923076923, 0.2614182692307692, 0.07752403846153846, 0.07992788461538461, 0.07992788461538461, 0.12560096153846154], ""dropout_1"": [0.07151442307692307, 0.15324519230769232, 0.07992788461538461, 0.03545673076923077, 0.13040865384615385, 0.20853365384615385, 0.0907451923076923, 0.23016826923076922], ""dropout_2"": [0.10036057692307693, 0.1736778846153846, 0.03545673076923077, 0.11478365384615384, 0.09435096153846154, 0.21334134615384615, 0.18209134615384615, 0.0859375], ""loss"": [0.14362980769230768, 0.08954326923076923, 0.19411057692307693, 0.16286057692307693, 0.06310096153846154, 0.07151442307692307, 0.1736778846153846, 0.1015625], ""optimizer"": [0.16045673076923078, 0.04146634615384615, 0.29507211538461536, 0.1580528846153846, 0.15685096153846154, 0.01622596153846154, 0.0859375, 0.0859375]}",False,False,softsign,pending
paper_conventional-main-ants20-iterations5-epochs5-seed-43,paper_conventional,paper_faithful,iteration_based_paper_interpretation,main,20,5,5,43,4,2,bde8c64eab14f935,128,1024,0.1,0.6,16,softsign,adadelta,sparse_categorical_crossentropy,,0.6019999980926514,0.47475001215934753,0.6019999980926514,1.758651852607727,5,5,30.685259984000368,success,,,0.0010000000474974513,False,"{""activation"": [0.07992788461538461, 0.14603365384615385, 0.18449519230769232, 0.1015625, 0.10516826923076923, 0.20252403846153846, 0.0751201923076923, 0.10516826923076923], ""batch_size"": [0.03545673076923077, 0.12319711538461539, 0.1640625, 0.08233173076923077, 0.20012019230769232, 0.05588942307692308, 0.28185096153846156, 0.05709134615384615], ""dense_units_1"": [0.0859375, 0.0751201923076923, 0.1388221153846154, 0.1484375, 0.17247596153846154, 0.1268028846153846, 0.06911057692307693, 0.18329326923076922], ""dense_units_2"": [0.22896634615384615, 0.07151442307692307, 0.0751201923076923, 0.2614182692307692, 0.07752403846153846, 0.07992788461538461, 0.07992788461538461, 0.12560096153846154], ""dropout_1"": [0.07151442307692307, 0.15324519230769232, 0.07992788461538461, 0.03545673076923077, 0.13040865384615385, 0.20853365384615385, 0.0907451923076923, 0.23016826923076922], ""dropout_2"": [0.10036057692307693, 0.1736778846153846, 0.03545673076923077, 0.11478365384615384, 0.09435096153846154, 0.21334134615384615, 0.18209134615384615, 0.0859375], ""loss"": [0.14362980769230768, 0.08954326923076923, 0.19411057692307693, 0.16286057692307693, 0.06310096153846154, 0.07151442307692307, 0.1736778846153846, 0.1015625], ""optimizer"": [0.16045673076923078, 0.04146634615384615, 0.29507211538461536, 0.1580528846153846, 0.15685096153846154, 0.01622596153846154, 0.0859375, 0.0859375]}",False,False,softsign,pending
paper_conventional-main-ants20-iterations5-epochs5-seed-43,paper_conventional,paper_faithful,iteration_based_paper_interpretation,main,20,5,5,43,4,3,76a25fadaa7a4add,1024,128,0.8,0.3,256,sigmoid,adagrad,categorical_crossentropy,,,,,,,,11.083677406999414,failed,"ResourceExhaustedError: Graph execution error:

Detected at node sequential_1/conv2d_1/Relu defined at (most recent call last):
  File ""/mnt/d/CNN-Optimization-using-ACO/ACO.py"", line 287, in <module>

  File ""/mnt/d/CNN-Optimization-using-ACO/ACO.py"", line 152, in main

  File ""/mnt/d/CNN-Optimization-using-ACO/experiment_runner.py"", line 538, in run_primary_experiments

  File ""/mnt/d/CNN-Optimization-using-ACO/experiment_runner.py"", line 585, in _run_experiment_plan

  File ""/mnt/d/CNN-Optimization-using-ACO/experiment_runner.py"", line 251, in _run_one_seed

  File ""/mnt/d/CNN-Optimization-using-ACO/aco_optimizer.py"", line 280, in run

  File ""/mnt/d/CNN-Optimization-using-ACO/aco_optimizer.py"", line 162, in _evaluate

  File ""/mnt/d/CNN-Optimization-using-ACO/ACO.py"", line 149, in <lambda>

  File ""/mnt/d/CNN-Optimization-using-ACO/evaluator.py"", line 180, in evaluate_candidate

  File ""/mnt/d/CNN-Optimization-using-ACO/.venv-linux/lib/python3.13/site-packages/keras/src/utils/traceback_utils.py"", line 117, in error_handler

  File ""/mnt/d/CNN-Optimization-using-ACO/.venv-linux/lib/python3.13/site-packages/keras/src/backend/tensorflow/trainer.py"", line 399, in fit

  File ""/mnt/d/CNN-Optimization-using-ACO/.venv-linux/lib/python3.13/site-packages/keras/src/backend/tensorflow/trainer.py"", line 241, in function

  File ""/mnt/d/CNN-Optimization-using-ACO/.venv-linux/lib/python3.13/site-packages/keras/src/backend/tensorflow/trainer.py"", line 154, in multi_step_on_iterator

  File ""/mnt/d/CNN-Optimization-using-ACO/.venv-linux/lib/python3.13/site-packages/keras/src/backend/tensorflow/trainer.py"", line 125, in wrapper

  File ""/mnt/d/CNN-Optimization-using-ACO/.venv-linux/lib/python3.13/site-packages/keras/src/backend/tensorflow/trainer.py"", line 134, in one_step_on_data

  File ""/mnt/d/CNN-Optimization-using-ACO/.venv-linux/lib/python3.13/site-packages/keras/src/backend/tensorflow/trainer.py"", line 59, in train_step

  File ""/mnt/d/CNN-Optimization-using-ACO/.venv-linux/lib/python3.13/site-packages/keras/src/utils/traceback_utils.py"", line 117, in error_handler

  File ""/mnt/d/CNN-Optimization-using-ACO/.venv-linux/lib/python3.13/site-packages/keras/src/layers/layer.py"", line 1002, in __call__

  File ""/mnt/d/CNN-Optimization-using-ACO/.venv-linux/lib/python3.13/site-packages/keras/src/utils/traceback_utils.py"", line 117, in error_handler

  File ""/mnt/d/CNN-Optimization-using-ACO/.venv-linux/lib/python3.13/site-packages/keras/src/ops/operation.py"", line 63, in __call__

  File ""/mnt/d/CNN-Optimization-using-ACO/.venv-linux/lib/python3.13/site-packages/keras/src/utils/traceback_utils.py"", line 156, in error_handler

  File ""/mnt/d/CNN-Optimization-using-ACO/.venv-linux/lib/python3.13/site-packages/keras/src/models/sequential.py"", line 239, in call

  File ""/mnt/d/CNN-Optimization-using-ACO/.venv-linux/lib/python3.13/site-packages/keras/src/models/functional.py"", line 184, in call

  File ""/mnt/d/CNN-Optimization-using-ACO/.venv-linux/lib/python3.13/site-packages/keras/src/ops/function.py"", line 210, in _run_through_graph

  File ""/mnt/d/CNN-Optimization-using-ACO/.venv-linux/lib/python3.13/site-packages/keras/src/models/functional.py"", line 707, in call

  File ""/mnt/d/CNN-Optimization-using-ACO/.venv-linux/lib/python3.13/site-packages/keras/src/utils/traceback_utils.py"", line 117, in error_handler

  File ""/mnt/d/CNN-Optimization-using-ACO/.venv-linux/lib/python3.13/site-packages/keras/src/layers/layer.py"", line 1002, in __call__

  File ""/mnt/d/CNN-Optimization-using-ACO/.venv-linux/lib/python3.13/site-packages/keras/src/utils/traceback_utils.py"", line 117, in error_handler

  File ""/mnt/d/CNN-Optimization-using-ACO/.venv-linux/lib/python3.13/site-packages/keras/src/ops/operation.py"", line 63, in __call__

  File ""/mnt/d/CNN-Optimization-using-ACO/.venv-linux/lib/python3.13/site-packages/keras/src/utils/traceback_utils.py"", line 156, in error_handler

  File ""/mnt/d/CNN-Optimization-using-ACO/.venv-linux/lib/python3.13/site-packages/keras/src/layers/convolutional/base_conv.py"", line 266, in call

  File ""/mnt/d/CNN-Optimization-using-ACO/.venv-linux/lib/python3.13/site-packages/keras/src/activations/activations.py"", line 47, in relu

  File ""/mnt/d/CNN-Optimization-using-ACO/.venv-linux/lib/python3.13/site-packages/keras/src/activations/activations.py"", line 99, in static_call

  File ""/mnt/d/CNN-Optimization-using-ACO/.venv-linux/lib/python3.13/site-packages/keras/src/backend/tensorflow/nn.py"", line 34, in relu

OOM when allocating tensor with shape[128,32,28,28] and type float on /job:localhost/replica:0/task:0/device:GPU:0 by allocator GPU_0_bfc
	 [[{{node sequential_1/conv2d_1/Relu}}]]
Hint: If you want to see a list of allocated tensors when OOM happens, add report_tensor_allocations_upon_oom to RunOptions for current allocation info. This isn't available when running in Eager mode.
 [Op:__inference_multi_step_on_iterator_1079725]",,,False,"{""activation"": [0.07992788461538461, 0.14603365384615385, 0.18449519230769232, 0.1015625, 0.10516826923076923, 0.20252403846153846, 0.0751201923076923, 0.10516826923076923], ""batch_size"": [0.03545673076923077, 0.12319711538461539, 0.1640625, 0.08233173076923077, 0.20012019230769232, 0.05588942307692308, 0.28185096153846156, 0.05709134615384615], ""dense_units_1"": [0.0859375, 0.0751201923076923, 0.1388221153846154, 0.1484375, 0.17247596153846154, 0.1268028846153846, 0.06911057692307693, 0.18329326923076922], ""dense_units_2"": [0.22896634615384615, 0.07151442307692307, 0.0751201923076923, 0.2614182692307692, 0.07752403846153846, 0.07992788461538461, 0.07992788461538461, 0.12560096153846154], ""dropout_1"": [0.07151442307692307, 0.15324519230769232, 0.07992788461538461, 0.03545673076923077, 0.13040865384615385, 0.20853365384615385, 0.0907451923076923, 0.23016826923076922], ""dropout_2"": [0.10036057692307693, 0.1736778846153846, 0.03545673076923077, 0.11478365384615384, 0.09435096153846154, 0.21334134615384615, 0.18209134615384615, 0.0859375], ""loss"": [0.14362980769230768, 0.08954326923076923, 0.19411057692307693, 0.16286057692307693, 0.06310096153846154, 0.07151442307692307, 0.1736778846153846, 0.1015625], ""optimizer"": [0.16045673076923078, 0.04146634615384615, 0.29507211538461536, 0.1580528846153846, 0.15685096153846154, 0.01622596153846154, 0.0859375, 0.0859375]}",False,False,sigmoid,pending
paper_conventional-main-ants20-iterations5-epochs5-seed-43,paper_conventional,paper_faithful,iteration_based_paper_interpretation,main,20,5,5,43,4,4,809693b13f05605e,256,256,0.5,0.7,2048,selu,adam,categorical_crossentropy,,,,,,,,11.47033417700004,failed,"ResourceExhaustedError: Graph execution error:

Detected at node sequential_1/conv2d_1/Relu defined at (most recent call last):
  File ""/mnt/d/CNN-Optimization-using-ACO/ACO.py"", line 287, in <module>

  File ""/mnt/d/CNN-Optimization-using-ACO/ACO.py"", line 152, in main

  File ""/mnt/d/CNN-Optimization-using-ACO/experiment_runner.py"", line 538, in run_primary_experiments

  File ""/mnt/d/CNN-Optimization-using-ACO/experiment_runner.py"", line 585, in _run_experiment_plan

  File ""/mnt/d/CNN-Optimization-using-ACO/experiment_runner.py"", line 251, in _run_one_seed

  File ""/mnt/d/CNN-Optimization-using-ACO/aco_optimizer.py"", line 280, in run

  File ""/mnt/d/CNN-Optimization-using-ACO/aco_optimizer.py"", line 162, in _evaluate

  File ""/mnt/d/CNN-Optimization-using-ACO/ACO.py"", line 149, in <lambda>

  File ""/mnt/d/CNN-Optimization-using-ACO/evaluator.py"", line 180, in evaluate_candidate

  File ""/mnt/d/CNN-Optimization-using-ACO/.venv-linux/lib/python3.13/site-packages/keras/src/utils/traceback_utils.py"", line 117, in error_handler

  File ""/mnt/d/CNN-Optimization-using-ACO/.venv-linux/lib/python3.13/site-packages/keras/src/backend/tensorflow/trainer.py"", line 399, in fit

  File ""/mnt/d/CNN-Optimization-using-ACO/.venv-linux/lib/python3.13/site-packages/keras/src/backend/tensorflow/trainer.py"", line 241, in function

  File ""/mnt/d/CNN-Optimization-using-ACO/.venv-linux/lib/python3.13/site-packages/keras/src/backend/tensorflow/trainer.py"", line 154, in multi_step_on_iterator

  File ""/mnt/d/CNN-Optimization-using-ACO/.venv-linux/lib/python3.13/site-packages/keras/src/backend/tensorflow/trainer.py"", line 125, in wrapper

  File ""/mnt/d/CNN-Optimization-using-ACO/.venv-linux/lib/python3.13/site-packages/keras/src/backend/tensorflow/trainer.py"", line 134, in one_step_on_data

  File ""/mnt/d/CNN-Optimization-using-ACO/.venv-linux/lib/python3.13/site-packages/keras/src/backend/tensorflow/trainer.py"", line 59, in train_step

  File ""/mnt/d/CNN-Optimization-using-ACO/.venv-linux/lib/python3.13/site-packages/keras/src/utils/traceback_utils.py"", line 117, in error_handler

  File ""/mnt/d/CNN-Optimization-using-ACO/.venv-linux/lib/python3.13/site-packages/keras/src/layers/layer.py"", line 1002, in __call__

  File ""/mnt/d/CNN-Optimization-using-ACO/.venv-linux/lib/python3.13/site-packages/keras/src/utils/traceback_utils.py"", line 117, in error_handler

  File ""/mnt/d/CNN-Optimization-using-ACO/.venv-linux/lib/python3.13/site-packages/keras/src/ops/operation.py"", line 63, in __call__

  File ""/mnt/d/CNN-Optimization-using-ACO/.venv-linux/lib/python3.13/site-packages/keras/src/utils/traceback_utils.py"", line 156, in error_handler

  File ""/mnt/d/CNN-Optimization-using-ACO/.venv-linux/lib/python3.13/site-packages/keras/src/models/sequential.py"", line 239, in call

  File ""/mnt/d/CNN-Optimization-using-ACO/.venv-linux/lib/python3.13/site-packages/keras/src/models/functional.py"", line 184, in call

  File ""/mnt/d/CNN-Optimization-using-ACO/.venv-linux/lib/python3.13/site-packages/keras/src/ops/function.py"", line 210, in _run_through_graph

  File ""/mnt/d/CNN-Optimization-using-ACO/.venv-linux/lib/python3.13/site-packages/keras/src/models/functional.py"", line 707, in call

  File ""/mnt/d/CNN-Optimization-using-ACO/.venv-linux/lib/python3.13/site-packages/keras/src/utils/traceback_utils.py"", line 117, in error_handler

  File ""/mnt/d/CNN-Optimization-using-ACO/.venv-linux/lib/python3.13/site-packages/keras/src/layers/layer.py"", line 1002, in __call__

  File ""/mnt/d/CNN-Optimization-using-ACO/.venv-linux/lib/python3.13/site-packages/keras/src/utils/traceback_utils.py"", line 117, in error_handler

  File ""/mnt/d/CNN-Optimization-using-ACO/.venv-linux/lib/python3.13/site-packages/keras/src/ops/operation.py"", line 63, in __call__

  File ""/mnt/d/CNN-Optimization-using-ACO/.venv-linux/lib/python3.13/site-packages/keras/src/utils/traceback_utils.py"", line 156, in error_handler

  File ""/mnt/d/CNN-Optimization-using-ACO/.venv-linux/lib/python3.13/site-packages/keras/src/layers/convolutional/base_conv.py"", line 266, in call

  File ""/mnt/d/CNN-Optimization-using-ACO/.venv-linux/lib/python3.13/site-packages/keras/src/activations/activations.py"", line 47, in relu

  File ""/mnt/d/CNN-Optimization-using-ACO/.venv-linux/lib/python3.13/site-packages/keras/src/activations/activations.py"", line 99, in static_call

  File ""/mnt/d/CNN-Optimization-using-ACO/.venv-linux/lib/python3.13/site-packages/keras/src/backend/tensorflow/nn.py"", line 34, in relu

OOM when allocating tensor with shape[128,32,28,28] and type float on /job:localhost/replica:0/task:0/device:GPU:0 by allocator GPU_0_bfc
	 [[{{node sequential_1/conv2d_1/Relu}}]]
Hint: If you want to see a list of allocated tensors when OOM happens, add report_tensor_allocations_upon_oom to RunOptions for current allocation info. This isn't available when running in Eager mode.
 [Op:__inference_multi_step_on_iterator_1082477]",,,False,"{""activation"": [0.07992788461538461, 0.14603365384615385, 0.18449519230769232, 0.1015625, 0.10516826923076923, 0.20252403846153846, 0.0751201923076923, 0.10516826923076923], ""batch_size"": [0.03545673076923077, 0.12319711538461539, 0.1640625, 0.08233173076923077, 0.20012019230769232, 0.05588942307692308, 0.28185096153846156, 0.05709134615384615], ""dense_units_1"": [0.0859375, 0.0751201923076923, 0.1388221153846154, 0.1484375, 0.17247596153846154, 0.1268028846153846, 0.06911057692307693, 0.18329326923076922], ""dense_units_2"": [0.22896634615384615, 0.07151442307692307, 0.0751201923076923, 0.2614182692307692, 0.07752403846153846, 0.07992788461538461, 0.07992788461538461, 0.12560096153846154], ""dropout_1"": [0.07151442307692307, 0.15324519230769232, 0.07992788461538461, 0.03545673076923077, 0.13040865384615385, 0.20853365384615385, 0.0907451923076923, 0.23016826923076922], ""dropout_2"": [0.10036057692307693, 0.1736778846153846, 0.03545673076923077, 0.11478365384615384, 0.09435096153846154, 0.21334134615384615, 0.18209134615384615, 0.0859375], ""loss"": [0.14362980769230768, 0.08954326923076923, 0.19411057692307693, 0.16286057692307693, 0.06310096153846154, 0.07151442307692307, 0.1736778846153846, 0.1015625], ""optimizer"": [0.16045673076923078, 0.04146634615384615, 0.29507211538461536, 0.1580528846153846, 0.15685096153846154, 0.01622596153846154, 0.0859375, 0.0859375]}",False,False,selu,pending
paper_conventional-main-ants20-iterations5-epochs5-seed-43,paper_conventional,paper_faithful,iteration_based_paper_interpretation,main,20,5,5,43,4,5,05b1a2481e1363dd,64,64,0.6,0.8,512,linear,adagrad,binary_crossentropy,,,,,,,,11.043848511999386,failed,"ResourceExhaustedError: Graph execution error:

Detected at node sequential_1/conv2d_1/Relu defined at (most recent call last):
  File ""/mnt/d/CNN-Optimization-using-ACO/ACO.py"", line 287, in <module>

  File ""/mnt/d/CNN-Optimization-using-ACO/ACO.py"", line 152, in main

  File ""/mnt/d/CNN-Optimization-using-ACO/experiment_runner.py"", line 538, in run_primary_experiments

  File ""/mnt/d/CNN-Optimization-using-ACO/experiment_runner.py"", line 585, in _run_experiment_plan

  File ""/mnt/d/CNN-Optimization-using-ACO/experiment_runner.py"", line 251, in _run_one_seed

  File ""/mnt/d/CNN-Optimization-using-ACO/aco_optimizer.py"", line 280, in run

  File ""/mnt/d/CNN-Optimization-using-ACO/aco_optimizer.py"", line 162, in _evaluate

  File ""/mnt/d/CNN-Optimization-using-ACO/ACO.py"", line 149, in <lambda>

  File ""/mnt/d/CNN-Optimization-using-ACO/evaluator.py"", line 180, in evaluate_candidate

  File ""/mnt/d/CNN-Optimization-using-ACO/.venv-linux/lib/python3.13/site-packages/keras/src/utils/traceback_utils.py"", line 117, in error_handler

  File ""/mnt/d/CNN-Optimization-using-ACO/.venv-linux/lib/python3.13/site-packages/keras/src/backend/tensorflow/trainer.py"", line 399, in fit

  File ""/mnt/d/CNN-Optimization-using-ACO/.venv-linux/lib/python3.13/site-packages/keras/src/backend/tensorflow/trainer.py"", line 241, in function

  File ""/mnt/d/CNN-Optimization-using-ACO/.venv-linux/lib/python3.13/site-packages/keras/src/backend/tensorflow/trainer.py"", line 154, in multi_step_on_iterator

  File ""/mnt/d/CNN-Optimization-using-ACO/.venv-linux/lib/python3.13/site-packages/keras/src/backend/tensorflow/trainer.py"", line 125, in wrapper

  File ""/mnt/d/CNN-Optimization-using-ACO/.venv-linux/lib/python3.13/site-packages/keras/src/backend/tensorflow/trainer.py"", line 134, in one_step_on_data

  File ""/mnt/d/CNN-Optimization-using-ACO/.venv-linux/lib/python3.13/site-packages/keras/src/backend/tensorflow/trainer.py"", line 59, in train_step

  File ""/mnt/d/CNN-Optimization-using-ACO/.venv-linux/lib/python3.13/site-packages/keras/src/utils/traceback_utils.py"", line 117, in error_handler

  File ""/mnt/d/CNN-Optimization-using-ACO/.venv-linux/lib/python3.13/site-packages/keras/src/layers/layer.py"", line 1002, in __call__

  File ""/mnt/d/CNN-Optimization-using-ACO/.venv-linux/lib/python3.13/site-packages/keras/src/utils/traceback_utils.py"", line 117, in error_handler

  File ""/mnt/d/CNN-Optimization-using-ACO/.venv-linux/lib/python3.13/site-packages/keras/src/ops/operation.py"", line 63, in __call__

  File ""/mnt/d/CNN-Optimization-using-ACO/.venv-linux/lib/python3.13/site-packages/keras/src/utils/traceback_utils.py"", line 156, in error_handler

  File ""/mnt/d/CNN-Optimization-using-ACO/.venv-linux/lib/python3.13/site-packages/keras/src/models/sequential.py"", line 239, in call

  File ""/mnt/d/CNN-Optimization-using-ACO/.venv-linux/lib/python3.13/site-packages/keras/src/models/functional.py"", line 184, in call

  File ""/mnt/d/CNN-Optimization-using-ACO/.venv-linux/lib/python3.13/site-packages/keras/src/ops/function.py"", line 210, in _run_through_graph

  File ""/mnt/d/CNN-Optimization-using-ACO/.venv-linux/lib/python3.13/site-packages/keras/src/models/functional.py"", line 707, in call

  File ""/mnt/d/CNN-Optimization-using-ACO/.venv-linux/lib/python3.13/site-packages/keras/src/utils/traceback_utils.py"", line 117, in error_handler

  File ""/mnt/d/CNN-Optimization-using-ACO/.venv-linux/lib/python3.13/site-packages/keras/src/layers/layer.py"", line 1002, in __call__

  File ""/mnt/d/CNN-Optimization-using-ACO/.venv-linux/lib/python3.13/site-packages/keras/src/utils/traceback_utils.py"", line 117, in error_handler

  File ""/mnt/d/CNN-Optimization-using-ACO/.venv-linux/lib/python3.13/site-packages/keras/src/ops/operation.py"", line 63, in __call__

  File ""/mnt/d/CNN-Optimization-using-ACO/.venv-linux/lib/python3.13/site-packages/keras/src/utils/traceback_utils.py"", line 156, in error_handler

  File ""/mnt/d/CNN-Optimization-using-ACO/.venv-linux/lib/python3.13/site-packages/keras/src/layers/convolutional/base_conv.py"", line 266, in call

  File ""/mnt/d/CNN-Optimization-using-ACO/.venv-linux/lib/python3.13/site-packages/keras/src/activations/activations.py"", line 47, in relu

  File ""/mnt/d/CNN-Optimization-using-ACO/.venv-linux/lib/python3.13/site-packages/keras/src/activations/activations.py"", line 99, in static_call

  File ""/mnt/d/CNN-Optimization-using-ACO/.venv-linux/lib/python3.13/site-packages/keras/src/backend/tensorflow/nn.py"", line 34, in relu

OOM when allocating tensor with shape[128,32,28,28] and type float on /job:localhost/replica:0/task:0/device:GPU:0 by allocator GPU_0_bfc
	 [[{{node sequential_1/conv2d_1/Relu}}]]
Hint: If you want to see a list of allocated tensors when OOM happens, add report_tensor_allocations_upon_oom to RunOptions for current allocation info. This isn't available when running in Eager mode.
 [Op:__inference_multi_step_on_iterator_1084337]",,,False,"{""activation"": [0.07992788461538461, 0.14603365384615385, 0.18449519230769232, 0.1015625, 0.10516826923076923, 0.20252403846153846, 0.0751201923076923, 0.10516826923076923], ""batch_size"": [0.03545673076923077, 0.12319711538461539, 0.1640625, 0.08233173076923077, 0.20012019230769232, 0.05588942307692308, 0.28185096153846156, 0.05709134615384615], ""dense_units_1"": [0.0859375, 0.0751201923076923, 0.1388221153846154, 0.1484375, 0.17247596153846154, 0.1268028846153846, 0.06911057692307693, 0.18329326923076922], ""dense_units_2"": [0.22896634615384615, 0.07151442307692307, 0.0751201923076923, 0.2614182692307692, 0.07752403846153846, 0.07992788461538461, 0.07992788461538461, 0.12560096153846154], ""dropout_1"": [0.07151442307692307, 0.15324519230769232, 0.07992788461538461, 0.03545673076923077, 0.13040865384615385, 0.20853365384615385, 0.0907451923076923, 0.23016826923076922], ""dropout_2"": [0.10036057692307693, 0.1736778846153846, 0.03545673076923077, 0.11478365384615384, 0.09435096153846154, 0.21334134615384615, 0.18209134615384615, 0.0859375], ""loss"": [0.14362980769230768, 0.08954326923076923, 0.19411057692307693, 0.16286057692307693, 0.06310096153846154, 0.07151442307692307, 0.1736778846153846, 0.1015625], ""optimizer"": [0.16045673076923078, 0.04146634615384615, 0.29507211538461536, 0.1580528846153846, 0.15685096153846154, 0.01622596153846154, 0.0859375, 0.0859375]}",False,False,linier,pending
paper_conventional-main-ants20-iterations5-epochs5-seed-43,paper_conventional,paper_faithful,iteration_based_paper_interpretation,main,20,5,5,43,4,6,110e75f714ca3009,16,2048,0.7,0.2,64,softplus,sgd,mean_absolute_error,,,,,,,,0.6620186290001584,failed,"UnknownError: Graph execution error:

Detected at node gradient_tape/sequential_1/conv2d_1_2/convolution/Conv2DBackpropFilter defined at (most recent call last):
  File ""/mnt/d/CNN-Optimization-using-ACO/ACO.py"", line 287, in <module>

  File ""/mnt/d/CNN-Optimization-using-ACO/ACO.py"", line 152, in main

  File ""/mnt/d/CNN-Optimization-using-ACO/experiment_runner.py"", line 538, in run_primary_experiments

  File ""/mnt/d/CNN-Optimization-using-ACO/experiment_runner.py"", line 585, in _run_experiment_plan

  File ""/mnt/d/CNN-Optimization-using-ACO/experiment_runner.py"", line 251, in _run_one_seed

  File ""/mnt/d/CNN-Optimization-using-ACO/aco_optimizer.py"", line 280, in run

  File ""/mnt/d/CNN-Optimization-using-ACO/aco_optimizer.py"", line 162, in _evaluate

  File ""/mnt/d/CNN-Optimization-using-ACO/ACO.py"", line 149, in <lambda>

  File ""/mnt/d/CNN-Optimization-using-ACO/evaluator.py"", line 180, in evaluate_candidate

  File ""/mnt/d/CNN-Optimization-using-ACO/.venv-linux/lib/python3.13/site-packages/keras/src/utils/traceback_utils.py"", line 117, in error_handler

  File ""/mnt/d/CNN-Optimization-using-ACO/.venv-linux/lib/python3.13/site-packages/keras/src/backend/tensorflow/trainer.py"", line 399, in fit

  File ""/mnt/d/CNN-Optimization-using-ACO/.venv-linux/lib/python3.13/site-packages/keras/src/backend/tensorflow/trainer.py"", line 241, in function

  File ""/mnt/d/CNN-Optimization-using-ACO/.venv-linux/lib/python3.13/site-packages/keras/src/backend/tensorflow/trainer.py"", line 154, in multi_step_on_iterator

  File ""/mnt/d/CNN-Optimization-using-ACO/.venv-linux/lib/python3.13/site-packages/keras/src/backend/tensorflow/trainer.py"", line 125, in wrapper

  File ""/mnt/d/CNN-Optimization-using-ACO/.venv-linux/lib/python3.13/site-packages/keras/src/backend/tensorflow/trainer.py"", line 134, in one_step_on_data

  File ""/mnt/d/CNN-Optimization-using-ACO/.venv-linux/lib/python3.13/site-packages/keras/src/backend/tensorflow/trainer.py"", line 81, in train_step

CUDNN failed to allocate the scratch space for the runner or to find a working no-scratch runner.
	 [[{{node gradient_tape/sequential_1/conv2d_1_2/convolution/Conv2DBackpropFilter}}]] [Op:__inference_multi_step_on_iterator_1085502]",,,False,"{""activation"": [0.07992788461538461, 0.14603365384615385, 0.18449519230769232, 0.1015625, 0.10516826923076923, 0.20252403846153846, 0.0751201923076923, 0.10516826923076923], ""batch_size"": [0.03545673076923077, 0.12319711538461539, 0.1640625, 0.08233173076923077, 0.20012019230769232, 0.05588942307692308, 0.28185096153846156, 0.05709134615384615], ""dense_units_1"": [0.0859375, 0.0751201923076923, 0.1388221153846154, 0.1484375, 0.17247596153846154, 0.1268028846153846, 0.06911057692307693, 0.18329326923076922], ""dense_units_2"": [0.22896634615384615, 0.07151442307692307, 0.0751201923076923, 0.2614182692307692, 0.07752403846153846, 0.07992788461538461, 0.07992788461538461, 0.12560096153846154], ""dropout_1"": [0.07151442307692307, 0.15324519230769232, 0.07992788461538461, 0.03545673076923077, 0.13040865384615385, 0.20853365384615385, 0.0907451923076923, 0.23016826923076922], ""dropout_2"": [0.10036057692307693, 0.1736778846153846, 0.03545673076923077, 0.11478365384615384, 0.09435096153846154, 0.21334134615384615, 0.18209134615384615, 0.0859375], ""loss"": [0.14362980769230768, 0.08954326923076923, 0.19411057692307693, 0.16286057692307693, 0.06310096153846154, 0.07151442307692307, 0.1736778846153846, 0.1015625], ""optimizer"": [0.16045673076923078, 0.04146634615384615, 0.29507211538461536, 0.1580528846153846, 0.15685096153846154, 0.01622596153846154, 0.0859375, 0.0859375]}",False,False,softplus,pending
paper_conventional-main-ants20-iterations5-epochs5-seed-43,paper_conventional,paper_faithful,iteration_based_paper_interpretation,main,20,5,5,43,4,7,0dcb8e621248bfe9,1024,64,0.3,0.2,256,softplus,adam,binary_crossentropy,,,,,,,,10.136217801000384,failed,ResourceExhaustedError: {{function_node __wrapped__AddV2_device_/job:localhost/replica:0/task:0/device:GPU:0}} failed to allocate memory [Op:AddV2] name: ,,,False,"{""activation"": [0.07992788461538461, 0.14603365384615385, 0.18449519230769232, 0.1015625, 0.10516826923076923, 0.20252403846153846, 0.0751201923076923, 0.10516826923076923], ""batch_size"": [0.03545673076923077, 0.12319711538461539, 0.1640625, 0.08233173076923077, 0.20012019230769232, 0.05588942307692308, 0.28185096153846156, 0.05709134615384615], ""dense_units_1"": [0.0859375, 0.0751201923076923, 0.1388221153846154, 0.1484375, 0.17247596153846154, 0.1268028846153846, 0.06911057692307693, 0.18329326923076922], ""dense_units_2"": [0.22896634615384615, 0.07151442307692307, 0.0751201923076923, 0.2614182692307692, 0.07752403846153846, 0.07992788461538461, 0.07992788461538461, 0.12560096153846154], ""dropout_1"": [0.07151442307692307, 0.15324519230769232, 0.07992788461538461, 0.03545673076923077, 0.13040865384615385, 0.20853365384615385, 0.0907451923076923, 0.23016826923076922], ""dropout_2"": [0.10036057692307693, 0.1736778846153846, 0.03545673076923077, 0.11478365384615384, 0.09435096153846154, 0.21334134615384615, 0.18209134615384615, 0.0859375], ""loss"": [0.14362980769230768, 0.08954326923076923, 0.19411057692307693, 0.16286057692307693, 0.06310096153846154, 0.07151442307692307, 0.1736778846153846, 0.1015625], ""optimizer"": [0.16045673076923078, 0.04146634615384615, 0.29507211538461536, 0.1580528846153846, 0.15685096153846154, 0.01622596153846154, 0.0859375, 0.0859375]}",False,False,softplus,pending
paper_conventional-main-ants20-iterations5-epochs5-seed-43,paper_conventional,paper_faithful,iteration_based_paper_interpretation,main,20,5,5,43,4,8,32ed8c8be2412549,64,256,0.5,0.2,2048,gelu,adadelta,categorical_hinge,,,,,,,,11.449056063000171,failed,"ResourceExhaustedError: Graph execution error:

Detected at node sequential_1/conv2d_1/Relu defined at (most recent call last):
  File ""/mnt/d/CNN-Optimization-using-ACO/ACO.py"", line 287, in <module>

  File ""/mnt/d/CNN-Optimization-using-ACO/ACO.py"", line 152, in main

  File ""/mnt/d/CNN-Optimization-using-ACO/experiment_runner.py"", line 538, in run_primary_experiments

  File ""/mnt/d/CNN-Optimization-using-ACO/experiment_runner.py"", line 585, in _run_experiment_plan

  File ""/mnt/d/CNN-Optimization-using-ACO/experiment_runner.py"", line 251, in _run_one_seed

  File ""/mnt/d/CNN-Optimization-using-ACO/aco_optimizer.py"", line 280, in run

  File ""/mnt/d/CNN-Optimization-using-ACO/aco_optimizer.py"", line 162, in _evaluate

  File ""/mnt/d/CNN-Optimization-using-ACO/ACO.py"", line 149, in <lambda>

  File ""/mnt/d/CNN-Optimization-using-ACO/evaluator.py"", line 180, in evaluate_candidate

  File ""/mnt/d/CNN-Optimization-using-ACO/.venv-linux/lib/python3.13/site-packages/keras/src/utils/traceback_utils.py"", line 117, in error_handler

  File ""/mnt/d/CNN-Optimization-using-ACO/.venv-linux/lib/python3.13/site-packages/keras/src/backend/tensorflow/trainer.py"", line 399, in fit

  File ""/mnt/d/CNN-Optimization-using-ACO/.venv-linux/lib/python3.13/site-packages/keras/src/backend/tensorflow/trainer.py"", line 241, in function

  File ""/mnt/d/CNN-Optimization-using-ACO/.venv-linux/lib/python3.13/site-packages/keras/src/backend/tensorflow/trainer.py"", line 154, in multi_step_on_iterator

  File ""/mnt/d/CNN-Optimization-using-ACO/.venv-linux/lib/python3.13/site-packages/keras/src/backend/tensorflow/trainer.py"", line 125, in wrapper

  File ""/mnt/d/CNN-Optimization-using-ACO/.venv-linux/lib/python3.13/site-packages/keras/src/backend/tensorflow/trainer.py"", line 134, in one_step_on_data

  File ""/mnt/d/CNN-Optimization-using-ACO/.venv-linux/lib/python3.13/site-packages/keras/src/backend/tensorflow/trainer.py"", line 59, in train_step

  File ""/mnt/d/CNN-Optimization-using-ACO/.venv-linux/lib/python3.13/site-packages/keras/src/utils/traceback_utils.py"", line 117, in error_handler

  File ""/mnt/d/CNN-Optimization-using-ACO/.venv-linux/lib/python3.13/site-packages/keras/src/layers/layer.py"", line 1002, in __call__

  File ""/mnt/d/CNN-Optimization-using-ACO/.venv-linux/lib/python3.13/site-packages/keras/src/utils/traceback_utils.py"", line 117, in error_handler

  File ""/mnt/d/CNN-Optimization-using-ACO/.venv-linux/lib/python3.13/site-packages/keras/src/ops/operation.py"", line 63, in __call__

  File ""/mnt/d/CNN-Optimization-using-ACO/.venv-linux/lib/python3.13/site-packages/keras/src/utils/traceback_utils.py"", line 156, in error_handler

  File ""/mnt/d/CNN-Optimization-using-ACO/.venv-linux/lib/python3.13/site-packages/keras/src/models/sequential.py"", line 239, in call

  File ""/mnt/d/CNN-Optimization-using-ACO/.venv-linux/lib/python3.13/site-packages/keras/src/models/functional.py"", line 184, in call

  File ""/mnt/d/CNN-Optimization-using-ACO/.venv-linux/lib/python3.13/site-packages/keras/src/ops/function.py"", line 210, in _run_through_graph

  File ""/mnt/d/CNN-Optimization-using-ACO/.venv-linux/lib/python3.13/site-packages/keras/src/models/functional.py"", line 707, in call

  File ""/mnt/d/CNN-Optimization-using-ACO/.venv-linux/lib/python3.13/site-packages/keras/src/utils/traceback_utils.py"", line 117, in error_handler

  File ""/mnt/d/CNN-Optimization-using-ACO/.venv-linux/lib/python3.13/site-packages/keras/src/layers/layer.py"", line 1002, in __call__

  File ""/mnt/d/CNN-Optimization-using-ACO/.venv-linux/lib/python3.13/site-packages/keras/src/utils/traceback_utils.py"", line 117, in error_handler

  File ""/mnt/d/CNN-Optimization-using-ACO/.venv-linux/lib/python3.13/site-packages/keras/src/ops/operation.py"", line 63, in __call__

  File ""/mnt/d/CNN-Optimization-using-ACO/.venv-linux/lib/python3.13/site-packages/keras/src/utils/traceback_utils.py"", line 156, in error_handler

  File ""/mnt/d/CNN-Optimization-using-ACO/.venv-linux/lib/python3.13/site-packages/keras/src/layers/convolutional/base_conv.py"", line 266, in call

  File ""/mnt/d/CNN-Optimization-using-ACO/.venv-linux/lib/python3.13/site-packages/keras/src/activations/activations.py"", line 47, in relu

  File ""/mnt/d/CNN-Optimization-using-ACO/.venv-linux/lib/python3.13/site-packages/keras/src/activations/activations.py"", line 99, in static_call

  File ""/mnt/d/CNN-Optimization-using-ACO/.venv-linux/lib/python3.13/site-packages/keras/src/backend/tensorflow/nn.py"", line 34, in relu

OOM when allocating tensor with shape[128,32,28,28] and type float on /job:localhost/replica:0/task:0/device:GPU:0 by allocator GPU_0_bfc
	 [[{{node sequential_1/conv2d_1/Relu}}]]
Hint: If you want to see a list of allocated tensors when OOM happens, add report_tensor_allocations_upon_oom to RunOptions for current allocation info. This isn't available when running in Eager mode.
 [Op:__inference_multi_step_on_iterator_1088330]",,,False,"{""activation"": [0.07992788461538461, 0.14603365384615385, 0.18449519230769232, 0.1015625, 0.10516826923076923, 0.20252403846153846, 0.0751201923076923, 0.10516826923076923], ""batch_size"": [0.03545673076923077, 0.12319711538461539, 0.1640625, 0.08233173076923077, 0.20012019230769232, 0.05588942307692308, 0.28185096153846156, 0.05709134615384615], ""dense_units_1"": [0.0859375, 0.0751201923076923, 0.1388221153846154, 0.1484375, 0.17247596153846154, 0.1268028846153846, 0.06911057692307693, 0.18329326923076922], ""dense_units_2"": [0.22896634615384615, 0.07151442307692307, 0.0751201923076923, 0.2614182692307692, 0.07752403846153846, 0.07992788461538461, 0.07992788461538461, 0.12560096153846154], ""dropout_1"": [0.07151442307692307, 0.15324519230769232, 0.07992788461538461, 0.03545673076923077, 0.13040865384615385, 0.20853365384615385, 0.0907451923076923, 0.23016826923076922], ""dropout_2"": [0.10036057692307693, 0.1736778846153846, 0.03545673076923077, 0.11478365384615384, 0.09435096153846154, 0.21334134615384615, 0.18209134615384615, 0.0859375], ""loss"": [0.14362980769230768, 0.08954326923076923, 0.19411057692307693, 0.16286057692307693, 0.06310096153846154, 0.07151442307692307, 0.1736778846153846, 0.1015625], ""optimizer"": [0.16045673076923078, 0.04146634615384615, 0.29507211538461536, 0.1580528846153846, 0.15685096153846154, 0.01622596153846154, 0.0859375, 0.0859375]}",False,False,gelu,pending
paper_conventional-main-ants20-iterations5-epochs5-seed-43,paper_conventional,paper_faithful,iteration_based_paper_interpretation,main,20,5,5,43,4,9,74b211692f547d68,2048,16,0.8,0.6,32,relu,adagrad,binary_crossentropy,,,,,,,,10.160710760999791,failed,"ResourceExhaustedError: {{function_node __wrapped__StatelessRandomUniformV2_device_/job:localhost/replica:0/task:0/device:GPU:0}} OOM when allocating tensor with shape[3136,2048] and type float on /job:localhost/replica:0/task:0/device:GPU:0 by allocator GPU_0_bfc [Op:StatelessRandomUniformV2] name: ",,,False,"{""activation"": [0.07992788461538461, 0.14603365384615385, 0.18449519230769232, 0.1015625, 0.10516826923076923, 0.20252403846153846, 0.0751201923076923, 0.10516826923076923], ""batch_size"": [0.03545673076923077, 0.12319711538461539, 0.1640625, 0.08233173076923077, 0.20012019230769232, 0.05588942307692308, 0.28185096153846156, 0.05709134615384615], ""dense_units_1"": [0.0859375, 0.0751201923076923, 0.1388221153846154, 0.1484375, 0.17247596153846154, 0.1268028846153846, 0.06911057692307693, 0.18329326923076922], ""dense_units_2"": [0.22896634615384615, 0.07151442307692307, 0.0751201923076923, 0.2614182692307692, 0.07752403846153846, 0.07992788461538461, 0.07992788461538461, 0.12560096153846154], ""dropout_1"": [0.07151442307692307, 0.15324519230769232, 0.07992788461538461, 0.03545673076923077, 0.13040865384615385, 0.20853365384615385, 0.0907451923076923, 0.23016826923076922], ""dropout_2"": [0.10036057692307693, 0.1736778846153846, 0.03545673076923077, 0.11478365384615384, 0.09435096153846154, 0.21334134615384615, 0.18209134615384615, 0.0859375], ""loss"": [0.14362980769230768, 0.08954326923076923, 0.19411057692307693, 0.16286057692307693, 0.06310096153846154, 0.07151442307692307, 0.1736778846153846, 0.1015625], ""optimizer"": [0.16045673076923078, 0.04146634615384615, 0.29507211538461536, 0.1580528846153846, 0.15685096153846154, 0.01622596153846154, 0.0859375, 0.0859375]}",False,False,relu,pending
paper_conventional-main-ants20-iterations5-epochs5-seed-43,paper_conventional,paper_faithful,iteration_based_paper_interpretation,main,20,5,5,43,4,10,5ab6ed7e9184db49,2048,256,0.8,0.6,2048,relu,adagrad,binary_crossentropy,,,,,,,,10.138256700998681,failed,"ResourceExhaustedError: {{function_node __wrapped__StatelessRandomUniformV2_device_/job:localhost/replica:0/task:0/device:GPU:0}} OOM when allocating tensor with shape[3136,2048] and type float on /job:localhost/replica:0/task:0/device:GPU:0 by allocator GPU_0_bfc [Op:StatelessRandomUniformV2] name: ",,,False,"{""activation"": [0.07992788461538461, 0.14603365384615385, 0.18449519230769232, 0.1015625, 0.10516826923076923, 0.20252403846153846, 0.0751201923076923, 0.10516826923076923], ""batch_size"": [0.03545673076923077, 0.12319711538461539, 0.1640625, 0.08233173076923077, 0.20012019230769232, 0.05588942307692308, 0.28185096153846156, 0.05709134615384615], ""dense_units_1"": [0.0859375, 0.0751201923076923, 0.1388221153846154, 0.1484375, 0.17247596153846154, 0.1268028846153846, 0.06911057692307693, 0.18329326923076922], ""dense_units_2"": [0.22896634615384615, 0.07151442307692307, 0.0751201923076923, 0.2614182692307692, 0.07752403846153846, 0.07992788461538461, 0.07992788461538461, 0.12560096153846154], ""dropout_1"": [0.07151442307692307, 0.15324519230769232, 0.07992788461538461, 0.03545673076923077, 0.13040865384615385, 0.20853365384615385, 0.0907451923076923, 0.23016826923076922], ""dropout_2"": [0.10036057692307693, 0.1736778846153846, 0.03545673076923077, 0.11478365384615384, 0.09435096153846154, 0.21334134615384615, 0.18209134615384615, 0.0859375], ""loss"": [0.14362980769230768, 0.08954326923076923, 0.19411057692307693, 0.16286057692307693, 0.06310096153846154, 0.07151442307692307, 0.1736778846153846, 0.1015625], ""optimizer"": [0.16045673076923078, 0.04146634615384615, 0.29507211538461536, 0.1580528846153846, 0.15685096153846154, 0.01622596153846154, 0.0859375, 0.0859375]}",False,False,relu,pending
paper_conventional-main-ants20-iterations5-epochs5-seed-43,paper_conventional,paper_faithful,iteration_based_paper_interpretation,main,20,5,5,43,4,11,2fc05d8da7d149a3,256,128,0.6,0.2,256,selu,rmsprop,sparse_categorical_crossentropy,,,,,,,,11.258304630000566,failed,"ResourceExhaustedError: Graph execution error:

Detected at node sequential_1/conv2d_1/Relu defined at (most recent call last):
  File ""/mnt/d/CNN-Optimization-using-ACO/ACO.py"", line 287, in <module>

  File ""/mnt/d/CNN-Optimization-using-ACO/ACO.py"", line 152, in main

  File ""/mnt/d/CNN-Optimization-using-ACO/experiment_runner.py"", line 538, in run_primary_experiments

  File ""/mnt/d/CNN-Optimization-using-ACO/experiment_runner.py"", line 585, in _run_experiment_plan

  File ""/mnt/d/CNN-Optimization-using-ACO/experiment_runner.py"", line 251, in _run_one_seed

  File ""/mnt/d/CNN-Optimization-using-ACO/aco_optimizer.py"", line 280, in run

  File ""/mnt/d/CNN-Optimization-using-ACO/aco_optimizer.py"", line 162, in _evaluate

  File ""/mnt/d/CNN-Optimization-using-ACO/ACO.py"", line 149, in <lambda>

  File ""/mnt/d/CNN-Optimization-using-ACO/evaluator.py"", line 180, in evaluate_candidate

  File ""/mnt/d/CNN-Optimization-using-ACO/.venv-linux/lib/python3.13/site-packages/keras/src/utils/traceback_utils.py"", line 117, in error_handler

  File ""/mnt/d/CNN-Optimization-using-ACO/.venv-linux/lib/python3.13/site-packages/keras/src/backend/tensorflow/trainer.py"", line 399, in fit

  File ""/mnt/d/CNN-Optimization-using-ACO/.venv-linux/lib/python3.13/site-packages/keras/src/backend/tensorflow/trainer.py"", line 241, in function

  File ""/mnt/d/CNN-Optimization-using-ACO/.venv-linux/lib/python3.13/site-packages/keras/src/backend/tensorflow/trainer.py"", line 154, in multi_step_on_iterator

  File ""/mnt/d/CNN-Optimization-using-ACO/.venv-linux/lib/python3.13/site-packages/keras/src/backend/tensorflow/trainer.py"", line 125, in wrapper

  File ""/mnt/d/CNN-Optimization-using-ACO/.venv-linux/lib/python3.13/site-packages/keras/src/backend/tensorflow/trainer.py"", line 134, in one_step_on_data

  File ""/mnt/d/CNN-Optimization-using-ACO/.venv-linux/lib/python3.13/site-packages/keras/src/backend/tensorflow/trainer.py"", line 59, in train_step

  File ""/mnt/d/CNN-Optimization-using-ACO/.venv-linux/lib/python3.13/site-packages/keras/src/utils/traceback_utils.py"", line 117, in error_handler

  File ""/mnt/d/CNN-Optimization-using-ACO/.venv-linux/lib/python3.13/site-packages/keras/src/layers/layer.py"", line 1002, in __call__

  File ""/mnt/d/CNN-Optimization-using-ACO/.venv-linux/lib/python3.13/site-packages/keras/src/utils/traceback_utils.py"", line 117, in error_handler

  File ""/mnt/d/CNN-Optimization-using-ACO/.venv-linux/lib/python3.13/site-packages/keras/src/ops/operation.py"", line 63, in __call__

  File ""/mnt/d/CNN-Optimization-using-ACO/.venv-linux/lib/python3.13/site-packages/keras/src/utils/traceback_utils.py"", line 156, in error_handler

  File ""/mnt/d/CNN-Optimization-using-ACO/.venv-linux/lib/python3.13/site-packages/keras/src/models/sequential.py"", line 239, in call

  File ""/mnt/d/CNN-Optimization-using-ACO/.venv-linux/lib/python3.13/site-packages/keras/src/models/functional.py"", line 184, in call

  File ""/mnt/d/CNN-Optimization-using-ACO/.venv-linux/lib/python3.13/site-packages/keras/src/ops/function.py"", line 210, in _run_through_graph

  File ""/mnt/d/CNN-Optimization-using-ACO/.venv-linux/lib/python3.13/site-packages/keras/src/models/functional.py"", line 707, in call

  File ""/mnt/d/CNN-Optimization-using-ACO/.venv-linux/lib/python3.13/site-packages/keras/src/utils/traceback_utils.py"", line 117, in error_handler

  File ""/mnt/d/CNN-Optimization-using-ACO/.venv-linux/lib/python3.13/site-packages/keras/src/layers/layer.py"", line 1002, in __call__

  File ""/mnt/d/CNN-Optimization-using-ACO/.venv-linux/lib/python3.13/site-packages/keras/src/utils/traceback_utils.py"", line 117, in error_handler

  File ""/mnt/d/CNN-Optimization-using-ACO/.venv-linux/lib/python3.13/site-packages/keras/src/ops/operation.py"", line 63, in __call__

  File ""/mnt/d/CNN-Optimization-using-ACO/.venv-linux/lib/python3.13/site-packages/keras/src/utils/traceback_utils.py"", line 156, in error_handler

  File ""/mnt/d/CNN-Optimization-using-ACO/.venv-linux/lib/python3.13/site-packages/keras/src/layers/convolutional/base_conv.py"", line 266, in call

  File ""/mnt/d/CNN-Optimization-using-ACO/.venv-linux/lib/python3.13/site-packages/keras/src/activations/activations.py"", line 47, in relu

  File ""/mnt/d/CNN-Optimization-using-ACO/.venv-linux/lib/python3.13/site-packages/keras/src/activations/activations.py"", line 99, in static_call

  File ""/mnt/d/CNN-Optimization-using-ACO/.venv-linux/lib/python3.13/site-packages/keras/src/backend/tensorflow/nn.py"", line 34, in relu

OOM when allocating tensor with shape[128,28,28,32] and type float on /job:localhost/replica:0/task:0/device:GPU:0 by allocator GPU_0_bfc
	 [[{{node sequential_1/conv2d_1/Relu}}]]
Hint: If you want to see a list of allocated tensors when OOM happens, add report_tensor_allocations_upon_oom to RunOptions for current allocation info. This isn't available when running in Eager mode.
 [Op:__inference_multi_step_on_iterator_1090584]",,,False,"{""activation"": [0.07992788461538461, 0.14603365384615385, 0.18449519230769232, 0.1015625, 0.10516826923076923, 0.20252403846153846, 0.0751201923076923, 0.10516826923076923], ""batch_size"": [0.03545673076923077, 0.12319711538461539, 0.1640625, 0.08233173076923077, 0.20012019230769232, 0.05588942307692308, 0.28185096153846156, 0.05709134615384615], ""dense_units_1"": [0.0859375, 0.0751201923076923, 0.1388221153846154, 0.1484375, 0.17247596153846154, 0.1268028846153846, 0.06911057692307693, 0.18329326923076922], ""dense_units_2"": [0.22896634615384615, 0.07151442307692307, 0.0751201923076923, 0.2614182692307692, 0.07752403846153846, 0.07992788461538461, 0.07992788461538461, 0.12560096153846154], ""dropout_1"": [0.07151442307692307, 0.15324519230769232, 0.07992788461538461, 0.03545673076923077, 0.13040865384615385, 0.20853365384615385, 0.0907451923076923, 0.23016826923076922], ""dropout_2"": [0.10036057692307693, 0.1736778846153846, 0.03545673076923077, 0.11478365384615384, 0.09435096153846154, 0.21334134615384615, 0.18209134615384615, 0.0859375], ""loss"": [0.14362980769230768, 0.08954326923076923, 0.19411057692307693, 0.16286057692307693, 0.06310096153846154, 0.07151442307692307, 0.1736778846153846, 0.1015625], ""optimizer"": [0.16045673076923078, 0.04146634615384615, 0.29507211538461536, 0.1580528846153846, 0.15685096153846154, 0.01622596153846154, 0.0859375, 0.0859375]}",False,False,selu,pending
paper_conventional-main-ants20-iterations5-epochs5-seed-43,paper_conventional,paper_faithful,iteration_based_paper_interpretation,main,20,5,5,43,4,12,bfd22787133f9958,2048,64,0.3,0.3,1024,selu,nadam,categorical_hinge,,,,,,,,10.11560016600015,failed,"ResourceExhaustedError: {{function_node __wrapped__StatelessRandomUniformV2_device_/job:localhost/replica:0/task:0/device:GPU:0}} OOM when allocating tensor with shape[3136,2048] and type float on /job:localhost/replica:0/task:0/device:GPU:0 by allocator GPU_0_bfc [Op:StatelessRandomUniformV2] name: ",,,False,"{""activation"": [0.07992788461538461, 0.14603365384615385, 0.18449519230769232, 0.1015625, 0.10516826923076923, 0.20252403846153846, 0.0751201923076923, 0.10516826923076923], ""batch_size"": [0.03545673076923077, 0.12319711538461539, 0.1640625, 0.08233173076923077, 0.20012019230769232, 0.05588942307692308, 0.28185096153846156, 0.05709134615384615], ""dense_units_1"": [0.0859375, 0.0751201923076923, 0.1388221153846154, 0.1484375, 0.17247596153846154, 0.1268028846153846, 0.06911057692307693, 0.18329326923076922], ""dense_units_2"": [0.22896634615384615, 0.07151442307692307, 0.0751201923076923, 0.2614182692307692, 0.07752403846153846, 0.07992788461538461, 0.07992788461538461, 0.12560096153846154], ""dropout_1"": [0.07151442307692307, 0.15324519230769232, 0.07992788461538461, 0.03545673076923077, 0.13040865384615385, 0.20853365384615385, 0.0907451923076923, 0.23016826923076922], ""dropout_2"": [0.10036057692307693, 0.1736778846153846, 0.03545673076923077, 0.11478365384615384, 0.09435096153846154, 0.21334134615384615, 0.18209134615384615, 0.0859375], ""loss"": [0.14362980769230768, 0.08954326923076923, 0.19411057692307693, 0.16286057692307693, 0.06310096153846154, 0.07151442307692307, 0.1736778846153846, 0.1015625], ""optimizer"": [0.16045673076923078, 0.04146634615384615, 0.29507211538461536, 0.1580528846153846, 0.15685096153846154, 0.01622596153846154, 0.0859375, 0.0859375]}",False,False,selu,pending
paper_conventional-main-ants20-iterations5-epochs5-seed-43,paper_conventional,paper_faithful,iteration_based_paper_interpretation,main,20,5,5,43,4,13,8e67be1fc5aa8698,2048,16,0.2,0.7,1024,selu,adadelta,binary_crossentropy,,,,,,,,10.098848075000205,failed,"ResourceExhaustedError: {{function_node __wrapped__StatelessRandomUniformV2_device_/job:localhost/replica:0/task:0/device:GPU:0}} OOM when allocating tensor with shape[3136,2048] and type float on /job:localhost/replica:0/task:0/device:GPU:0 by allocator GPU_0_bfc [Op:StatelessRandomUniformV2] name: ",,,False,"{""activation"": [0.07992788461538461, 0.14603365384615385, 0.18449519230769232, 0.1015625, 0.10516826923076923, 0.20252403846153846, 0.0751201923076923, 0.10516826923076923], ""batch_size"": [0.03545673076923077, 0.12319711538461539, 0.1640625, 0.08233173076923077, 0.20012019230769232, 0.05588942307692308, 0.28185096153846156, 0.05709134615384615], ""dense_units_1"": [0.0859375, 0.0751201923076923, 0.1388221153846154, 0.1484375, 0.17247596153846154, 0.1268028846153846, 0.06911057692307693, 0.18329326923076922], ""dense_units_2"": [0.22896634615384615, 0.07151442307692307, 0.0751201923076923, 0.2614182692307692, 0.07752403846153846, 0.07992788461538461, 0.07992788461538461, 0.12560096153846154], ""dropout_1"": [0.07151442307692307, 0.15324519230769232, 0.07992788461538461, 0.03545673076923077, 0.13040865384615385, 0.20853365384615385, 0.0907451923076923, 0.23016826923076922], ""dropout_2"": [0.10036057692307693, 0.1736778846153846, 0.03545673076923077, 0.11478365384615384, 0.09435096153846154, 0.21334134615384615, 0.18209134615384615, 0.0859375], ""loss"": [0.14362980769230768, 0.08954326923076923, 0.19411057692307693, 0.16286057692307693, 0.06310096153846154, 0.07151442307692307, 0.1736778846153846, 0.1015625], ""optimizer"": [0.16045673076923078, 0.04146634615384615, 0.29507211538461536, 0.1580528846153846, 0.15685096153846154, 0.01622596153846154, 0.0859375, 0.0859375]}",False,False,selu,pending
