run_id,mode,family,mode_interpretation,budget,effective_ants,effective_iterations,effective_max_epochs,seed,iteration,ant_id,update_step,phase,hyperparameter,option_index,option_value,paper_label,pheromone,probability,run_status
paper_conventional-main-ants20-iterations5-epochs5-seed-43,paper_conventional,paper_faithful,iteration_based_paper_interpretation,main,20,5,5,43,1,,0,before_sampling,dense_units_1,0,16,16,1.0,0.125,pending
paper_conventional-main-ants20-iterations5-epochs5-seed-43,paper_conventional,paper_faithful,iteration_based_paper_interpretation,main,20,5,5,43,1,,0,before_sampling,dense_units_1,1,32,32,1.0,0.125,pending
paper_conventional-main-ants20-iterations5-epochs5-seed-43,paper_conventional,paper_faithful,iteration_based_paper_interpretation,main,20,5,5,43,1,,0,before_sampling,dense_units_1,2,64,64,1.0,0.125,pending
paper_conventional-main-ants20-iterations5-epochs5-seed-43,paper_conventional,paper_faithful,iteration_based_paper_interpretation,main,20,5,5,43,1,,0,before_sampling,dense_units_1,3,128,128,1.0,0.125,pending
paper_conventional-main-ants20-iterations5-epochs5-seed-43,paper_conventional,paper_faithful,iteration_based_paper_interpretation,main,20,5,5,43,1,,0,before_sampling,dense_units_1,4,256,256,1.0,0.125,pending
paper_conventional-main-ants20-iterations5-epochs5-seed-43,paper_conventional,paper_faithful,iteration_based_paper_interpretation,main,20,5,5,43,1,,0,before_sampling,dense_units_1,5,512,512,1.0,0.125,pending
paper_conventional-main-ants20-iterations5-epochs5-seed-43,paper_conventional,paper_faithful,iteration_based_paper_interpretation,main,20,5,5,43,1,,0,before_sampling,dense_units_1,6,1024,1024,1.0,0.125,pending
paper_conventional-main-ants20-iterations5-epochs5-seed-43,paper_conventional,paper_faithful,iteration_based_paper_interpretation,main,20,5,5,43,1,,0,before_sampling,dense_units_1,7,2048,2048,1.0,0.125,pending
paper_conventional-main-ants20-iterations5-epochs5-seed-43,paper_conventional,paper_faithful,iteration_based_paper_interpretation,main,20,5,5,43,1,,0,before_sampling,dense_units_2,0,16,16,1.0,0.125,pending
paper_conventional-main-ants20-iterations5-epochs5-seed-43,paper_conventional,paper_faithful,iteration_based_paper_interpretation,main,20,5,5,43,1,,0,before_sampling,dense_units_2,1,32,32,1.0,0.125,pending
paper_conventional-main-ants20-iterations5-epochs5-seed-43,paper_conventional,paper_faithful,iteration_based_paper_interpretation,main,20,5,5,43,1,,0,before_sampling,dense_units_2,2,64,64,1.0,0.125,pending
paper_conventional-main-ants20-iterations5-epochs5-seed-43,paper_conventional,paper_faithful,iteration_based_paper_interpretation,main,20,5,5,43,1,,0,before_sampling,dense_units_2,3,128,128,1.0,0.125,pending
paper_conventional-main-ants20-iterations5-epochs5-seed-43,paper_conventional,paper_faithful,iteration_based_paper_interpretation,main,20,5,5,43,1,,0,before_sampling,dense_units_2,4,256,256,1.0,0.125,pending
paper_conventional-main-ants20-iterations5-epochs5-seed-43,paper_conventional,paper_faithful,iteration_based_paper_interpretation,main,20,5,5,43,1,,0,before_sampling,dense_units_2,5,512,512,1.0,0.125,pending
paper_conventional-main-ants20-iterations5-epochs5-seed-43,paper_conventional,paper_faithful,iteration_based_paper_interpretation,main,20,5,5,43,1,,0,before_sampling,dense_units_2,6,1024,1024,1.0,0.125,pending
paper_conventional-main-ants20-iterations5-epochs5-seed-43,paper_conventional,paper_faithful,iteration_based_paper_interpretation,main,20,5,5,43,1,,0,before_sampling,dense_units_2,7,2048,2048,1.0,0.125,pending
paper_conventional-main-ants20-iterations5-epochs5-seed-43,paper_conventional,paper_faithful,iteration_based_paper_interpretation,main,20,5,5,43,1,,0,before_sampling,dropout_1,0,0.1,0.1,1.0,0.125,pending
paper_conventional-main-ants20-iterations5-epochs5-seed-43,paper_conventional,paper_faithful,iteration_based_paper_interpretation,main,20,5,5,43,1,,0,before_sampling,dropout_1,1,0.2,0.2,1.0,0.125,pending
paper_conventional-main-ants20-iterations5-epochs5-seed-43,paper_conventional,paper_faithful,iteration_based_paper_interpretation,main,20,5,5,43,1,,0,before_sampling,dropout_1,2,0.3,0.3,1.0,0.125,pending
paper_conventional-main-ants20-iterations5-epochs5-seed-43,paper_conventional,paper_faithful,iteration_based_paper_interpretation,main,20,5,5,43,1,,0,before_sampling,dropout_1,3,0.4,0.4,1.0,0.125,pending
paper_conventional-main-ants20-iterations5-epochs5-seed-43,paper_conventional,paper_faithful,iteration_based_paper_interpretation,main,20,5,5,43,1,,0,before_sampling,dropout_1,4,0.5,0.5,1.0,0.125,pending
paper_conventional-main-ants20-iterations5-epochs5-seed-43,paper_conventional,paper_faithful,iteration_based_paper_interpretation,main,20,5,5,43,1,,0,before_sampling,dropout_1,5,0.6,0.6,1.0,0.125,pending
paper_conventional-main-ants20-iterations5-epochs5-seed-43,paper_conventional,paper_faithful,iteration_based_paper_interpretation,main,20,5,5,43,1,,0,before_sampling,dropout_1,6,0.7,0.7,1.0,0.125,pending
paper_conventional-main-ants20-iterations5-epochs5-seed-43,paper_conventional,paper_faithful,iteration_based_paper_interpretation,main,20,5,5,43,1,,0,before_sampling,dropout_1,7,0.8,0.8,1.0,0.125,pending
paper_conventional-main-ants20-iterations5-epochs5-seed-43,paper_conventional,paper_faithful,iteration_based_paper_interpretation,main,20,5,5,43,1,,0,before_sampling,dropout_2,0,0.1,0.1,1.0,0.125,pending
paper_conventional-main-ants20-iterations5-epochs5-seed-43,paper_conventional,paper_faithful,iteration_based_paper_interpretation,main,20,5,5,43,1,,0,before_sampling,dropout_2,1,0.2,0.2,1.0,0.125,pending
paper_conventional-main-ants20-iterations5-epochs5-seed-43,paper_conventional,paper_faithful,iteration_based_paper_interpretation,main,20,5,5,43,1,,0,before_sampling,dropout_2,2,0.3,0.3,1.0,0.125,pending
paper_conventional-main-ants20-iterations5-epochs5-seed-43,paper_conventional,paper_faithful,iteration_based_paper_interpretation,main,20,5,5,43,1,,0,before_sampling,dropout_2,3,0.4,0.4,1.0,0.125,pending
paper_conventional-main-ants20-iterations5-epochs5-seed-43,paper_conventional,paper_faithful,iteration_based_paper_interpretation,main,20,5,5,43,1,,0,before_sampling,dropout_2,4,0.5,0.5,1.0,0.125,pending
paper_conventional-main-ants20-iterations5-epochs5-seed-43,paper_conventional,paper_faithful,iteration_based_paper_interpretation,main,20,5,5,43,1,,0,before_sampling,dropout_2,5,0.6,0.6,1.0,0.125,pending
paper_conventional-main-ants20-iterations5-epochs5-seed-43,paper_conventional,paper_faithful,iteration_based_paper_interpretation,main,20,5,5,43,1,,0,before_sampling,dropout_2,6,0.7,0.7,1.0,0.125,pending
paper_conventional-main-ants20-iterations5-epochs5-seed-43,paper_conventional,paper_faithful,iteration_based_paper_interpretation,main,20,5,5,43,1,,0,before_sampling,dropout_2,7,0.8,0.8,1.0,0.125,pending
paper_conventional-main-ants20-iterations5-epochs5-seed-43,paper_conventional,paper_faithful,iteration_based_paper_interpretation,main,20,5,5,43,1,,0,before_sampling,batch_size,0,16,16,1.0,0.125,pending
paper_conventional-main-ants20-iterations5-epochs5-seed-43,paper_conventional,paper_faithful,iteration_based_paper_interpretation,main,20,5,5,43,1,,0,before_sampling,batch_size,1,32,32,1.0,0.125,pending
paper_conventional-main-ants20-iterations5-epochs5-seed-43,paper_conventional,paper_faithful,iteration_based_paper_interpretation,main,20,5,5,43,1,,0,before_sampling,batch_size,2,64,64,1.0,0.125,pending
paper_conventional-main-ants20-iterations5-epochs5-seed-43,paper_conventional,paper_faithful,iteration_based_paper_interpretation,main,20,5,5,43,1,,0,before_sampling,batch_size,3,128,128,1.0,0.125,pending
paper_conventional-main-ants20-iterations5-epochs5-seed-43,paper_conventional,paper_faithful,iteration_based_paper_interpretation,main,20,5,5,43,1,,0,before_sampling,batch_size,4,256,256,1.0,0.125,pending
paper_conventional-main-ants20-iterations5-epochs5-seed-43,paper_conventional,paper_faithful,iteration_based_paper_interpretation,main,20,5,5,43,1,,0,before_sampling,batch_size,5,512,512,1.0,0.125,pending
paper_conventional-main-ants20-iterations5-epochs5-seed-43,paper_conventional,paper_faithful,iteration_based_paper_interpretation,main,20,5,5,43,1,,0,before_sampling,batch_size,6,1024,1024,1.0,0.125,pending
paper_conventional-main-ants20-iterations5-epochs5-seed-43,paper_conventional,paper_faithful,iteration_based_paper_interpretation,main,20,5,5,43,1,,0,before_sampling,batch_size,7,2048,2048,1.0,0.125,pending
paper_conventional-main-ants20-iterations5-epochs5-seed-43,paper_conventional,paper_faithful,iteration_based_paper_interpretation,main,20,5,5,43,1,,0,before_sampling,activation,0,"""relu""","""relu""",1.0,0.125,pending
paper_conventional-main-ants20-iterations5-epochs5-seed-43,paper_conventional,paper_faithful,iteration_based_paper_interpretation,main,20,5,5,43,1,,0,before_sampling,activation,1,"""sigmoid""","""sigmoid""",1.0,0.125,pending
paper_conventional-main-ants20-iterations5-epochs5-seed-43,paper_conventional,paper_faithful,iteration_based_paper_interpretation,main,20,5,5,43,1,,0,before_sampling,activation,2,"""softplus""","""softplus""",1.0,0.125,pending
paper_conventional-main-ants20-iterations5-epochs5-seed-43,paper_conventional,paper_faithful,iteration_based_paper_interpretation,main,20,5,5,43,1,,0,before_sampling,activation,3,"""softsign""","""softsign""",1.0,0.125,pending
paper_conventional-main-ants20-iterations5-epochs5-seed-43,paper_conventional,paper_faithful,iteration_based_paper_interpretation,main,20,5,5,43,1,,0,before_sampling,activation,4,"""tanh""","""tanh""",1.0,0.125,pending
paper_conventional-main-ants20-iterations5-epochs5-seed-43,paper_conventional,paper_faithful,iteration_based_paper_interpretation,main,20,5,5,43,1,,0,before_sampling,activation,5,"""selu""","""selu""",1.0,0.125,pending
paper_conventional-main-ants20-iterations5-epochs5-seed-43,paper_conventional,paper_faithful,iteration_based_paper_interpretation,main,20,5,5,43,1,,0,before_sampling,activation,6,"""gelu""","""gelu""",1.0,0.125,pending
paper_conventional-main-ants20-iterations5-epochs5-seed-43,paper_conventional,paper_faithful,iteration_based_paper_interpretation,main,20,5,5,43,1,,0,before_sampling,activation,7,"""linear""","""linier""",1.0,0.125,pending
paper_conventional-main-ants20-iterations5-epochs5-seed-43,paper_conventional,paper_faithful,iteration_based_paper_interpretation,main,20,5,5,43,1,,0,before_sampling,optimizer,0,"""adam""","""adam""",1.0,0.125,pending
paper_conventional-main-ants20-iterations5-epochs5-seed-43,paper_conventional,paper_faithful,iteration_based_paper_interpretation,main,20,5,5,43,1,,0,before_sampling,optimizer,1,"""rmsprop""","""rmsprop""",1.0,0.125,pending
paper_conventional-main-ants20-iterations5-epochs5-seed-43,paper_conventional,paper_faithful,iteration_based_paper_interpretation,main,20,5,5,43,1,,0,before_sampling,optimizer,2,"""sgd""","""sgd""",1.0,0.125,pending
paper_conventional-main-ants20-iterations5-epochs5-seed-43,paper_conventional,paper_faithful,iteration_based_paper_interpretation,main,20,5,5,43,1,,0,before_sampling,optimizer,3,"""adadelta""","""adadelta""",1.0,0.125,pending
paper_conventional-main-ants20-iterations5-epochs5-seed-43,paper_conventional,paper_faithful,iteration_based_paper_interpretation,main,20,5,5,43,1,,0,before_sampling,optimizer,4,"""adagrad""","""adagrad""",1.0,0.125,pending
paper_conventional-main-ants20-iterations5-epochs5-seed-43,paper_conventional,paper_faithful,iteration_based_paper_interpretation,main,20,5,5,43,1,,0,before_sampling,optimizer,5,"""adamax""","""adamax""",1.0,0.125,pending
paper_conventional-main-ants20-iterations5-epochs5-seed-43,paper_conventional,paper_faithful,iteration_based_paper_interpretation,main,20,5,5,43,1,,0,before_sampling,optimizer,6,"""ftrl""","""ftrl""",1.0,0.125,pending
paper_conventional-main-ants20-iterations5-epochs5-seed-43,paper_conventional,paper_faithful,iteration_based_paper_interpretation,main,20,5,5,43,1,,0,before_sampling,optimizer,7,"""nadam""","""nadam""",1.0,0.125,pending
paper_conventional-main-ants20-iterations5-epochs5-seed-43,paper_conventional,paper_faithful,iteration_based_paper_interpretation,main,20,5,5,43,1,,0,before_sampling,loss,0,"""sparse_categorical_crossentropy""","""sparse_categorical_crossentropy""",1.0,0.125,pending
paper_conventional-main-ants20-iterations5-epochs5-seed-43,paper_conventional,paper_faithful,iteration_based_paper_interpretation,main,20,5,5,43,1,,0,before_sampling,loss,1,"""categorical_crossentropy""","""categorical_crossentropy""",1.0,0.125,pending
paper_conventional-main-ants20-iterations5-epochs5-seed-43,paper_conventional,paper_faithful,iteration_based_paper_interpretation,main,20,5,5,43,1,,0,before_sampling,loss,2,"""binary_crossentropy""","""binary_crossentropy""",1.0,0.125,pending
paper_conventional-main-ants20-iterations5-epochs5-seed-43,paper_conventional,paper_faithful,iteration_based_paper_interpretation,main,20,5,5,43,1,,0,before_sampling,loss,3,"""mean_absolute_error""","""mean_absolute_error""",1.0,0.125,pending
paper_conventional-main-ants20-iterations5-epochs5-seed-43,paper_conventional,paper_faithful,iteration_based_paper_interpretation,main,20,5,5,43,1,,0,before_sampling,loss,4,"""mean_squared_error""","""mean_squared_error""",1.0,0.125,pending
paper_conventional-main-ants20-iterations5-epochs5-seed-43,paper_conventional,paper_faithful,iteration_based_paper_interpretation,main,20,5,5,43,1,,0,before_sampling,loss,5,"""squared_hinge""","""squared_hinge""",1.0,0.125,pending
paper_conventional-main-ants20-iterations5-epochs5-seed-43,paper_conventional,paper_faithful,iteration_based_paper_interpretation,main,20,5,5,43,1,,0,before_sampling,loss,6,"""categorical_hinge""","""categorical_hinge""",1.0,0.125,pending
paper_conventional-main-ants20-iterations5-epochs5-seed-43,paper_conventional,paper_faithful,iteration_based_paper_interpretation,main,20,5,5,43,1,,0,before_sampling,loss,7,"""cosine_similarity""","""cosine_similarity""",1.0,0.125,pending
paper_conventional-main-ants20-iterations5-epochs5-seed-43,paper_conventional,paper_faithful,iteration_based_paper_interpretation,main,20,5,5,43,1,,1,after_update,dense_units_1,0,16,16,1.75,0.109375,pending
paper_conventional-main-ants20-iterations5-epochs5-seed-43,paper_conventional,paper_faithful,iteration_based_paper_interpretation,main,20,5,5,43,1,,1,after_update,dense_units_1,1,32,32,1.25,0.078125,pending
paper_conventional-main-ants20-iterations5-epochs5-seed-43,paper_conventional,paper_faithful,iteration_based_paper_interpretation,main,20,5,5,43,1,,1,after_update,dense_units_1,2,64,64,1.75,0.109375,pending
paper_conventional-main-ants20-iterations5-epochs5-seed-43,paper_conventional,paper_faithful,iteration_based_paper_interpretation,main,20,5,5,43,1,,1,after_update,dense_units_1,3,128,128,3.75,0.234375,pending
paper_conventional-main-ants20-iterations5-epochs5-seed-43,paper_conventional,paper_faithful,iteration_based_paper_interpretation,main,20,5,5,43,1,,1,after_update,dense_units_1,4,256,256,1.75,0.109375,pending
paper_conventional-main-ants20-iterations5-epochs5-seed-43,paper_conventional,paper_faithful,iteration_based_paper_interpretation,main,20,5,5,43,1,,1,after_update,dense_units_1,5,512,512,2.75,0.171875,pending
paper_conventional-main-ants20-iterations5-epochs5-seed-43,paper_conventional,paper_faithful,iteration_based_paper_interpretation,main,20,5,5,43,1,,1,after_update,dense_units_1,6,1024,1024,0.75,0.046875,pending
paper_conventional-main-ants20-iterations5-epochs5-seed-43,paper_conventional,paper_faithful,iteration_based_paper_interpretation,main,20,5,5,43,1,,1,after_update,dense_units_1,7,2048,2048,2.25,0.140625,pending
paper_conventional-main-ants20-iterations5-epochs5-seed-43,paper_conventional,paper_faithful,iteration_based_paper_interpretation,main,20,5,5,43,1,,1,after_update,dense_units_2,0,16,16,3.25,0.203125,pending
paper_conventional-main-ants20-iterations5-epochs5-seed-43,paper_conventional,paper_faithful,iteration_based_paper_interpretation,main,20,5,5,43,1,,1,after_update,dense_units_2,1,32,32,1.75,0.109375,pending
paper_conventional-main-ants20-iterations5-epochs5-seed-43,paper_conventional,paper_faithful,iteration_based_paper_interpretation,main,20,5,5,43,1,,1,after_update,dense_units_2,2,64,64,1.25,0.078125,pending
paper_conventional-main-ants20-iterations5-epochs5-seed-43,paper_conventional,paper_faithful,iteration_based_paper_interpretation,main,20,5,5,43,1,,1,after_update,dense_units_2,3,128,128,2.75,0.171875,pending
paper_conventional-main-ants20-iterations5-epochs5-seed-43,paper_conventional,paper_faithful,iteration_based_paper_interpretation,main,20,5,5,43,1,,1,after_update,dense_units_2,4,256,256,2.25,0.140625,pending
paper_conventional-main-ants20-iterations5-epochs5-seed-43,paper_conventional,paper_faithful,iteration_based_paper_interpretation,main,20,5,5,43,1,,1,after_update,dense_units_2,5,512,512,1.25,0.078125,pending
paper_conventional-main-ants20-iterations5-epochs5-seed-43,paper_conventional,paper_faithful,iteration_based_paper_interpretation,main,20,5,5,43,1,,1,after_update,dense_units_2,6,1024,1024,1.25,0.078125,pending
paper_conventional-main-ants20-iterations5-epochs5-seed-43,paper_conventional,paper_faithful,iteration_based_paper_interpretation,main,20,5,5,43,1,,1,after_update,dense_units_2,7,2048,2048,2.25,0.140625,pending
paper_conventional-main-ants20-iterations5-epochs5-seed-43,paper_conventional,paper_faithful,iteration_based_paper_interpretation,main,20,5,5,43,1,,1,after_update,dropout_1,0,0.1,0.1,1.75,0.109375,pending
paper_conventional-main-ants20-iterations5-epochs5-seed-43,paper_conventional,paper_faithful,iteration_based_paper_interpretation,main,20,5,5,43,1,,1,after_update,dropout_1,1,0.2,0.2,1.75,0.109375,pending
paper_conventional-main-ants20-iterations5-epochs5-seed-43,paper_conventional,paper_faithful,iteration_based_paper_interpretation,main,20,5,5,43,1,,1,after_update,dropout_1,2,0.3,0.3,1.25,0.078125,pending
paper_conventional-main-ants20-iterations5-epochs5-seed-43,paper_conventional,paper_faithful,iteration_based_paper_interpretation,main,20,5,5,43,1,,1,after_update,dropout_1,3,0.4,0.4,0.75,0.046875,pending
paper_conventional-main-ants20-iterations5-epochs5-seed-43,paper_conventional,paper_faithful,iteration_based_paper_interpretation,main,20,5,5,43,1,,1,after_update,dropout_1,4,0.5,0.5,2.25,0.140625,pending
paper_conventional-main-ants20-iterations5-epochs5-seed-43,paper_conventional,paper_faithful,iteration_based_paper_interpretation,main,20,5,5,43,1,,1,after_update,dropout_1,5,0.6,0.6,2.75,0.171875,pending
paper_conventional-main-ants20-iterations5-epochs5-seed-43,paper_conventional,paper_faithful,iteration_based_paper_interpretation,main,20,5,5,43,1,,1,after_update,dropout_1,6,0.7,0.7,1.75,0.109375,pending
paper_conventional-main-ants20-iterations5-epochs5-seed-43,paper_conventional,paper_faithful,iteration_based_paper_interpretation,main,20,5,5,43,1,,1,after_update,dropout_1,7,0.8,0.8,3.75,0.234375,pending
paper_conventional-main-ants20-iterations5-epochs5-seed-43,paper_conventional,paper_faithful,iteration_based_paper_interpretation,main,20,5,5,43,1,,1,after_update,dropout_2,0,0.1,0.1,1.75,0.109375,pending
paper_conventional-main-ants20-iterations5-epochs5-seed-43,paper_conventional,paper_faithful,iteration_based_paper_interpretation,main,20,5,5,43,1,,1,after_update,dropout_2,1,0.2,0.2,2.25,0.140625,pending
paper_conventional-main-ants20-iterations5-epochs5-seed-43,paper_conventional,paper_faithful,iteration_based_paper_interpretation,main,20,5,5,43,1,,1,after_update,dropout_2,2,0.3,0.3,0.75,0.046875,pending
paper_conventional-main-ants20-iterations5-epochs5-seed-43,paper_conventional,paper_faithful,iteration_based_paper_interpretation,main,20,5,5,43,1,,1,after_update,dropout_2,3,0.4,0.4,1.75,0.109375,pending
paper_conventional-main-ants20-iterations5-epochs5-seed-43,paper_conventional,paper_faithful,iteration_based_paper_interpretation,main,20,5,5,43,1,,1,after_update,dropout_2,4,0.5,0.5,1.25,0.078125,pending
paper_conventional-main-ants20-iterations5-epochs5-seed-43,paper_conventional,paper_faithful,iteration_based_paper_interpretation,main,20,5,5,43,1,,1,after_update,dropout_2,5,0.6,0.6,2.75,0.171875,pending
paper_conventional-main-ants20-iterations5-epochs5-seed-43,paper_conventional,paper_faithful,iteration_based_paper_interpretation,main,20,5,5,43,1,,1,after_update,dropout_2,6,0.7,0.7,3.75,0.234375,pending
paper_conventional-main-ants20-iterations5-epochs5-seed-43,paper_conventional,paper_faithful,iteration_based_paper_interpretation,main,20,5,5,43,1,,1,after_update,dropout_2,7,0.8,0.8,1.75,0.109375,pending
paper_conventional-main-ants20-iterations5-epochs5-seed-43,paper_conventional,paper_faithful,iteration_based_paper_interpretation,main,20,5,5,43,1,,1,after_update,batch_size,0,16,16,0.75,0.046875,pending
paper_conventional-main-ants20-iterations5-epochs5-seed-43,paper_conventional,paper_faithful,iteration_based_paper_interpretation,main,20,5,5,43,1,,1,after_update,batch_size,1,32,32,1.25,0.078125,pending
paper_conventional-main-ants20-iterations5-epochs5-seed-43,paper_conventional,paper_faithful,iteration_based_paper_interpretation,main,20,5,5,43,1,,1,after_update,batch_size,2,64,64,2.25,0.140625,pending
paper_conventional-main-ants20-iterations5-epochs5-seed-43,paper_conventional,paper_faithful,iteration_based_paper_interpretation,main,20,5,5,43,1,,1,after_update,batch_size,3,128,128,2.25,0.140625,pending
paper_conventional-main-ants20-iterations5-epochs5-seed-43,paper_conventional,paper_faithful,iteration_based_paper_interpretation,main,20,5,5,43,1,,1,after_update,batch_size,4,256,256,3.25,0.203125,pending
paper_conventional-main-ants20-iterations5-epochs5-seed-43,paper_conventional,paper_faithful,iteration_based_paper_interpretation,main,20,5,5,43,1,,1,after_update,batch_size,5,512,512,1.25,0.078125,pending
paper_conventional-main-ants20-iterations5-epochs5-seed-43,paper_conventional,paper_faithful,iteration_based_paper_interpretation,main,20,5,5,43,1,,1,after_update,batch_size,6,1024,1024,3.25,0.203125,pending
paper_conventional-main-ants20-iterations5-epochs5-seed-43,paper_conventional,paper_faithful,iteration_based_paper_interpretation,main,20,5,5,43,1,,1,after_update,batch_size,7,2048,2048,1.75,0.109375,pending
paper_conventional-main-ants20-iterations5-epochs5-seed-43,paper_conventional,paper_faithful,iteration_based_paper_interpretation,main,20,5,5,43,1,,1,after_update,activation,0,"""relu""","""relu""",1.25,0.078125,pending
paper_conventional-main-ants20-iterations5-epochs5-seed-43,paper_conventional,paper_faithful,iteration_based_paper_interpretation,main,20,5,5,43,1,,1,after_update,activation,1,"""sigmoid""","""sigmoid""",2.75,0.171875,pending
paper_conventional-main-ants20-iterations5-epochs5-seed-43,paper_conventional,paper_faithful,iteration_based_paper_interpretation,main,20,5,5,43,1,,1,after_update,activation,2,"""softplus""","""softplus""",2.75,0.171875,pending
paper_conventional-main-ants20-iterations5-epochs5-seed-43,paper_conventional,paper_faithful,iteration_based_paper_interpretation,main,20,5,5,43,1,,1,after_update,activation,3,"""softsign""","""softsign""",2.25,0.140625,pending
paper_conventional-main-ants20-iterations5-epochs5-seed-43,paper_conventional,paper_faithful,iteration_based_paper_interpretation,main,20,5,5,43,1,,1,after_update,activation,4,"""tanh""","""tanh""",1.75,0.109375,pending
paper_conventional-main-ants20-iterations5-epochs5-seed-43,paper_conventional,paper_faithful,iteration_based_paper_interpretation,main,20,5,5,43,1,,1,after_update,activation,5,"""selu""","""selu""",2.25,0.140625,pending
paper_conventional-main-ants20-iterations5-epochs5-seed-43,paper_conventional,paper_faithful,iteration_based_paper_interpretation,main,20,5,5,43,1,,1,after_update,activation,6,"""gelu""","""gelu""",1.25,0.078125,pending
paper_conventional-main-ants20-iterations5-epochs5-seed-43,paper_conventional,paper_faithful,iteration_based_paper_interpretation,main,20,5,5,43,1,,1,after_update,activation,7,"""linear""","""linier""",1.75,0.109375,pending
paper_conventional-main-ants20-iterations5-epochs5-seed-43,paper_conventional,paper_faithful,iteration_based_paper_interpretation,main,20,5,5,43,1,,1,after_update,optimizer,0,"""adam""","""adam""",2.75,0.171875,pending
paper_conventional-main-ants20-iterations5-epochs5-seed-43,paper_conventional,paper_faithful,iteration_based_paper_interpretation,main,20,5,5,43,1,,1,after_update,optimizer,1,"""rmsprop""","""rmsprop""",1.25,0.078125,pending
paper_conventional-main-ants20-iterations5-epochs5-seed-43,paper_conventional,paper_faithful,iteration_based_paper_interpretation,main,20,5,5,43,1,,1,after_update,optimizer,2,"""sgd""","""sgd""",2.75,0.171875,pending
paper_conventional-main-ants20-iterations5-epochs5-seed-43,paper_conventional,paper_faithful,iteration_based_paper_interpretation,main,20,5,5,43,1,,1,after_update,optimizer,3,"""adadelta""","""adadelta""",1.75,0.109375,pending
paper_conventional-main-ants20-iterations5-epochs5-seed-43,paper_conventional,paper_faithful,iteration_based_paper_interpretation,main,20,5,5,43,1,,1,after_update,optimizer,4,"""adagrad""","""adagrad""",3.25,0.203125,pending
paper_conventional-main-ants20-iterations5-epochs5-seed-43,paper_conventional,paper_faithful,iteration_based_paper_interpretation,main,20,5,5,43,1,,1,after_update,optimizer,5,"""adamax""","""adamax""",0.75,0.046875,pending
paper_conventional-main-ants20-iterations5-epochs5-seed-43,paper_conventional,paper_faithful,iteration_based_paper_interpretation,main,20,5,5,43,1,,1,after_update,optimizer,6,"""ftrl""","""ftrl""",1.75,0.109375,pending
paper_conventional-main-ants20-iterations5-epochs5-seed-43,paper_conventional,paper_faithful,iteration_based_paper_interpretation,main,20,5,5,43,1,,1,after_update,optimizer,7,"""nadam""","""nadam""",1.75,0.109375,pending
paper_conventional-main-ants20-iterations5-epochs5-seed-43,paper_conventional,paper_faithful,iteration_based_paper_interpretation,main,20,5,5,43,1,,1,after_update,loss,0,"""sparse_categorical_crossentropy""","""sparse_categorical_crossentropy""",1.75,0.109375,pending
paper_conventional-main-ants20-iterations5-epochs5-seed-43,paper_conventional,paper_faithful,iteration_based_paper_interpretation,main,20,5,5,43,1,,1,after_update,loss,1,"""categorical_crossentropy""","""categorical_crossentropy""",1.25,0.078125,pending
paper_conventional-main-ants20-iterations5-epochs5-seed-43,paper_conventional,paper_faithful,iteration_based_paper_interpretation,main,20,5,5,43,1,,1,after_update,loss,2,"""binary_crossentropy""","""binary_crossentropy""",2.75,0.171875,pending
paper_conventional-main-ants20-iterations5-epochs5-seed-43,paper_conventional,paper_faithful,iteration_based_paper_interpretation,main,20,5,5,43,1,,1,after_update,loss,3,"""mean_absolute_error""","""mean_absolute_error""",1.75,0.109375,pending
paper_conventional-main-ants20-iterations5-epochs5-seed-43,paper_conventional,paper_faithful,iteration_based_paper_interpretation,main,20,5,5,43,1,,1,after_update,loss,4,"""mean_squared_error""","""mean_squared_error""",2.25,0.140625,pending
paper_conventional-main-ants20-iterations5-epochs5-seed-43,paper_conventional,paper_faithful,iteration_based_paper_interpretation,main,20,5,5,43,1,,1,after_update,loss,5,"""squared_hinge""","""squared_hinge""",1.75,0.109375,pending
paper_conventional-main-ants20-iterations5-epochs5-seed-43,paper_conventional,paper_faithful,iteration_based_paper_interpretation,main,20,5,5,43,1,,1,after_update,loss,6,"""categorical_hinge""","""categorical_hinge""",2.25,0.140625,pending
paper_conventional-main-ants20-iterations5-epochs5-seed-43,paper_conventional,paper_faithful,iteration_based_paper_interpretation,main,20,5,5,43,1,,1,after_update,loss,7,"""cosine_similarity""","""cosine_similarity""",2.25,0.140625,pending
paper_conventional-main-ants20-iterations5-epochs5-seed-43,paper_conventional,paper_faithful,iteration_based_paper_interpretation,main,20,5,5,43,2,,2,before_sampling,dense_units_1,0,16,16,1.75,0.109375,pending
paper_conventional-main-ants20-iterations5-epochs5-seed-43,paper_conventional,paper_faithful,iteration_based_paper_interpretation,main,20,5,5,43,2,,2,before_sampling,dense_units_1,1,32,32,1.25,0.078125,pending
paper_conventional-main-ants20-iterations5-epochs5-seed-43,paper_conventional,paper_faithful,iteration_based_paper_interpretation,main,20,5,5,43,2,,2,before_sampling,dense_units_1,2,64,64,1.75,0.109375,pending
paper_conventional-main-ants20-iterations5-epochs5-seed-43,paper_conventional,paper_faithful,iteration_based_paper_interpretation,main,20,5,5,43,2,,2,before_sampling,dense_units_1,3,128,128,3.75,0.234375,pending
paper_conventional-main-ants20-iterations5-epochs5-seed-43,paper_conventional,paper_faithful,iteration_based_paper_interpretation,main,20,5,5,43,2,,2,before_sampling,dense_units_1,4,256,256,1.75,0.109375,pending
paper_conventional-main-ants20-iterations5-epochs5-seed-43,paper_conventional,paper_faithful,iteration_based_paper_interpretation,main,20,5,5,43,2,,2,before_sampling,dense_units_1,5,512,512,2.75,0.171875,pending
paper_conventional-main-ants20-iterations5-epochs5-seed-43,paper_conventional,paper_faithful,iteration_based_paper_interpretation,main,20,5,5,43,2,,2,before_sampling,dense_units_1,6,1024,1024,0.75,0.046875,pending
paper_conventional-main-ants20-iterations5-epochs5-seed-43,paper_conventional,paper_faithful,iteration_based_paper_interpretation,main,20,5,5,43,2,,2,before_sampling,dense_units_1,7,2048,2048,2.25,0.140625,pending
paper_conventional-main-ants20-iterations5-epochs5-seed-43,paper_conventional,paper_faithful,iteration_based_paper_interpretation,main,20,5,5,43,2,,2,before_sampling,dense_units_2,0,16,16,3.25,0.203125,pending
paper_conventional-main-ants20-iterations5-epochs5-seed-43,paper_conventional,paper_faithful,iteration_based_paper_interpretation,main,20,5,5,43,2,,2,before_sampling,dense_units_2,1,32,32,1.75,0.109375,pending
paper_conventional-main-ants20-iterations5-epochs5-seed-43,paper_conventional,paper_faithful,iteration_based_paper_interpretation,main,20,5,5,43,2,,2,before_sampling,dense_units_2,2,64,64,1.25,0.078125,pending
paper_conventional-main-ants20-iterations5-epochs5-seed-43,paper_conventional,paper_faithful,iteration_based_paper_interpretation,main,20,5,5,43,2,,2,before_sampling,dense_units_2,3,128,128,2.75,0.171875,pending
paper_conventional-main-ants20-iterations5-epochs5-seed-43,paper_conventional,paper_faithful,iteration_based_paper_interpretation,main,20,5,5,43,2,,2,before_sampling,dense_units_2,4,256,256,2.25,0.140625,pending
paper_conventional-main-ants20-iterations5-epochs5-seed-43,paper_conventional,paper_faithful,iteration_based_paper_interpretation,main,20,5,5,43,2,,2,before_sampling,dense_units_2,5,512,512,1.25,0.078125,pending
paper_conventional-main-ants20-iterations5-epochs5-seed-43,paper_conventional,paper_faithful,iteration_based_paper_interpretation,main,20,5,5,43,2,,2,before_sampling,dense_units_2,6,1024,1024,1.25,0.078125,pending
paper_conventional-main-ants20-iterations5-epochs5-seed-43,paper_conventional,paper_faithful,iteration_based_paper_interpretation,main,20,5,5,43,2,,2,before_sampling,dense_units_2,7,2048,2048,2.25,0.140625,pending
paper_conventional-main-ants20-iterations5-epochs5-seed-43,paper_conventional,paper_faithful,iteration_based_paper_interpretation,main,20,5,5,43,2,,2,before_sampling,dropout_1,0,0.1,0.1,1.75,0.109375,pending
paper_conventional-main-ants20-iterations5-epochs5-seed-43,paper_conventional,paper_faithful,iteration_based_paper_interpretation,main,20,5,5,43,2,,2,before_sampling,dropout_1,1,0.2,0.2,1.75,0.109375,pending
paper_conventional-main-ants20-iterations5-epochs5-seed-43,paper_conventional,paper_faithful,iteration_based_paper_interpretation,main,20,5,5,43,2,,2,before_sampling,dropout_1,2,0.3,0.3,1.25,0.078125,pending
paper_conventional-main-ants20-iterations5-epochs5-seed-43,paper_conventional,paper_faithful,iteration_based_paper_interpretation,main,20,5,5,43,2,,2,before_sampling,dropout_1,3,0.4,0.4,0.75,0.046875,pending
paper_conventional-main-ants20-iterations5-epochs5-seed-43,paper_conventional,paper_faithful,iteration_based_paper_interpretation,main,20,5,5,43,2,,2,before_sampling,dropout_1,4,0.5,0.5,2.25,0.140625,pending
paper_conventional-main-ants20-iterations5-epochs5-seed-43,paper_conventional,paper_faithful,iteration_based_paper_interpretation,main,20,5,5,43,2,,2,before_sampling,dropout_1,5,0.6,0.6,2.75,0.171875,pending
paper_conventional-main-ants20-iterations5-epochs5-seed-43,paper_conventional,paper_faithful,iteration_based_paper_interpretation,main,20,5,5,43,2,,2,before_sampling,dropout_1,6,0.7,0.7,1.75,0.109375,pending
paper_conventional-main-ants20-iterations5-epochs5-seed-43,paper_conventional,paper_faithful,iteration_based_paper_interpretation,main,20,5,5,43,2,,2,before_sampling,dropout_1,7,0.8,0.8,3.75,0.234375,pending
paper_conventional-main-ants20-iterations5-epochs5-seed-43,paper_conventional,paper_faithful,iteration_based_paper_interpretation,main,20,5,5,43,2,,2,before_sampling,dropout_2,0,0.1,0.1,1.75,0.109375,pending
paper_conventional-main-ants20-iterations5-epochs5-seed-43,paper_conventional,paper_faithful,iteration_based_paper_interpretation,main,20,5,5,43,2,,2,before_sampling,dropout_2,1,0.2,0.2,2.25,0.140625,pending
paper_conventional-main-ants20-iterations5-epochs5-seed-43,paper_conventional,paper_faithful,iteration_based_paper_interpretation,main,20,5,5,43,2,,2,before_sampling,dropout_2,2,0.3,0.3,0.75,0.046875,pending
paper_conventional-main-ants20-iterations5-epochs5-seed-43,paper_conventional,paper_faithful,iteration_based_paper_interpretation,main,20,5,5,43,2,,2,before_sampling,dropout_2,3,0.4,0.4,1.75,0.109375,pending
paper_conventional-main-ants20-iterations5-epochs5-seed-43,paper_conventional,paper_faithful,iteration_based_paper_interpretation,main,20,5,5,43,2,,2,before_sampling,dropout_2,4,0.5,0.5,1.25,0.078125,pending
paper_conventional-main-ants20-iterations5-epochs5-seed-43,paper_conventional,paper_faithful,iteration_based_paper_interpretation,main,20,5,5,43,2,,2,before_sampling,dropout_2,5,0.6,0.6,2.75,0.171875,pending
paper_conventional-main-ants20-iterations5-epochs5-seed-43,paper_conventional,paper_faithful,iteration_based_paper_interpretation,main,20,5,5,43,2,,2,before_sampling,dropout_2,6,0.7,0.7,3.75,0.234375,pending
paper_conventional-main-ants20-iterations5-epochs5-seed-43,paper_conventional,paper_faithful,iteration_based_paper_interpretation,main,20,5,5,43,2,,2,before_sampling,dropout_2,7,0.8,0.8,1.75,0.109375,pending
paper_conventional-main-ants20-iterations5-epochs5-seed-43,paper_conventional,paper_faithful,iteration_based_paper_interpretation,main,20,5,5,43,2,,2,before_sampling,batch_size,0,16,16,0.75,0.046875,pending
paper_conventional-main-ants20-iterations5-epochs5-seed-43,paper_conventional,paper_faithful,iteration_based_paper_interpretation,main,20,5,5,43,2,,2,before_sampling,batch_size,1,32,32,1.25,0.078125,pending
paper_conventional-main-ants20-iterations5-epochs5-seed-43,paper_conventional,paper_faithful,iteration_based_paper_interpretation,main,20,5,5,43,2,,2,before_sampling,batch_size,2,64,64,2.25,0.140625,pending
paper_conventional-main-ants20-iterations5-epochs5-seed-43,paper_conventional,paper_faithful,iteration_based_paper_interpretation,main,20,5,5,43,2,,2,before_sampling,batch_size,3,128,128,2.25,0.140625,pending
paper_conventional-main-ants20-iterations5-epochs5-seed-43,paper_conventional,paper_faithful,iteration_based_paper_interpretation,main,20,5,5,43,2,,2,before_sampling,batch_size,4,256,256,3.25,0.203125,pending
paper_conventional-main-ants20-iterations5-epochs5-seed-43,paper_conventional,paper_faithful,iteration_based_paper_interpretation,main,20,5,5,43,2,,2,before_sampling,batch_size,5,512,512,1.25,0.078125,pending
paper_conventional-main-ants20-iterations5-epochs5-seed-43,paper_conventional,paper_faithful,iteration_based_paper_interpretation,main,20,5,5,43,2,,2,before_sampling,batch_size,6,1024,1024,3.25,0.203125,pending
paper_conventional-main-ants20-iterations5-epochs5-seed-43,paper_conventional,paper_faithful,iteration_based_paper_interpretation,main,20,5,5,43,2,,2,before_sampling,batch_size,7,2048,2048,1.75,0.109375,pending
paper_conventional-main-ants20-iterations5-epochs5-seed-43,paper_conventional,paper_faithful,iteration_based_paper_interpretation,main,20,5,5,43,2,,2,before_sampling,activation,0,"""relu""","""relu""",1.25,0.078125,pending
paper_conventional-main-ants20-iterations5-epochs5-seed-43,paper_conventional,paper_faithful,iteration_based_paper_interpretation,main,20,5,5,43,2,,2,before_sampling,activation,1,"""sigmoid""","""sigmoid""",2.75,0.171875,pending
paper_conventional-main-ants20-iterations5-epochs5-seed-43,paper_conventional,paper_faithful,iteration_based_paper_interpretation,main,20,5,5,43,2,,2,before_sampling,activation,2,"""softplus""","""softplus""",2.75,0.171875,pending
paper_conventional-main-ants20-iterations5-epochs5-seed-43,paper_conventional,paper_faithful,iteration_based_paper_interpretation,main,20,5,5,43,2,,2,before_sampling,activation,3,"""softsign""","""softsign""",2.25,0.140625,pending
paper_conventional-main-ants20-iterations5-epochs5-seed-43,paper_conventional,paper_faithful,iteration_based_paper_interpretation,main,20,5,5,43,2,,2,before_sampling,activation,4,"""tanh""","""tanh""",1.75,0.109375,pending
paper_conventional-main-ants20-iterations5-epochs5-seed-43,paper_conventional,paper_faithful,iteration_based_paper_interpretation,main,20,5,5,43,2,,2,before_sampling,activation,5,"""selu""","""selu""",2.25,0.140625,pending
paper_conventional-main-ants20-iterations5-epochs5-seed-43,paper_conventional,paper_faithful,iteration_based_paper_interpretation,main,20,5,5,43,2,,2,before_sampling,activation,6,"""gelu""","""gelu""",1.25,0.078125,pending
paper_conventional-main-ants20-iterations5-epochs5-seed-43,paper_conventional,paper_faithful,iteration_based_paper_interpretation,main,20,5,5,43,2,,2,before_sampling,activation,7,"""linear""","""linier""",1.75,0.109375,pending
paper_conventional-main-ants20-iterations5-epochs5-seed-43,paper_conventional,paper_faithful,iteration_based_paper_interpretation,main,20,5,5,43,2,,2,before_sampling,optimizer,0,"""adam""","""adam""",2.75,0.171875,pending
paper_conventional-main-ants20-iterations5-epochs5-seed-43,paper_conventional,paper_faithful,iteration_based_paper_interpretation,main,20,5,5,43,2,,2,before_sampling,optimizer,1,"""rmsprop""","""rmsprop""",1.25,0.078125,pending
paper_conventional-main-ants20-iterations5-epochs5-seed-43,paper_conventional,paper_faithful,iteration_based_paper_interpretation,main,20,5,5,43,2,,2,before_sampling,optimizer,2,"""sgd""","""sgd""",2.75,0.171875,pending
paper_conventional-main-ants20-iterations5-epochs5-seed-43,paper_conventional,paper_faithful,iteration_based_paper_interpretation,main,20,5,5,43,2,,2,before_sampling,optimizer,3,"""adadelta""","""adadelta""",1.75,0.109375,pending
paper_conventional-main-ants20-iterations5-epochs5-seed-43,paper_conventional,paper_faithful,iteration_based_paper_interpretation,main,20,5,5,43,2,,2,before_sampling,optimizer,4,"""adagrad""","""adagrad""",3.25,0.203125,pending
paper_conventional-main-ants20-iterations5-epochs5-seed-43,paper_conventional,paper_faithful,iteration_based_paper_interpretation,main,20,5,5,43,2,,2,before_sampling,optimizer,5,"""adamax""","""adamax""",0.75,0.046875,pending
paper_conventional-main-ants20-iterations5-epochs5-seed-43,paper_conventional,paper_faithful,iteration_based_paper_interpretation,main,20,5,5,43,2,,2,before_sampling,optimizer,6,"""ftrl""","""ftrl""",1.75,0.109375,pending
paper_conventional-main-ants20-iterations5-epochs5-seed-43,paper_conventional,paper_faithful,iteration_based_paper_interpretation,main,20,5,5,43,2,,2,before_sampling,optimizer,7,"""nadam""","""nadam""",1.75,0.109375,pending
paper_conventional-main-ants20-iterations5-epochs5-seed-43,paper_conventional,paper_faithful,iteration_based_paper_interpretation,main,20,5,5,43,2,,2,before_sampling,loss,0,"""sparse_categorical_crossentropy""","""sparse_categorical_crossentropy""",1.75,0.109375,pending
paper_conventional-main-ants20-iterations5-epochs5-seed-43,paper_conventional,paper_faithful,iteration_based_paper_interpretation,main,20,5,5,43,2,,2,before_sampling,loss,1,"""categorical_crossentropy""","""categorical_crossentropy""",1.25,0.078125,pending
paper_conventional-main-ants20-iterations5-epochs5-seed-43,paper_conventional,paper_faithful,iteration_based_paper_interpretation,main,20,5,5,43,2,,2,before_sampling,loss,2,"""binary_crossentropy""","""binary_crossentropy""",2.75,0.171875,pending
paper_conventional-main-ants20-iterations5-epochs5-seed-43,paper_conventional,paper_faithful,iteration_based_paper_interpretation,main,20,5,5,43,2,,2,before_sampling,loss,3,"""mean_absolute_error""","""mean_absolute_error""",1.75,0.109375,pending
paper_conventional-main-ants20-iterations5-epochs5-seed-43,paper_conventional,paper_faithful,iteration_based_paper_interpretation,main,20,5,5,43,2,,2,before_sampling,loss,4,"""mean_squared_error""","""mean_squared_error""",2.25,0.140625,pending
paper_conventional-main-ants20-iterations5-epochs5-seed-43,paper_conventional,paper_faithful,iteration_based_paper_interpretation,main,20,5,5,43,2,,2,before_sampling,loss,5,"""squared_hinge""","""squared_hinge""",1.75,0.109375,pending
paper_conventional-main-ants20-iterations5-epochs5-seed-43,paper_conventional,paper_faithful,iteration_based_paper_interpretation,main,20,5,5,43,2,,2,before_sampling,loss,6,"""categorical_hinge""","""categorical_hinge""",2.25,0.140625,pending
paper_conventional-main-ants20-iterations5-epochs5-seed-43,paper_conventional,paper_faithful,iteration_based_paper_interpretation,main,20,5,5,43,2,,2,before_sampling,loss,7,"""cosine_similarity""","""cosine_similarity""",2.25,0.140625,pending
paper_conventional-main-ants20-iterations5-epochs5-seed-43,paper_conventional,paper_faithful,iteration_based_paper_interpretation,main,20,5,5,43,2,,3,after_update,dense_units_1,0,16,16,2.3125,0.10511363636363637,pending
paper_conventional-main-ants20-iterations5-epochs5-seed-43,paper_conventional,paper_faithful,iteration_based_paper_interpretation,main,20,5,5,43,2,,3,after_update,dense_units_1,1,32,32,1.9375,0.08806818181818182,pending
paper_conventional-main-ants20-iterations5-epochs5-seed-43,paper_conventional,paper_faithful,iteration_based_paper_interpretation,main,20,5,5,43,2,,3,after_update,dense_units_1,2,64,64,2.8125,0.1278409090909091,pending
paper_conventional-main-ants20-iterations5-epochs5-seed-43,paper_conventional,paper_faithful,iteration_based_paper_interpretation,main,20,5,5,43,2,,3,after_update,dense_units_1,3,128,128,3.8125,0.17329545454545456,pending
paper_conventional-main-ants20-iterations5-epochs5-seed-43,paper_conventional,paper_faithful,iteration_based_paper_interpretation,main,20,5,5,43,2,,3,after_update,dense_units_1,4,256,256,3.3125,0.15056818181818182,pending
paper_conventional-main-ants20-iterations5-epochs5-seed-43,paper_conventional,paper_faithful,iteration_based_paper_interpretation,main,20,5,5,43,2,,3,after_update,dense_units_1,5,512,512,3.0625,0.13920454545454544,pending
paper_conventional-main-ants20-iterations5-epochs5-seed-43,paper_conventional,paper_faithful,iteration_based_paper_interpretation,main,20,5,5,43,2,,3,after_update,dense_units_1,6,1024,1024,1.0625,0.048295454545454544,pending
paper_conventional-main-ants20-iterations5-epochs5-seed-43,paper_conventional,paper_faithful,iteration_based_paper_interpretation,main,20,5,5,43,2,,3,after_update,dense_units_1,7,2048,2048,3.6875,0.16761363636363635,pending
paper_conventional-main-ants20-iterations5-epochs5-seed-43,paper_conventional,paper_faithful,iteration_based_paper_interpretation,main,20,5,5,43,2,,3,after_update,dense_units_2,0,16,16,3.9375,0.17897727272727273,pending
paper_conventional-main-ants20-iterations5-epochs5-seed-43,paper_conventional,paper_faithful,iteration_based_paper_interpretation,main,20,5,5,43,2,,3,after_update,dense_units_2,1,32,32,1.8125,0.08238636363636363,pending
paper_conventional-main-ants20-iterations5-epochs5-seed-43,paper_conventional,paper_faithful,iteration_based_paper_interpretation,main,20,5,5,43,2,,3,after_update,dense_units_2,2,64,64,1.9375,0.08806818181818182,pending
paper_conventional-main-ants20-iterations5-epochs5-seed-43,paper_conventional,paper_faithful,iteration_based_paper_interpretation,main,20,5,5,43,2,,3,after_update,dense_units_2,3,128,128,5.0625,0.23011363636363635,pending
paper_conventional-main-ants20-iterations5-epochs5-seed-43,paper_conventional,paper_faithful,iteration_based_paper_interpretation,main,20,5,5,43,2,,3,after_update,dense_units_2,4,256,256,2.6875,0.12215909090909091,pending
paper_conventional-main-ants20-iterations5-epochs5-seed-43,paper_conventional,paper_faithful,iteration_based_paper_interpretation,main,20,5,5,43,2,,3,after_update,dense_units_2,5,512,512,1.4375,0.06534090909090909,pending
paper_conventional-main-ants20-iterations5-epochs5-seed-43,paper_conventional,paper_faithful,iteration_based_paper_interpretation,main,20,5,5,43,2,,3,after_update,dense_units_2,6,1024,1024,1.4375,0.06534090909090909,pending
paper_conventional-main-ants20-iterations5-epochs5-seed-43,paper_conventional,paper_faithful,iteration_based_paper_interpretation,main,20,5,5,43,2,,3,after_update,dense_units_2,7,2048,2048,3.6875,0.16761363636363635,pending
paper_conventional-main-ants20-iterations5-epochs5-seed-43,paper_conventional,paper_faithful,iteration_based_paper_interpretation,main,20,5,5,43,2,,3,after_update,dropout_1,0,0.1,0.1,1.8125,0.08238636363636363,pending
paper_conventional-main-ants20-iterations5-epochs5-seed-43,paper_conventional,paper_faithful,iteration_based_paper_interpretation,main,20,5,5,43,2,,3,after_update,dropout_1,1,0.2,0.2,3.3125,0.15056818181818182,pending
paper_conventional-main-ants20-iterations5-epochs5-seed-43,paper_conventional,paper_faithful,iteration_based_paper_interpretation,main,20,5,5,43,2,,3,after_update,dropout_1,2,0.3,0.3,1.4375,0.06534090909090909,pending
paper_conventional-main-ants20-iterations5-epochs5-seed-43,paper_conventional,paper_faithful,iteration_based_paper_interpretation,main,20,5,5,43,2,,3,after_update,dropout_1,3,0.4,0.4,0.5625,0.02556818181818182,pending
paper_conventional-main-ants20-iterations5-epochs5-seed-43,paper_conventional,paper_faithful,iteration_based_paper_interpretation,main,20,5,5,43,2,,3,after_update,dropout_1,4,0.5,0.5,3.1875,0.14488636363636365,pending
paper_conventional-main-ants20-iterations5-epochs5-seed-43,paper_conventional,paper_faithful,iteration_based_paper_interpretation,main,20,5,5,43,2,,3,after_update,dropout_1,5,0.6,0.6,4.5625,0.20738636363636365,pending
paper_conventional-main-ants20-iterations5-epochs5-seed-43,paper_conventional,paper_faithful,iteration_based_paper_interpretation,main,20,5,5,43,2,,3,after_update,dropout_1,6,0.7,0.7,1.8125,0.08238636363636363,pending
paper_conventional-main-ants20-iterations5-epochs5-seed-43,paper_conventional,paper_faithful,iteration_based_paper_interpretation,main,20,5,5,43,2,,3,after_update,dropout_1,7,0.8,0.8,5.3125,0.24147727272727273,pending
paper_conventional-main-ants20-iterations5-epochs5-seed-43,paper_conventional,paper_faithful,iteration_based_paper_interpretation,main,20,5,5,43,2,,3,after_update,dropout_2,0,0.1,0.1,2.8125,0.1278409090909091,pending
paper_conventional-main-ants20-iterations5-epochs5-seed-43,paper_conventional,paper_faithful,iteration_based_paper_interpretation,main,20,5,5,43,2,,3,after_update,dropout_2,1,0.2,0.2,2.6875,0.12215909090909091,pending
paper_conventional-main-ants20-iterations5-epochs5-seed-43,paper_conventional,paper_faithful,iteration_based_paper_interpretation,main,20,5,5,43,2,,3,after_update,dropout_2,2,0.3,0.3,0.5625,0.02556818181818182,pending
paper_conventional-main-ants20-iterations5-epochs5-seed-43,paper_conventional,paper_faithful,iteration_based_paper_interpretation,main,20,5,5,43,2,,3,after_update,dropout_2,3,0.4,0.4,3.3125,0.15056818181818182,pending
paper_conventional-main-ants20-iterations5-epochs5-seed-43,paper_conventional,paper_faithful,iteration_based_paper_interpretation,main,20,5,5,43,2,,3,after_update,dropout_2,4,0.5,0.5,1.9375,0.08806818181818182,pending
paper_conventional-main-ants20-iterations5-epochs5-seed-43,paper_conventional,paper_faithful,iteration_based_paper_interpretation,main,20,5,5,43,2,,3,after_update,dropout_2,5,0.6,0.6,4.0625,0.1846590909090909,pending
paper_conventional-main-ants20-iterations5-epochs5-seed-43,paper_conventional,paper_faithful,iteration_based_paper_interpretation,main,20,5,5,43,2,,3,after_update,dropout_2,6,0.7,0.7,4.3125,0.19602272727272727,pending
paper_conventional-main-ants20-iterations5-epochs5-seed-43,paper_conventional,paper_faithful,iteration_based_paper_interpretation,main,20,5,5,43,2,,3,after_update,dropout_2,7,0.8,0.8,2.3125,0.10511363636363637,pending
paper_conventional-main-ants20-iterations5-epochs5-seed-43,paper_conventional,paper_faithful,iteration_based_paper_interpretation,main,20,5,5,43,2,,3,after_update,batch_size,0,16,16,0.5625,0.02556818181818182,pending
paper_conventional-main-ants20-iterations5-epochs5-seed-43,paper_conventional,paper_faithful,iteration_based_paper_interpretation,main,20,5,5,43,2,,3,after_update,batch_size,1,32,32,2.9375,0.13352272727272727,pending
paper_conventional-main-ants20-iterations5-epochs5-seed-43,paper_conventional,paper_faithful,iteration_based_paper_interpretation,main,20,5,5,43,2,,3,after_update,batch_size,2,64,64,3.6875,0.16761363636363635,pending
paper_conventional-main-ants20-iterations5-epochs5-seed-43,paper_conventional,paper_faithful,iteration_based_paper_interpretation,main,20,5,5,43,2,,3,after_update,batch_size,3,128,128,2.1875,0.09943181818181818,pending
paper_conventional-main-ants20-iterations5-epochs5-seed-43,paper_conventional,paper_faithful,iteration_based_paper_interpretation,main,20,5,5,43,2,,3,after_update,batch_size,4,256,256,4.9375,0.22443181818181818,pending
paper_conventional-main-ants20-iterations5-epochs5-seed-43,paper_conventional,paper_faithful,iteration_based_paper_interpretation,main,20,5,5,43,2,,3,after_update,batch_size,5,512,512,1.9375,0.08806818181818182,pending
paper_conventional-main-ants20-iterations5-epochs5-seed-43,paper_conventional,paper_faithful,iteration_based_paper_interpretation,main,20,5,5,43,2,,3,after_update,batch_size,6,1024,1024,4.4375,0.20170454545454544,pending
paper_conventional-main-ants20-iterations5-epochs5-seed-43,paper_conventional,paper_faithful,iteration_based_paper_interpretation,main,20,5,5,43,2,,3,after_update,batch_size,7,2048,2048,1.3125,0.05965909090909091,pending
paper_conventional-main-ants20-iterations5-epochs5-seed-43,paper_conventional,paper_faithful,iteration_based_paper_interpretation,main,20,5,5,43,2,,3,after_update,activation,0,"""relu""","""relu""",1.4375,0.06534090909090909,pending
paper_conventional-main-ants20-iterations5-epochs5-seed-43,paper_conventional,paper_faithful,iteration_based_paper_interpretation,main,20,5,5,43,2,,3,after_update,activation,1,"""sigmoid""","""sigmoid""",3.0625,0.13920454545454544,pending
paper_conventional-main-ants20-iterations5-epochs5-seed-43,paper_conventional,paper_faithful,iteration_based_paper_interpretation,main,20,5,5,43,2,,3,after_update,activation,2,"""softplus""","""softplus""",5.0625,0.23011363636363635,pending
paper_conventional-main-ants20-iterations5-epochs5-seed-43,paper_conventional,paper_faithful,iteration_based_paper_interpretation,main,20,5,5,43,2,,3,after_update,activation,3,"""softsign""","""softsign""",2.1875,0.09943181818181818,pending
paper_conventional-main-ants20-iterations5-epochs5-seed-43,paper_conventional,paper_faithful,iteration_based_paper_interpretation,main,20,5,5,43,2,,3,after_update,activation,4,"""tanh""","""tanh""",2.3125,0.10511363636363637,pending
paper_conventional-main-ants20-iterations5-epochs5-seed-43,paper_conventional,paper_faithful,iteration_based_paper_interpretation,main,20,5,5,43,2,,3,after_update,activation,5,"""selu""","""selu""",3.6875,0.16761363636363635,pending
paper_conventional-main-ants20-iterations5-epochs5-seed-43,paper_conventional,paper_faithful,iteration_based_paper_interpretation,main,20,5,5,43,2,,3,after_update,activation,6,"""gelu""","""gelu""",1.9375,0.08806818181818182,pending
paper_conventional-main-ants20-iterations5-epochs5-seed-43,paper_conventional,paper_faithful,iteration_based_paper_interpretation,main,20,5,5,43,2,,3,after_update,activation,7,"""linear""","""linier""",2.3125,0.10511363636363637,pending
paper_conventional-main-ants20-iterations5-epochs5-seed-43,paper_conventional,paper_faithful,iteration_based_paper_interpretation,main,20,5,5,43,2,,3,after_update,optimizer,0,"""adam""","""adam""",3.5625,0.16193181818181818,pending
paper_conventional-main-ants20-iterations5-epochs5-seed-43,paper_conventional,paper_faithful,iteration_based_paper_interpretation,main,20,5,5,43,2,,3,after_update,optimizer,1,"""rmsprop""","""rmsprop""",1.4375,0.06534090909090909,pending
paper_conventional-main-ants20-iterations5-epochs5-seed-43,paper_conventional,paper_faithful,iteration_based_paper_interpretation,main,20,5,5,43,2,,3,after_update,optimizer,2,"""sgd""","""sgd""",5.5625,0.2528409090909091,pending
paper_conventional-main-ants20-iterations5-epochs5-seed-43,paper_conventional,paper_faithful,iteration_based_paper_interpretation,main,20,5,5,43,2,,3,after_update,optimizer,3,"""adadelta""","""adadelta""",2.8125,0.1278409090909091,pending
paper_conventional-main-ants20-iterations5-epochs5-seed-43,paper_conventional,paper_faithful,iteration_based_paper_interpretation,main,20,5,5,43,2,,3,after_update,optimizer,4,"""adagrad""","""adagrad""",3.4375,0.15625,pending
paper_conventional-main-ants20-iterations5-epochs5-seed-43,paper_conventional,paper_faithful,iteration_based_paper_interpretation,main,20,5,5,43,2,,3,after_update,optimizer,5,"""adamax""","""adamax""",0.5625,0.02556818181818182,pending
paper_conventional-main-ants20-iterations5-epochs5-seed-43,paper_conventional,paper_faithful,iteration_based_paper_interpretation,main,20,5,5,43,2,,3,after_update,optimizer,6,"""ftrl""","""ftrl""",2.3125,0.10511363636363637,pending
paper_conventional-main-ants20-iterations5-epochs5-seed-43,paper_conventional,paper_faithful,iteration_based_paper_interpretation,main,20,5,5,43,2,,3,after_update,optimizer,7,"""nadam""","""nadam""",2.3125,0.10511363636363637,pending
paper_conventional-main-ants20-iterations5-epochs5-seed-43,paper_conventional,paper_faithful,iteration_based_paper_interpretation,main,20,5,5,43,2,,3,after_update,loss,0,"""sparse_categorical_crossentropy""","""sparse_categorical_crossentropy""",2.3125,0.10511363636363637,pending
paper_conventional-main-ants20-iterations5-epochs5-seed-43,paper_conventional,paper_faithful,iteration_based_paper_interpretation,main,20,5,5,43,2,,3,after_update,loss,1,"""categorical_crossentropy""","""categorical_crossentropy""",2.4375,0.11079545454545454,pending
paper_conventional-main-ants20-iterations5-epochs5-seed-43,paper_conventional,paper_faithful,iteration_based_paper_interpretation,main,20,5,5,43,2,,3,after_update,loss,2,"""binary_crossentropy""","""binary_crossentropy""",4.0625,0.1846590909090909,pending
paper_conventional-main-ants20-iterations5-epochs5-seed-43,paper_conventional,paper_faithful,iteration_based_paper_interpretation,main,20,5,5,43,2,,3,after_update,loss,3,"""mean_absolute_error""","""mean_absolute_error""",2.3125,0.10511363636363637,pending
paper_conventional-main-ants20-iterations5-epochs5-seed-43,paper_conventional,paper_faithful,iteration_based_paper_interpretation,main,20,5,5,43,2,,3,after_update,loss,4,"""mean_squared_error""","""mean_squared_error""",2.1875,0.09943181818181818,pending
paper_conventional-main-ants20-iterations5-epochs5-seed-43,paper_conventional,paper_faithful,iteration_based_paper_interpretation,main,20,5,5,43,2,,3,after_update,loss,5,"""squared_hinge""","""squared_hinge""",1.8125,0.08238636363636363,pending
paper_conventional-main-ants20-iterations5-epochs5-seed-43,paper_conventional,paper_faithful,iteration_based_paper_interpretation,main,20,5,5,43,2,,3,after_update,loss,6,"""categorical_hinge""","""categorical_hinge""",4.6875,0.21306818181818182,pending
paper_conventional-main-ants20-iterations5-epochs5-seed-43,paper_conventional,paper_faithful,iteration_based_paper_interpretation,main,20,5,5,43,2,,3,after_update,loss,7,"""cosine_similarity""","""cosine_similarity""",2.1875,0.09943181818181818,pending
paper_conventional-main-ants20-iterations5-epochs5-seed-43,paper_conventional,paper_faithful,iteration_based_paper_interpretation,main,20,5,5,43,3,,4,before_sampling,dense_units_1,0,16,16,2.3125,0.10511363636363637,pending
paper_conventional-main-ants20-iterations5-epochs5-seed-43,paper_conventional,paper_faithful,iteration_based_paper_interpretation,main,20,5,5,43,3,,4,before_sampling,dense_units_1,1,32,32,1.9375,0.08806818181818182,pending
paper_conventional-main-ants20-iterations5-epochs5-seed-43,paper_conventional,paper_faithful,iteration_based_paper_interpretation,main,20,5,5,43,3,,4,before_sampling,dense_units_1,2,64,64,2.8125,0.1278409090909091,pending
paper_conventional-main-ants20-iterations5-epochs5-seed-43,paper_conventional,paper_faithful,iteration_based_paper_interpretation,main,20,5,5,43,3,,4,before_sampling,dense_units_1,3,128,128,3.8125,0.17329545454545456,pending
paper_conventional-main-ants20-iterations5-epochs5-seed-43,paper_conventional,paper_faithful,iteration_based_paper_interpretation,main,20,5,5,43,3,,4,before_sampling,dense_units_1,4,256,256,3.3125,0.15056818181818182,pending
paper_conventional-main-ants20-iterations5-epochs5-seed-43,paper_conventional,paper_faithful,iteration_based_paper_interpretation,main,20,5,5,43,3,,4,before_sampling,dense_units_1,5,512,512,3.0625,0.13920454545454544,pending
paper_conventional-main-ants20-iterations5-epochs5-seed-43,paper_conventional,paper_faithful,iteration_based_paper_interpretation,main,20,5,5,43,3,,4,before_sampling,dense_units_1,6,1024,1024,1.0625,0.048295454545454544,pending
paper_conventional-main-ants20-iterations5-epochs5-seed-43,paper_conventional,paper_faithful,iteration_based_paper_interpretation,main,20,5,5,43,3,,4,before_sampling,dense_units_1,7,2048,2048,3.6875,0.16761363636363635,pending
paper_conventional-main-ants20-iterations5-epochs5-seed-43,paper_conventional,paper_faithful,iteration_based_paper_interpretation,main,20,5,5,43,3,,4,before_sampling,dense_units_2,0,16,16,3.9375,0.17897727272727273,pending
paper_conventional-main-ants20-iterations5-epochs5-seed-43,paper_conventional,paper_faithful,iteration_based_paper_interpretation,main,20,5,5,43,3,,4,before_sampling,dense_units_2,1,32,32,1.8125,0.08238636363636363,pending
paper_conventional-main-ants20-iterations5-epochs5-seed-43,paper_conventional,paper_faithful,iteration_based_paper_interpretation,main,20,5,5,43,3,,4,before_sampling,dense_units_2,2,64,64,1.9375,0.08806818181818182,pending
paper_conventional-main-ants20-iterations5-epochs5-seed-43,paper_conventional,paper_faithful,iteration_based_paper_interpretation,main,20,5,5,43,3,,4,before_sampling,dense_units_2,3,128,128,5.0625,0.23011363636363635,pending
paper_conventional-main-ants20-iterations5-epochs5-seed-43,paper_conventional,paper_faithful,iteration_based_paper_interpretation,main,20,5,5,43,3,,4,before_sampling,dense_units_2,4,256,256,2.6875,0.12215909090909091,pending
paper_conventional-main-ants20-iterations5-epochs5-seed-43,paper_conventional,paper_faithful,iteration_based_paper_interpretation,main,20,5,5,43,3,,4,before_sampling,dense_units_2,5,512,512,1.4375,0.06534090909090909,pending
paper_conventional-main-ants20-iterations5-epochs5-seed-43,paper_conventional,paper_faithful,iteration_based_paper_interpretation,main,20,5,5,43,3,,4,before_sampling,dense_units_2,6,1024,1024,1.4375,0.06534090909090909,pending
paper_conventional-main-ants20-iterations5-epochs5-seed-43,paper_conventional,paper_faithful,iteration_based_paper_interpretation,main,20,5,5,43,3,,4,before_sampling,dense_units_2,7,2048,2048,3.6875,0.16761363636363635,pending
paper_conventional-main-ants20-iterations5-epochs5-seed-43,paper_conventional,paper_faithful,iteration_based_paper_interpretation,main,20,5,5,43,3,,4,before_sampling,dropout_1,0,0.1,0.1,1.8125,0.08238636363636363,pending
paper_conventional-main-ants20-iterations5-epochs5-seed-43,paper_conventional,paper_faithful,iteration_based_paper_interpretation,main,20,5,5,43,3,,4,before_sampling,dropout_1,1,0.2,0.2,3.3125,0.15056818181818182,pending
paper_conventional-main-ants20-iterations5-epochs5-seed-43,paper_conventional,paper_faithful,iteration_based_paper_interpretation,main,20,5,5,43,3,,4,before_sampling,dropout_1,2,0.3,0.3,1.4375,0.06534090909090909,pending
paper_conventional-main-ants20-iterations5-epochs5-seed-43,paper_conventional,paper_faithful,iteration_based_paper_interpretation,main,20,5,5,43,3,,4,before_sampling,dropout_1,3,0.4,0.4,0.5625,0.02556818181818182,pending
paper_conventional-main-ants20-iterations5-epochs5-seed-43,paper_conventional,paper_faithful,iteration_based_paper_interpretation,main,20,5,5,43,3,,4,before_sampling,dropout_1,4,0.5,0.5,3.1875,0.14488636363636365,pending
paper_conventional-main-ants20-iterations5-epochs5-seed-43,paper_conventional,paper_faithful,iteration_based_paper_interpretation,main,20,5,5,43,3,,4,before_sampling,dropout_1,5,0.6,0.6,4.5625,0.20738636363636365,pending
paper_conventional-main-ants20-iterations5-epochs5-seed-43,paper_conventional,paper_faithful,iteration_based_paper_interpretation,main,20,5,5,43,3,,4,before_sampling,dropout_1,6,0.7,0.7,1.8125,0.08238636363636363,pending
paper_conventional-main-ants20-iterations5-epochs5-seed-43,paper_conventional,paper_faithful,iteration_based_paper_interpretation,main,20,5,5,43,3,,4,before_sampling,dropout_1,7,0.8,0.8,5.3125,0.24147727272727273,pending
paper_conventional-main-ants20-iterations5-epochs5-seed-43,paper_conventional,paper_faithful,iteration_based_paper_interpretation,main,20,5,5,43,3,,4,before_sampling,dropout_2,0,0.1,0.1,2.8125,0.1278409090909091,pending
paper_conventional-main-ants20-iterations5-epochs5-seed-43,paper_conventional,paper_faithful,iteration_based_paper_interpretation,main,20,5,5,43,3,,4,before_sampling,dropout_2,1,0.2,0.2,2.6875,0.12215909090909091,pending
paper_conventional-main-ants20-iterations5-epochs5-seed-43,paper_conventional,paper_faithful,iteration_based_paper_interpretation,main,20,5,5,43,3,,4,before_sampling,dropout_2,2,0.3,0.3,0.5625,0.02556818181818182,pending
paper_conventional-main-ants20-iterations5-epochs5-seed-43,paper_conventional,paper_faithful,iteration_based_paper_interpretation,main,20,5,5,43,3,,4,before_sampling,dropout_2,3,0.4,0.4,3.3125,0.15056818181818182,pending
paper_conventional-main-ants20-iterations5-epochs5-seed-43,paper_conventional,paper_faithful,iteration_based_paper_interpretation,main,20,5,5,43,3,,4,before_sampling,dropout_2,4,0.5,0.5,1.9375,0.08806818181818182,pending
paper_conventional-main-ants20-iterations5-epochs5-seed-43,paper_conventional,paper_faithful,iteration_based_paper_interpretation,main,20,5,5,43,3,,4,before_sampling,dropout_2,5,0.6,0.6,4.0625,0.1846590909090909,pending
paper_conventional-main-ants20-iterations5-epochs5-seed-43,paper_conventional,paper_faithful,iteration_based_paper_interpretation,main,20,5,5,43,3,,4,before_sampling,dropout_2,6,0.7,0.7,4.3125,0.19602272727272727,pending
paper_conventional-main-ants20-iterations5-epochs5-seed-43,paper_conventional,paper_faithful,iteration_based_paper_interpretation,main,20,5,5,43,3,,4,before_sampling,dropout_2,7,0.8,0.8,2.3125,0.10511363636363637,pending
paper_conventional-main-ants20-iterations5-epochs5-seed-43,paper_conventional,paper_faithful,iteration_based_paper_interpretation,main,20,5,5,43,3,,4,before_sampling,batch_size,0,16,16,0.5625,0.02556818181818182,pending
paper_conventional-main-ants20-iterations5-epochs5-seed-43,paper_conventional,paper_faithful,iteration_based_paper_interpretation,main,20,5,5,43,3,,4,before_sampling,batch_size,1,32,32,2.9375,0.13352272727272727,pending
paper_conventional-main-ants20-iterations5-epochs5-seed-43,paper_conventional,paper_faithful,iteration_based_paper_interpretation,main,20,5,5,43,3,,4,before_sampling,batch_size,2,64,64,3.6875,0.16761363636363635,pending
paper_conventional-main-ants20-iterations5-epochs5-seed-43,paper_conventional,paper_faithful,iteration_based_paper_interpretation,main,20,5,5,43,3,,4,before_sampling,batch_size,3,128,128,2.1875,0.09943181818181818,pending
paper_conventional-main-ants20-iterations5-epochs5-seed-43,paper_conventional,paper_faithful,iteration_based_paper_interpretation,main,20,5,5,43,3,,4,before_sampling,batch_size,4,256,256,4.9375,0.22443181818181818,pending
paper_conventional-main-ants20-iterations5-epochs5-seed-43,paper_conventional,paper_faithful,iteration_based_paper_interpretation,main,20,5,5,43,3,,4,before_sampling,batch_size,5,512,512,1.9375,0.08806818181818182,pending
paper_conventional-main-ants20-iterations5-epochs5-seed-43,paper_conventional,paper_faithful,iteration_based_paper_interpretation,main,20,5,5,43,3,,4,before_sampling,batch_size,6,1024,1024,4.4375,0.20170454545454544,pending
paper_conventional-main-ants20-iterations5-epochs5-seed-43,paper_conventional,paper_faithful,iteration_based_paper_interpretation,main,20,5,5,43,3,,4,before_sampling,batch_size,7,2048,2048,1.3125,0.05965909090909091,pending
paper_conventional-main-ants20-iterations5-epochs5-seed-43,paper_conventional,paper_faithful,iteration_based_paper_interpretation,main,20,5,5,43,3,,4,before_sampling,activation,0,"""relu""","""relu""",1.4375,0.06534090909090909,pending
paper_conventional-main-ants20-iterations5-epochs5-seed-43,paper_conventional,paper_faithful,iteration_based_paper_interpretation,main,20,5,5,43,3,,4,before_sampling,activation,1,"""sigmoid""","""sigmoid""",3.0625,0.13920454545454544,pending
paper_conventional-main-ants20-iterations5-epochs5-seed-43,paper_conventional,paper_faithful,iteration_based_paper_interpretation,main,20,5,5,43,3,,4,before_sampling,activation,2,"""softplus""","""softplus""",5.0625,0.23011363636363635,pending
paper_conventional-main-ants20-iterations5-epochs5-seed-43,paper_conventional,paper_faithful,iteration_based_paper_interpretation,main,20,5,5,43,3,,4,before_sampling,activation,3,"""softsign""","""softsign""",2.1875,0.09943181818181818,pending
paper_conventional-main-ants20-iterations5-epochs5-seed-43,paper_conventional,paper_faithful,iteration_based_paper_interpretation,main,20,5,5,43,3,,4,before_sampling,activation,4,"""tanh""","""tanh""",2.3125,0.10511363636363637,pending
paper_conventional-main-ants20-iterations5-epochs5-seed-43,paper_conventional,paper_faithful,iteration_based_paper_interpretation,main,20,5,5,43,3,,4,before_sampling,activation,5,"""selu""","""selu""",3.6875,0.16761363636363635,pending
paper_conventional-main-ants20-iterations5-epochs5-seed-43,paper_conventional,paper_faithful,iteration_based_paper_interpretation,main,20,5,5,43,3,,4,before_sampling,activation,6,"""gelu""","""gelu""",1.9375,0.08806818181818182,pending
paper_conventional-main-ants20-iterations5-epochs5-seed-43,paper_conventional,paper_faithful,iteration_based_paper_interpretation,main,20,5,5,43,3,,4,before_sampling,activation,7,"""linear""","""linier""",2.3125,0.10511363636363637,pending
paper_conventional-main-ants20-iterations5-epochs5-seed-43,paper_conventional,paper_faithful,iteration_based_paper_interpretation,main,20,5,5,43,3,,4,before_sampling,optimizer,0,"""adam""","""adam""",3.5625,0.16193181818181818,pending
paper_conventional-main-ants20-iterations5-epochs5-seed-43,paper_conventional,paper_faithful,iteration_based_paper_interpretation,main,20,5,5,43,3,,4,before_sampling,optimizer,1,"""rmsprop""","""rmsprop""",1.4375,0.06534090909090909,pending
paper_conventional-main-ants20-iterations5-epochs5-seed-43,paper_conventional,paper_faithful,iteration_based_paper_interpretation,main,20,5,5,43,3,,4,before_sampling,optimizer,2,"""sgd""","""sgd""",5.5625,0.2528409090909091,pending
paper_conventional-main-ants20-iterations5-epochs5-seed-43,paper_conventional,paper_faithful,iteration_based_paper_interpretation,main,20,5,5,43,3,,4,before_sampling,optimizer,3,"""adadelta""","""adadelta""",2.8125,0.1278409090909091,pending
paper_conventional-main-ants20-iterations5-epochs5-seed-43,paper_conventional,paper_faithful,iteration_based_paper_interpretation,main,20,5,5,43,3,,4,before_sampling,optimizer,4,"""adagrad""","""adagrad""",3.4375,0.15625,pending
paper_conventional-main-ants20-iterations5-epochs5-seed-43,paper_conventional,paper_faithful,iteration_based_paper_interpretation,main,20,5,5,43,3,,4,before_sampling,optimizer,5,"""adamax""","""adamax""",0.5625,0.02556818181818182,pending
paper_conventional-main-ants20-iterations5-epochs5-seed-43,paper_conventional,paper_faithful,iteration_based_paper_interpretation,main,20,5,5,43,3,,4,before_sampling,optimizer,6,"""ftrl""","""ftrl""",2.3125,0.10511363636363637,pending
paper_conventional-main-ants20-iterations5-epochs5-seed-43,paper_conventional,paper_faithful,iteration_based_paper_interpretation,main,20,5,5,43,3,,4,before_sampling,optimizer,7,"""nadam""","""nadam""",2.3125,0.10511363636363637,pending
paper_conventional-main-ants20-iterations5-epochs5-seed-43,paper_conventional,paper_faithful,iteration_based_paper_interpretation,main,20,5,5,43,3,,4,before_sampling,loss,0,"""sparse_categorical_crossentropy""","""sparse_categorical_crossentropy""",2.3125,0.10511363636363637,pending
paper_conventional-main-ants20-iterations5-epochs5-seed-43,paper_conventional,paper_faithful,iteration_based_paper_interpretation,main,20,5,5,43,3,,4,before_sampling,loss,1,"""categorical_crossentropy""","""categorical_crossentropy""",2.4375,0.11079545454545454,pending
paper_conventional-main-ants20-iterations5-epochs5-seed-43,paper_conventional,paper_faithful,iteration_based_paper_interpretation,main,20,5,5,43,3,,4,before_sampling,loss,2,"""binary_crossentropy""","""binary_crossentropy""",4.0625,0.1846590909090909,pending
paper_conventional-main-ants20-iterations5-epochs5-seed-43,paper_conventional,paper_faithful,iteration_based_paper_interpretation,main,20,5,5,43,3,,4,before_sampling,loss,3,"""mean_absolute_error""","""mean_absolute_error""",2.3125,0.10511363636363637,pending
paper_conventional-main-ants20-iterations5-epochs5-seed-43,paper_conventional,paper_faithful,iteration_based_paper_interpretation,main,20,5,5,43,3,,4,before_sampling,loss,4,"""mean_squared_error""","""mean_squared_error""",2.1875,0.09943181818181818,pending
paper_conventional-main-ants20-iterations5-epochs5-seed-43,paper_conventional,paper_faithful,iteration_based_paper_interpretation,main,20,5,5,43,3,,4,before_sampling,loss,5,"""squared_hinge""","""squared_hinge""",1.8125,0.08238636363636363,pending
paper_conventional-main-ants20-iterations5-epochs5-seed-43,paper_conventional,paper_faithful,iteration_based_paper_interpretation,main,20,5,5,43,3,,4,before_sampling,loss,6,"""categorical_hinge""","""categorical_hinge""",4.6875,0.21306818181818182,pending
paper_conventional-main-ants20-iterations5-epochs5-seed-43,paper_conventional,paper_faithful,iteration_based_paper_interpretation,main,20,5,5,43,3,,4,before_sampling,loss,7,"""cosine_similarity""","""cosine_similarity""",2.1875,0.09943181818181818,pending
paper_conventional-main-ants20-iterations5-epochs5-seed-43,paper_conventional,paper_faithful,iteration_based_paper_interpretation,main,20,5,5,43,3,,5,after_update,dense_units_1,0,16,16,2.234375,0.0859375,pending
paper_conventional-main-ants20-iterations5-epochs5-seed-43,paper_conventional,paper_faithful,iteration_based_paper_interpretation,main,20,5,5,43,3,,5,after_update,dense_units_1,1,32,32,1.953125,0.0751201923076923,pending
paper_conventional-main-ants20-iterations5-epochs5-seed-43,paper_conventional,paper_faithful,iteration_based_paper_interpretation,main,20,5,5,43,3,,5,after_update,dense_units_1,2,64,64,3.609375,0.1388221153846154,pending
paper_conventional-main-ants20-iterations5-epochs5-seed-43,paper_conventional,paper_faithful,iteration_based_paper_interpretation,main,20,5,5,43,3,,5,after_update,dense_units_1,3,128,128,3.859375,0.1484375,pending
paper_conventional-main-ants20-iterations5-epochs5-seed-43,paper_conventional,paper_faithful,iteration_based_paper_interpretation,main,20,5,5,43,3,,5,after_update,dense_units_1,4,256,256,4.484375,0.17247596153846154,pending
paper_conventional-main-ants20-iterations5-epochs5-seed-43,paper_conventional,paper_faithful,iteration_based_paper_interpretation,main,20,5,5,43,3,,5,after_update,dense_units_1,5,512,512,3.296875,0.1268028846153846,pending
paper_conventional-main-ants20-iterations5-epochs5-seed-43,paper_conventional,paper_faithful,iteration_based_paper_interpretation,main,20,5,5,43,3,,5,after_update,dense_units_1,6,1024,1024,1.796875,0.06911057692307693,pending
paper_conventional-main-ants20-iterations5-epochs5-seed-43,paper_conventional,paper_faithful,iteration_based_paper_interpretation,main,20,5,5,43,3,,5,after_update,dense_units_1,7,2048,2048,4.765625,0.18329326923076922,pending
paper_conventional-main-ants20-iterations5-epochs5-seed-43,paper_conventional,paper_faithful,iteration_based_paper_interpretation,main,20,5,5,43,3,,5,after_update,dense_units_2,0,16,16,5.953125,0.22896634615384615,pending
paper_conventional-main-ants20-iterations5-epochs5-seed-43,paper_conventional,paper_faithful,iteration_based_paper_interpretation,main,20,5,5,43,3,,5,after_update,dense_units_2,1,32,32,1.859375,0.07151442307692307,pending
paper_conventional-main-ants20-iterations5-epochs5-seed-43,paper_conventional,paper_faithful,iteration_based_paper_interpretation,main,20,5,5,43,3,,5,after_update,dense_units_2,2,64,64,1.953125,0.0751201923076923,pending
paper_conventional-main-ants20-iterations5-epochs5-seed-43,paper_conventional,paper_faithful,iteration_based_paper_interpretation,main,20,5,5,43,3,,5,after_update,dense_units_2,3,128,128,6.796875,0.2614182692307692,pending
paper_conventional-main-ants20-iterations5-epochs5-seed-43,paper_conventional,paper_faithful,iteration_based_paper_interpretation,main,20,5,5,43,3,,5,after_update,dense_units_2,4,256,256,2.015625,0.07752403846153846,pending
paper_conventional-main-ants20-iterations5-epochs5-seed-43,paper_conventional,paper_faithful,iteration_based_paper_interpretation,main,20,5,5,43,3,,5,after_update,dense_units_2,5,512,512,2.078125,0.07992788461538461,pending
paper_conventional-main-ants20-iterations5-epochs5-seed-43,paper_conventional,paper_faithful,iteration_based_paper_interpretation,main,20,5,5,43,3,,5,after_update,dense_units_2,6,1024,1024,2.078125,0.07992788461538461,pending
paper_conventional-main-ants20-iterations5-epochs5-seed-43,paper_conventional,paper_faithful,iteration_based_paper_interpretation,main,20,5,5,43,3,,5,after_update,dense_units_2,7,2048,2048,3.265625,0.12560096153846154,pending
paper_conventional-main-ants20-iterations5-epochs5-seed-43,paper_conventional,paper_faithful,iteration_based_paper_interpretation,main,20,5,5,43,3,,5,after_update,dropout_1,0,0.1,0.1,1.859375,0.07151442307692307,pending
paper_conventional-main-ants20-iterations5-epochs5-seed-43,paper_conventional,paper_faithful,iteration_based_paper_interpretation,main,20,5,5,43,3,,5,after_update,dropout_1,1,0.2,0.2,3.984375,0.15324519230769232,pending
paper_conventional-main-ants20-iterations5-epochs5-seed-43,paper_conventional,paper_faithful,iteration_based_paper_interpretation,main,20,5,5,43,3,,5,after_update,dropout_1,2,0.3,0.3,2.078125,0.07992788461538461,pending
paper_conventional-main-ants20-iterations5-epochs5-seed-43,paper_conventional,paper_faithful,iteration_based_paper_interpretation,main,20,5,5,43,3,,5,after_update,dropout_1,3,0.4,0.4,0.921875,0.03545673076923077,pending
paper_conventional-main-ants20-iterations5-epochs5-seed-43,paper_conventional,paper_faithful,iteration_based_paper_interpretation,main,20,5,5,43,3,,5,after_update,dropout_1,4,0.5,0.5,3.390625,0.13040865384615385,pending
paper_conventional-main-ants20-iterations5-epochs5-seed-43,paper_conventional,paper_faithful,iteration_based_paper_interpretation,main,20,5,5,43,3,,5,after_update,dropout_1,5,0.6,0.6,5.421875,0.20853365384615385,pending
paper_conventional-main-ants20-iterations5-epochs5-seed-43,paper_conventional,paper_faithful,iteration_based_paper_interpretation,main,20,5,5,43,3,,5,after_update,dropout_1,6,0.7,0.7,2.359375,0.0907451923076923,pending
paper_conventional-main-ants20-iterations5-epochs5-seed-43,paper_conventional,paper_faithful,iteration_based_paper_interpretation,main,20,5,5,43,3,,5,after_update,dropout_1,7,0.8,0.8,5.984375,0.23016826923076922,pending
paper_conventional-main-ants20-iterations5-epochs5-seed-43,paper_conventional,paper_faithful,iteration_based_paper_interpretation,main,20,5,5,43,3,,5,after_update,dropout_2,0,0.1,0.1,2.609375,0.10036057692307693,pending
paper_conventional-main-ants20-iterations5-epochs5-seed-43,paper_conventional,paper_faithful,iteration_based_paper_interpretation,main,20,5,5,43,3,,5,after_update,dropout_2,1,0.2,0.2,4.515625,0.1736778846153846,pending
paper_conventional-main-ants20-iterations5-epochs5-seed-43,paper_conventional,paper_faithful,iteration_based_paper_interpretation,main,20,5,5,43,3,,5,after_update,dropout_2,2,0.3,0.3,0.921875,0.03545673076923077,pending
paper_conventional-main-ants20-iterations5-epochs5-seed-43,paper_conventional,paper_faithful,iteration_based_paper_interpretation,main,20,5,5,43,3,,5,after_update,dropout_2,3,0.4,0.4,2.984375,0.11478365384615384,pending
paper_conventional-main-ants20-iterations5-epochs5-seed-43,paper_conventional,paper_faithful,iteration_based_paper_interpretation,main,20,5,5,43,3,,5,after_update,dropout_2,4,0.5,0.5,2.453125,0.09435096153846154,pending
paper_conventional-main-ants20-iterations5-epochs5-seed-43,paper_conventional,paper_faithful,iteration_based_paper_interpretation,main,20,5,5,43,3,,5,after_update,dropout_2,5,0.6,0.6,5.546875,0.21334134615384615,pending
paper_conventional-main-ants20-iterations5-epochs5-seed-43,paper_conventional,paper_faithful,iteration_based_paper_interpretation,main,20,5,5,43,3,,5,after_update,dropout_2,6,0.7,0.7,4.734375,0.18209134615384615,pending
paper_conventional-main-ants20-iterations5-epochs5-seed-43,paper_conventional,paper_faithful,iteration_based_paper_interpretation,main,20,5,5,43,3,,5,after_update,dropout_2,7,0.8,0.8,2.234375,0.0859375,pending
paper_conventional-main-ants20-iterations5-epochs5-seed-43,paper_conventional,paper_faithful,iteration_based_paper_interpretation,main,20,5,5,43,3,,5,after_update,batch_size,0,16,16,0.921875,0.03545673076923077,pending
paper_conventional-main-ants20-iterations5-epochs5-seed-43,paper_conventional,paper_faithful,iteration_based_paper_interpretation,main,20,5,5,43,3,,5,after_update,batch_size,1,32,32,3.203125,0.12319711538461539,pending
paper_conventional-main-ants20-iterations5-epochs5-seed-43,paper_conventional,paper_faithful,iteration_based_paper_interpretation,main,20,5,5,43,3,,5,after_update,batch_size,2,64,64,4.265625,0.1640625,pending
paper_conventional-main-ants20-iterations5-epochs5-seed-43,paper_conventional,paper_faithful,iteration_based_paper_interpretation,main,20,5,5,43,3,,5,after_update,batch_size,3,128,128,2.140625,0.08233173076923077,pending
paper_conventional-main-ants20-iterations5-epochs5-seed-43,paper_conventional,paper_faithful,iteration_based_paper_interpretation,main,20,5,5,43,3,,5,after_update,batch_size,4,256,256,5.203125,0.20012019230769232,pending
paper_conventional-main-ants20-iterations5-epochs5-seed-43,paper_conventional,paper_faithful,iteration_based_paper_interpretation,main,20,5,5,43,3,,5,after_update,batch_size,5,512,512,1.453125,0.05588942307692308,pending
paper_conventional-main-ants20-iterations5-epochs5-seed-43,paper_conventional,paper_faithful,iteration_based_paper_interpretation,main,20,5,5,43,3,,5,after_update,batch_size,6,1024,1024,7.328125,0.28185096153846156,pending
paper_conventional-main-ants20-iterations5-epochs5-seed-43,paper_conventional,paper_faithful,iteration_based_paper_interpretation,main,20,5,5,43,3,,5,after_update,batch_size,7,2048,2048,1.484375,0.05709134615384615,pending
paper_conventional-main-ants20-iterations5-epochs5-seed-43,paper_conventional,paper_faithful,iteration_based_paper_interpretation,main,20,5,5,43,3,,5,after_update,activation,0,"""relu""","""relu""",2.078125,0.07992788461538461,pending
paper_conventional-main-ants20-iterations5-epochs5-seed-43,paper_conventional,paper_faithful,iteration_based_paper_interpretation,main,20,5,5,43,3,,5,after_update,activation,1,"""sigmoid""","""sigmoid""",3.796875,0.14603365384615385,pending
paper_conventional-main-ants20-iterations5-epochs5-seed-43,paper_conventional,paper_faithful,iteration_based_paper_interpretation,main,20,5,5,43,3,,5,after_update,activation,2,"""softplus""","""softplus""",4.796875,0.18449519230769232,pending
paper_conventional-main-ants20-iterations5-epochs5-seed-43,paper_conventional,paper_faithful,iteration_based_paper_interpretation,main,20,5,5,43,3,,5,after_update,activation,3,"""softsign""","""softsign""",2.640625,0.1015625,pending
paper_conventional-main-ants20-iterations5-epochs5-seed-43,paper_conventional,paper_faithful,iteration_based_paper_interpretation,main,20,5,5,43,3,,5,after_update,activation,4,"""tanh""","""tanh""",2.734375,0.10516826923076923,pending
paper_conventional-main-ants20-iterations5-epochs5-seed-43,paper_conventional,paper_faithful,iteration_based_paper_interpretation,main,20,5,5,43,3,,5,after_update,activation,5,"""selu""","""selu""",5.265625,0.20252403846153846,pending
paper_conventional-main-ants20-iterations5-epochs5-seed-43,paper_conventional,paper_faithful,iteration_based_paper_interpretation,main,20,5,5,43,3,,5,after_update,activation,6,"""gelu""","""gelu""",1.953125,0.0751201923076923,pending
paper_conventional-main-ants20-iterations5-epochs5-seed-43,paper_conventional,paper_faithful,iteration_based_paper_interpretation,main,20,5,5,43,3,,5,after_update,activation,7,"""linear""","""linier""",2.734375,0.10516826923076923,pending
paper_conventional-main-ants20-iterations5-epochs5-seed-43,paper_conventional,paper_faithful,iteration_based_paper_interpretation,main,20,5,5,43,3,,5,after_update,optimizer,0,"""adam""","""adam""",4.171875,0.16045673076923078,pending
paper_conventional-main-ants20-iterations5-epochs5-seed-43,paper_conventional,paper_faithful,iteration_based_paper_interpretation,main,20,5,5,43,3,,5,after_update,optimizer,1,"""rmsprop""","""rmsprop""",1.078125,0.04146634615384615,pending
paper_conventional-main-ants20-iterations5-epochs5-seed-43,paper_conventional,paper_faithful,iteration_based_paper_interpretation,main,20,5,5,43,3,,5,after_update,optimizer,2,"""sgd""","""sgd""",7.671875,0.29507211538461536,pending
paper_conventional-main-ants20-iterations5-epochs5-seed-43,paper_conventional,paper_faithful,iteration_based_paper_interpretation,main,20,5,5,43,3,,5,after_update,optimizer,3,"""adadelta""","""adadelta""",4.109375,0.1580528846153846,pending
paper_conventional-main-ants20-iterations5-epochs5-seed-43,paper_conventional,paper_faithful,iteration_based_paper_interpretation,main,20,5,5,43,3,,5,after_update,optimizer,4,"""adagrad""","""adagrad""",4.078125,0.15685096153846154,pending
paper_conventional-main-ants20-iterations5-epochs5-seed-43,paper_conventional,paper_faithful,iteration_based_paper_interpretation,main,20,5,5,43,3,,5,after_update,optimizer,5,"""adamax""","""adamax""",0.421875,0.01622596153846154,pending
paper_conventional-main-ants20-iterations5-epochs5-seed-43,paper_conventional,paper_faithful,iteration_based_paper_interpretation,main,20,5,5,43,3,,5,after_update,optimizer,6,"""ftrl""","""ftrl""",2.234375,0.0859375,pending
paper_conventional-main-ants20-iterations5-epochs5-seed-43,paper_conventional,paper_faithful,iteration_based_paper_interpretation,main,20,5,5,43,3,,5,after_update,optimizer,7,"""nadam""","""nadam""",2.234375,0.0859375,pending
paper_conventional-main-ants20-iterations5-epochs5-seed-43,paper_conventional,paper_faithful,iteration_based_paper_interpretation,main,20,5,5,43,3,,5,after_update,loss,0,"""sparse_categorical_crossentropy""","""sparse_categorical_crossentropy""",3.734375,0.14362980769230768,pending
paper_conventional-main-ants20-iterations5-epochs5-seed-43,paper_conventional,paper_faithful,iteration_based_paper_interpretation,main,20,5,5,43,3,,5,after_update,loss,1,"""categorical_crossentropy""","""categorical_crossentropy""",2.328125,0.08954326923076923,pending
paper_conventional-main-ants20-iterations5-epochs5-seed-43,paper_conventional,paper_faithful,iteration_based_paper_interpretation,main,20,5,5,43,3,,5,after_update,loss,2,"""binary_crossentropy""","""binary_crossentropy""",5.046875,0.19411057692307693,pending
paper_conventional-main-ants20-iterations5-epochs5-seed-43,paper_conventional,paper_faithful,iteration_based_paper_interpretation,main,20,5,5,43,3,,5,after_update,loss,3,"""mean_absolute_error""","""mean_absolute_error""",4.234375,0.16286057692307693,pending
paper_conventional-main-ants20-iterations5-epochs5-seed-43,paper_conventional,paper_faithful,iteration_based_paper_interpretation,main,20,5,5,43,3,,5,after_update,loss,4,"""mean_squared_error""","""mean_squared_error""",1.640625,0.06310096153846154,pending
paper_conventional-main-ants20-iterations5-epochs5-seed-43,paper_conventional,paper_faithful,iteration_based_paper_interpretation,main,20,5,5,43,3,,5,after_update,loss,5,"""squared_hinge""","""squared_hinge""",1.859375,0.07151442307692307,pending
paper_conventional-main-ants20-iterations5-epochs5-seed-43,paper_conventional,paper_faithful,iteration_based_paper_interpretation,main,20,5,5,43,3,,5,after_update,loss,6,"""categorical_hinge""","""categorical_hinge""",4.515625,0.1736778846153846,pending
paper_conventional-main-ants20-iterations5-epochs5-seed-43,paper_conventional,paper_faithful,iteration_based_paper_interpretation,main,20,5,5,43,3,,5,after_update,loss,7,"""cosine_similarity""","""cosine_similarity""",2.640625,0.1015625,pending
paper_conventional-main-ants20-iterations5-epochs5-seed-43,paper_conventional,paper_faithful,iteration_based_paper_interpretation,main,20,5,5,43,4,,6,before_sampling,dense_units_1,0,16,16,2.234375,0.0859375,pending
paper_conventional-main-ants20-iterations5-epochs5-seed-43,paper_conventional,paper_faithful,iteration_based_paper_interpretation,main,20,5,5,43,4,,6,before_sampling,dense_units_1,1,32,32,1.953125,0.0751201923076923,pending
paper_conventional-main-ants20-iterations5-epochs5-seed-43,paper_conventional,paper_faithful,iteration_based_paper_interpretation,main,20,5,5,43,4,,6,before_sampling,dense_units_1,2,64,64,3.609375,0.1388221153846154,pending
paper_conventional-main-ants20-iterations5-epochs5-seed-43,paper_conventional,paper_faithful,iteration_based_paper_interpretation,main,20,5,5,43,4,,6,before_sampling,dense_units_1,3,128,128,3.859375,0.1484375,pending
paper_conventional-main-ants20-iterations5-epochs5-seed-43,paper_conventional,paper_faithful,iteration_based_paper_interpretation,main,20,5,5,43,4,,6,before_sampling,dense_units_1,4,256,256,4.484375,0.17247596153846154,pending
paper_conventional-main-ants20-iterations5-epochs5-seed-43,paper_conventional,paper_faithful,iteration_based_paper_interpretation,main,20,5,5,43,4,,6,before_sampling,dense_units_1,5,512,512,3.296875,0.1268028846153846,pending
paper_conventional-main-ants20-iterations5-epochs5-seed-43,paper_conventional,paper_faithful,iteration_based_paper_interpretation,main,20,5,5,43,4,,6,before_sampling,dense_units_1,6,1024,1024,1.796875,0.06911057692307693,pending
paper_conventional-main-ants20-iterations5-epochs5-seed-43,paper_conventional,paper_faithful,iteration_based_paper_interpretation,main,20,5,5,43,4,,6,before_sampling,dense_units_1,7,2048,2048,4.765625,0.18329326923076922,pending
paper_conventional-main-ants20-iterations5-epochs5-seed-43,paper_conventional,paper_faithful,iteration_based_paper_interpretation,main,20,5,5,43,4,,6,before_sampling,dense_units_2,0,16,16,5.953125,0.22896634615384615,pending
paper_conventional-main-ants20-iterations5-epochs5-seed-43,paper_conventional,paper_faithful,iteration_based_paper_interpretation,main,20,5,5,43,4,,6,before_sampling,dense_units_2,1,32,32,1.859375,0.07151442307692307,pending
paper_conventional-main-ants20-iterations5-epochs5-seed-43,paper_conventional,paper_faithful,iteration_based_paper_interpretation,main,20,5,5,43,4,,6,before_sampling,dense_units_2,2,64,64,1.953125,0.0751201923076923,pending
paper_conventional-main-ants20-iterations5-epochs5-seed-43,paper_conventional,paper_faithful,iteration_based_paper_interpretation,main,20,5,5,43,4,,6,before_sampling,dense_units_2,3,128,128,6.796875,0.2614182692307692,pending
paper_conventional-main-ants20-iterations5-epochs5-seed-43,paper_conventional,paper_faithful,iteration_based_paper_interpretation,main,20,5,5,43,4,,6,before_sampling,dense_units_2,4,256,256,2.015625,0.07752403846153846,pending
paper_conventional-main-ants20-iterations5-epochs5-seed-43,paper_conventional,paper_faithful,iteration_based_paper_interpretation,main,20,5,5,43,4,,6,before_sampling,dense_units_2,5,512,512,2.078125,0.07992788461538461,pending
paper_conventional-main-ants20-iterations5-epochs5-seed-43,paper_conventional,paper_faithful,iteration_based_paper_interpretation,main,20,5,5,43,4,,6,before_sampling,dense_units_2,6,1024,1024,2.078125,0.07992788461538461,pending
paper_conventional-main-ants20-iterations5-epochs5-seed-43,paper_conventional,paper_faithful,iteration_based_paper_interpretation,main,20,5,5,43,4,,6,before_sampling,dense_units_2,7,2048,2048,3.265625,0.12560096153846154,pending
paper_conventional-main-ants20-iterations5-epochs5-seed-43,paper_conventional,paper_faithful,iteration_based_paper_interpretation,main,20,5,5,43,4,,6,before_sampling,dropout_1,0,0.1,0.1,1.859375,0.07151442307692307,pending
paper_conventional-main-ants20-iterations5-epochs5-seed-43,paper_conventional,paper_faithful,iteration_based_paper_interpretation,main,20,5,5,43,4,,6,before_sampling,dropout_1,1,0.2,0.2,3.984375,0.15324519230769232,pending
paper_conventional-main-ants20-iterations5-epochs5-seed-43,paper_conventional,paper_faithful,iteration_based_paper_interpretation,main,20,5,5,43,4,,6,before_sampling,dropout_1,2,0.3,0.3,2.078125,0.07992788461538461,pending
paper_conventional-main-ants20-iterations5-epochs5-seed-43,paper_conventional,paper_faithful,iteration_based_paper_interpretation,main,20,5,5,43,4,,6,before_sampling,dropout_1,3,0.4,0.4,0.921875,0.03545673076923077,pending
paper_conventional-main-ants20-iterations5-epochs5-seed-43,paper_conventional,paper_faithful,iteration_based_paper_interpretation,main,20,5,5,43,4,,6,before_sampling,dropout_1,4,0.5,0.5,3.390625,0.13040865384615385,pending
paper_conventional-main-ants20-iterations5-epochs5-seed-43,paper_conventional,paper_faithful,iteration_based_paper_interpretation,main,20,5,5,43,4,,6,before_sampling,dropout_1,5,0.6,0.6,5.421875,0.20853365384615385,pending
paper_conventional-main-ants20-iterations5-epochs5-seed-43,paper_conventional,paper_faithful,iteration_based_paper_interpretation,main,20,5,5,43,4,,6,before_sampling,dropout_1,6,0.7,0.7,2.359375,0.0907451923076923,pending
paper_conventional-main-ants20-iterations5-epochs5-seed-43,paper_conventional,paper_faithful,iteration_based_paper_interpretation,main,20,5,5,43,4,,6,before_sampling,dropout_1,7,0.8,0.8,5.984375,0.23016826923076922,pending
paper_conventional-main-ants20-iterations5-epochs5-seed-43,paper_conventional,paper_faithful,iteration_based_paper_interpretation,main,20,5,5,43,4,,6,before_sampling,dropout_2,0,0.1,0.1,2.609375,0.10036057692307693,pending
paper_conventional-main-ants20-iterations5-epochs5-seed-43,paper_conventional,paper_faithful,iteration_based_paper_interpretation,main,20,5,5,43,4,,6,before_sampling,dropout_2,1,0.2,0.2,4.515625,0.1736778846153846,pending
paper_conventional-main-ants20-iterations5-epochs5-seed-43,paper_conventional,paper_faithful,iteration_based_paper_interpretation,main,20,5,5,43,4,,6,before_sampling,dropout_2,2,0.3,0.3,0.921875,0.03545673076923077,pending
paper_conventional-main-ants20-iterations5-epochs5-seed-43,paper_conventional,paper_faithful,iteration_based_paper_interpretation,main,20,5,5,43,4,,6,before_sampling,dropout_2,3,0.4,0.4,2.984375,0.11478365384615384,pending
paper_conventional-main-ants20-iterations5-epochs5-seed-43,paper_conventional,paper_faithful,iteration_based_paper_interpretation,main,20,5,5,43,4,,6,before_sampling,dropout_2,4,0.5,0.5,2.453125,0.09435096153846154,pending
paper_conventional-main-ants20-iterations5-epochs5-seed-43,paper_conventional,paper_faithful,iteration_based_paper_interpretation,main,20,5,5,43,4,,6,before_sampling,dropout_2,5,0.6,0.6,5.546875,0.21334134615384615,pending
paper_conventional-main-ants20-iterations5-epochs5-seed-43,paper_conventional,paper_faithful,iteration_based_paper_interpretation,main,20,5,5,43,4,,6,before_sampling,dropout_2,6,0.7,0.7,4.734375,0.18209134615384615,pending
paper_conventional-main-ants20-iterations5-epochs5-seed-43,paper_conventional,paper_faithful,iteration_based_paper_interpretation,main,20,5,5,43,4,,6,before_sampling,dropout_2,7,0.8,0.8,2.234375,0.0859375,pending
paper_conventional-main-ants20-iterations5-epochs5-seed-43,paper_conventional,paper_faithful,iteration_based_paper_interpretation,main,20,5,5,43,4,,6,before_sampling,batch_size,0,16,16,0.921875,0.03545673076923077,pending
paper_conventional-main-ants20-iterations5-epochs5-seed-43,paper_conventional,paper_faithful,iteration_based_paper_interpretation,main,20,5,5,43,4,,6,before_sampling,batch_size,1,32,32,3.203125,0.12319711538461539,pending
paper_conventional-main-ants20-iterations5-epochs5-seed-43,paper_conventional,paper_faithful,iteration_based_paper_interpretation,main,20,5,5,43,4,,6,before_sampling,batch_size,2,64,64,4.265625,0.1640625,pending
paper_conventional-main-ants20-iterations5-epochs5-seed-43,paper_conventional,paper_faithful,iteration_based_paper_interpretation,main,20,5,5,43,4,,6,before_sampling,batch_size,3,128,128,2.140625,0.08233173076923077,pending
paper_conventional-main-ants20-iterations5-epochs5-seed-43,paper_conventional,paper_faithful,iteration_based_paper_interpretation,main,20,5,5,43,4,,6,before_sampling,batch_size,4,256,256,5.203125,0.20012019230769232,pending
paper_conventional-main-ants20-iterations5-epochs5-seed-43,paper_conventional,paper_faithful,iteration_based_paper_interpretation,main,20,5,5,43,4,,6,before_sampling,batch_size,5,512,512,1.453125,0.05588942307692308,pending
paper_conventional-main-ants20-iterations5-epochs5-seed-43,paper_conventional,paper_faithful,iteration_based_paper_interpretation,main,20,5,5,43,4,,6,before_sampling,batch_size,6,1024,1024,7.328125,0.28185096153846156,pending
paper_conventional-main-ants20-iterations5-epochs5-seed-43,paper_conventional,paper_faithful,iteration_based_paper_interpretation,main,20,5,5,43,4,,6,before_sampling,batch_size,7,2048,2048,1.484375,0.05709134615384615,pending
paper_conventional-main-ants20-iterations5-epochs5-seed-43,paper_conventional,paper_faithful,iteration_based_paper_interpretation,main,20,5,5,43,4,,6,before_sampling,activation,0,"""relu""","""relu""",2.078125,0.07992788461538461,pending
paper_conventional-main-ants20-iterations5-epochs5-seed-43,paper_conventional,paper_faithful,iteration_based_paper_interpretation,main,20,5,5,43,4,,6,before_sampling,activation,1,"""sigmoid""","""sigmoid""",3.796875,0.14603365384615385,pending
paper_conventional-main-ants20-iterations5-epochs5-seed-43,paper_conventional,paper_faithful,iteration_based_paper_interpretation,main,20,5,5,43,4,,6,before_sampling,activation,2,"""softplus""","""softplus""",4.796875,0.18449519230769232,pending
paper_conventional-main-ants20-iterations5-epochs5-seed-43,paper_conventional,paper_faithful,iteration_based_paper_interpretation,main,20,5,5,43,4,,6,before_sampling,activation,3,"""softsign""","""softsign""",2.640625,0.1015625,pending
paper_conventional-main-ants20-iterations5-epochs5-seed-43,paper_conventional,paper_faithful,iteration_based_paper_interpretation,main,20,5,5,43,4,,6,before_sampling,activation,4,"""tanh""","""tanh""",2.734375,0.10516826923076923,pending
paper_conventional-main-ants20-iterations5-epochs5-seed-43,paper_conventional,paper_faithful,iteration_based_paper_interpretation,main,20,5,5,43,4,,6,before_sampling,activation,5,"""selu""","""selu""",5.265625,0.20252403846153846,pending
paper_conventional-main-ants20-iterations5-epochs5-seed-43,paper_conventional,paper_faithful,iteration_based_paper_interpretation,main,20,5,5,43,4,,6,before_sampling,activation,6,"""gelu""","""gelu""",1.953125,0.0751201923076923,pending
paper_conventional-main-ants20-iterations5-epochs5-seed-43,paper_conventional,paper_faithful,iteration_based_paper_interpretation,main,20,5,5,43,4,,6,before_sampling,activation,7,"""linear""","""linier""",2.734375,0.10516826923076923,pending
paper_conventional-main-ants20-iterations5-epochs5-seed-43,paper_conventional,paper_faithful,iteration_based_paper_interpretation,main,20,5,5,43,4,,6,before_sampling,optimizer,0,"""adam""","""adam""",4.171875,0.16045673076923078,pending
paper_conventional-main-ants20-iterations5-epochs5-seed-43,paper_conventional,paper_faithful,iteration_based_paper_interpretation,main,20,5,5,43,4,,6,before_sampling,optimizer,1,"""rmsprop""","""rmsprop""",1.078125,0.04146634615384615,pending
paper_conventional-main-ants20-iterations5-epochs5-seed-43,paper_conventional,paper_faithful,iteration_based_paper_interpretation,main,20,5,5,43,4,,6,before_sampling,optimizer,2,"""sgd""","""sgd""",7.671875,0.29507211538461536,pending
paper_conventional-main-ants20-iterations5-epochs5-seed-43,paper_conventional,paper_faithful,iteration_based_paper_interpretation,main,20,5,5,43,4,,6,before_sampling,optimizer,3,"""adadelta""","""adadelta""",4.109375,0.1580528846153846,pending
paper_conventional-main-ants20-iterations5-epochs5-seed-43,paper_conventional,paper_faithful,iteration_based_paper_interpretation,main,20,5,5,43,4,,6,before_sampling,optimizer,4,"""adagrad""","""adagrad""",4.078125,0.15685096153846154,pending
paper_conventional-main-ants20-iterations5-epochs5-seed-43,paper_conventional,paper_faithful,iteration_based_paper_interpretation,main,20,5,5,43,4,,6,before_sampling,optimizer,5,"""adamax""","""adamax""",0.421875,0.01622596153846154,pending
paper_conventional-main-ants20-iterations5-epochs5-seed-43,paper_conventional,paper_faithful,iteration_based_paper_interpretation,main,20,5,5,43,4,,6,before_sampling,optimizer,6,"""ftrl""","""ftrl""",2.234375,0.0859375,pending
paper_conventional-main-ants20-iterations5-epochs5-seed-43,paper_conventional,paper_faithful,iteration_based_paper_interpretation,main,20,5,5,43,4,,6,before_sampling,optimizer,7,"""nadam""","""nadam""",2.234375,0.0859375,pending
paper_conventional-main-ants20-iterations5-epochs5-seed-43,paper_conventional,paper_faithful,iteration_based_paper_interpretation,main,20,5,5,43,4,,6,before_sampling,loss,0,"""sparse_categorical_crossentropy""","""sparse_categorical_crossentropy""",3.734375,0.14362980769230768,pending
paper_conventional-main-ants20-iterations5-epochs5-seed-43,paper_conventional,paper_faithful,iteration_based_paper_interpretation,main,20,5,5,43,4,,6,before_sampling,loss,1,"""categorical_crossentropy""","""categorical_crossentropy""",2.328125,0.08954326923076923,pending
paper_conventional-main-ants20-iterations5-epochs5-seed-43,paper_conventional,paper_faithful,iteration_based_paper_interpretation,main,20,5,5,43,4,,6,before_sampling,loss,2,"""binary_crossentropy""","""binary_crossentropy""",5.046875,0.19411057692307693,pending
paper_conventional-main-ants20-iterations5-epochs5-seed-43,paper_conventional,paper_faithful,iteration_based_paper_interpretation,main,20,5,5,43,4,,6,before_sampling,loss,3,"""mean_absolute_error""","""mean_absolute_error""",4.234375,0.16286057692307693,pending
paper_conventional-main-ants20-iterations5-epochs5-seed-43,paper_conventional,paper_faithful,iteration_based_paper_interpretation,main,20,5,5,43,4,,6,before_sampling,loss,4,"""mean_squared_error""","""mean_squared_error""",1.640625,0.06310096153846154,pending
paper_conventional-main-ants20-iterations5-epochs5-seed-43,paper_conventional,paper_faithful,iteration_based_paper_interpretation,main,20,5,5,43,4,,6,before_sampling,loss,5,"""squared_hinge""","""squared_hinge""",1.859375,0.07151442307692307,pending
paper_conventional-main-ants20-iterations5-epochs5-seed-43,paper_conventional,paper_faithful,iteration_based_paper_interpretation,main,20,5,5,43,4,,6,before_sampling,loss,6,"""categorical_hinge""","""categorical_hinge""",4.515625,0.1736778846153846,pending
paper_conventional-main-ants20-iterations5-epochs5-seed-43,paper_conventional,paper_faithful,iteration_based_paper_interpretation,main,20,5,5,43,4,,6,before_sampling,loss,7,"""cosine_similarity""","""cosine_similarity""",2.640625,0.1015625,pending
