run_id,mode,family,mode_interpretation,budget,effective_ants,effective_iterations,effective_max_epochs,seed,iteration,ant_id,candidate_id,dense_units_1,dense_units_2,dropout_1,dropout_2,batch_size,activation,optimizer,loss,learning_rate,fitness,train_accuracy,validation_accuracy,validation_loss,best_epoch,actual_epochs_completed,training_time_seconds,status,failure_reason,semantic_warning,effective_learning_rate,cache_hit,selection_probabilities,is_iteration_best,is_global_best,paper_label_activation,run_status
paper_conventional-main-ants20-iterations5-epochs5-seed-42,paper_conventional,paper_faithful,iteration_based_paper_interpretation,main,20,5,5,42,1,1,f1f4131008257cd2,1024,128,0.7,0.6,16,linear,ftrl,categorical_hinge,,0.10000000149011612,0.09537500143051147,0.10000000149011612,1.0000014305114746,4,5,74.86950993399978,success,,nonstandard_loss_for_multiclass_sparse_labels,0.0010000000474974513,False,"{""activation"": [0.125, 0.125, 0.125, 0.125, 0.125, 0.125, 0.125, 0.125], ""batch_size"": [0.125, 0.125, 0.125, 0.125, 0.125, 0.125, 0.125, 0.125], ""dense_units_1"": [0.125, 0.125, 0.125, 0.125, 0.125, 0.125, 0.125, 0.125], ""dense_units_2"": [0.125, 0.125, 0.125, 0.125, 0.125, 0.125, 0.125, 0.125], ""dropout_1"": [0.125, 0.125, 0.125, 0.125, 0.125, 0.125, 0.125, 0.125], ""dropout_2"": [0.125, 0.125, 0.125, 0.125, 0.125, 0.125, 0.125, 0.125], ""loss"": [0.125, 0.125, 0.125, 0.125, 0.125, 0.125, 0.125, 0.125], ""optimizer"": [0.125, 0.125, 0.125, 0.125, 0.125, 0.125, 0.125, 0.125]}",False,False,linier,success
paper_conventional-main-ants20-iterations5-epochs5-seed-42,paper_conventional,paper_faithful,iteration_based_paper_interpretation,main,20,5,5,42,1,2,fc9c12c60a3c3c6b,32,128,0.3,0.8,512,gelu,adadelta,categorical_crossentropy,,0.04650000110268593,0.08537500351667404,0.04650000110268593,2.306241989135742,1,5,4.358604252000077,success,,nonstandard_loss_for_multiclass_sparse_labels,0.0010000000474974513,False,"{""activation"": [0.125, 0.125, 0.125, 0.125, 0.125, 0.125, 0.125, 0.125], ""batch_size"": [0.125, 0.125, 0.125, 0.125, 0.125, 0.125, 0.125, 0.125], ""dense_units_1"": [0.125, 0.125, 0.125, 0.125, 0.125, 0.125, 0.125, 0.125], ""dense_units_2"": [0.125, 0.125, 0.125, 0.125, 0.125, 0.125, 0.125, 0.125], ""dropout_1"": [0.125, 0.125, 0.125, 0.125, 0.125, 0.125, 0.125, 0.125], ""dropout_2"": [0.125, 0.125, 0.125, 0.125, 0.125, 0.125, 0.125, 0.125], ""loss"": [0.125, 0.125, 0.125, 0.125, 0.125, 0.125, 0.125, 0.125], ""optimizer"": [0.125, 0.125, 0.125, 0.125, 0.125, 0.125, 0.125, 0.125]}",False,False,gelu,success
paper_conventional-main-ants20-iterations5-epochs5-seed-42,paper_conventional,paper_faithful,iteration_based_paper_interpretation,main,20,5,5,42,1,3,f8e0ac9fcbf8ecd8,256,16,0.7,0.6,1024,softplus,nadam,cosine_similarity,,0.2070000022649765,0.7818750143051147,0.2070000022649765,-0.40480151772499084,5,5,6.0193077670001,success,,nonstandard_loss_for_multiclass_sparse_labels,0.0010000000474974513,False,"{""activation"": [0.125, 0.125, 0.125, 0.125, 0.125, 0.125, 0.125, 0.125], ""batch_size"": [0.125, 0.125, 0.125, 0.125, 0.125, 0.125, 0.125, 0.125], ""dense_units_1"": [0.125, 0.125, 0.125, 0.125, 0.125, 0.125, 0.125, 0.125], ""dense_units_2"": [0.125, 0.125, 0.125, 0.125, 0.125, 0.125, 0.125, 0.125], ""dropout_1"": [0.125, 0.125, 0.125, 0.125, 0.125, 0.125, 0.125, 0.125], ""dropout_2"": [0.125, 0.125, 0.125, 0.125, 0.125, 0.125, 0.125, 0.125], ""loss"": [0.125, 0.125, 0.125, 0.125, 0.125, 0.125, 0.125, 0.125], ""optimizer"": [0.125, 0.125, 0.125, 0.125, 0.125, 0.125, 0.125, 0.125]}",False,False,softplus,success
paper_conventional-main-ants20-iterations5-epochs5-seed-42,paper_conventional,paper_faithful,iteration_based_paper_interpretation,main,20,5,5,42,1,4,af6dc82e33a9a221,1024,32,0.4,0.1,32,selu,adamax,cosine_similarity,,0.925000011920929,0.9572499990463257,0.925000011920929,-0.9321689605712891,5,5,17.264950574000068,success,,nonstandard_loss_for_multiclass_sparse_labels,0.0010000000474974513,False,"{""activation"": [0.125, 0.125, 0.125, 0.125, 0.125, 0.125, 0.125, 0.125], ""batch_size"": [0.125, 0.125, 0.125, 0.125, 0.125, 0.125, 0.125, 0.125], ""dense_units_1"": [0.125, 0.125, 0.125, 0.125, 0.125, 0.125, 0.125, 0.125], ""dense_units_2"": [0.125, 0.125, 0.125, 0.125, 0.125, 0.125, 0.125, 0.125], ""dropout_1"": [0.125, 0.125, 0.125, 0.125, 0.125, 0.125, 0.125, 0.125], ""dropout_2"": [0.125, 0.125, 0.125, 0.125, 0.125, 0.125, 0.125, 0.125], ""loss"": [0.125, 0.125, 0.125, 0.125, 0.125, 0.125, 0.125, 0.125], ""optimizer"": [0.125, 0.125, 0.125, 0.125, 0.125, 0.125, 0.125, 0.125]}",False,False,selu,success
paper_conventional-main-ants20-iterations5-epochs5-seed-42,paper_conventional,paper_faithful,iteration_based_paper_interpretation,main,20,5,5,42,1,5,00c607e464065141,64,64,0.4,0.2,32,softsign,rmsprop,squared_hinge,,0.9815000295639038,0.9714999794960022,0.9815000295639038,0.9085631370544434,4,5,15.64995109099982,success,,nonstandard_loss_for_multiclass_sparse_labels,0.0010000000474974513,False,"{""activation"": [0.125, 0.125, 0.125, 0.125, 0.125, 0.125, 0.125, 0.125], ""batch_size"": [0.125, 0.125, 0.125, 0.125, 0.125, 0.125, 0.125, 0.125], ""dense_units_1"": [0.125, 0.125, 0.125, 0.125, 0.125, 0.125, 0.125, 0.125], ""dense_units_2"": [0.125, 0.125, 0.125, 0.125, 0.125, 0.125, 0.125, 0.125], ""dropout_1"": [0.125, 0.125, 0.125, 0.125, 0.125, 0.125, 0.125, 0.125], ""dropout_2"": [0.125, 0.125, 0.125, 0.125, 0.125, 0.125, 0.125, 0.125], ""loss"": [0.125, 0.125, 0.125, 0.125, 0.125, 0.125, 0.125, 0.125], ""optimizer"": [0.125, 0.125, 0.125, 0.125, 0.125, 0.125, 0.125, 0.125]}",True,False,softsign,success
paper_conventional-main-ants20-iterations5-epochs5-seed-42,paper_conventional,paper_faithful,iteration_based_paper_interpretation,main,20,5,5,42,1,6,ddb524355d6cc114,128,1024,0.6,0.3,1024,gelu,adadelta,binary_crossentropy,,0.09950000047683716,0.08712500333786011,0.09950000047683716,0.6942411065101624,1,5,4.008736147000036,success,,nonstandard_loss_for_multiclass_sparse_labels,0.0010000000474974513,False,"{""activation"": [0.125, 0.125, 0.125, 0.125, 0.125, 0.125, 0.125, 0.125], ""batch_size"": [0.125, 0.125, 0.125, 0.125, 0.125, 0.125, 0.125, 0.125], ""dense_units_1"": [0.125, 0.125, 0.125, 0.125, 0.125, 0.125, 0.125, 0.125], ""dense_units_2"": [0.125, 0.125, 0.125, 0.125, 0.125, 0.125, 0.125, 0.125], ""dropout_1"": [0.125, 0.125, 0.125, 0.125, 0.125, 0.125, 0.125, 0.125], ""dropout_2"": [0.125, 0.125, 0.125, 0.125, 0.125, 0.125, 0.125, 0.125], ""loss"": [0.125, 0.125, 0.125, 0.125, 0.125, 0.125, 0.125, 0.125], ""optimizer"": [0.125, 0.125, 0.125, 0.125, 0.125, 0.125, 0.125, 0.125]}",False,False,gelu,success
paper_conventional-main-ants20-iterations5-epochs5-seed-42,paper_conventional,paper_faithful,iteration_based_paper_interpretation,main,20,5,5,42,1,7,3a36de04c7710417,512,32,0.2,0.1,1024,selu,adamax,categorical_hinge,,0.6504999995231628,0.9467499852180481,0.6504999995231628,0.7977112531661987,5,5,3.243906627999877,success,,nonstandard_loss_for_multiclass_sparse_labels,0.0010000000474974513,False,"{""activation"": [0.125, 0.125, 0.125, 0.125, 0.125, 0.125, 0.125, 0.125], ""batch_size"": [0.125, 0.125, 0.125, 0.125, 0.125, 0.125, 0.125, 0.125], ""dense_units_1"": [0.125, 0.125, 0.125, 0.125, 0.125, 0.125, 0.125, 0.125], ""dense_units_2"": [0.125, 0.125, 0.125, 0.125, 0.125, 0.125, 0.125, 0.125], ""dropout_1"": [0.125, 0.125, 0.125, 0.125, 0.125, 0.125, 0.125, 0.125], ""dropout_2"": [0.125, 0.125, 0.125, 0.125, 0.125, 0.125, 0.125, 0.125], ""loss"": [0.125, 0.125, 0.125, 0.125, 0.125, 0.125, 0.125, 0.125], ""optimizer"": [0.125, 0.125, 0.125, 0.125, 0.125, 0.125, 0.125, 0.125]}",False,False,selu,success
paper_conventional-main-ants20-iterations5-epochs5-seed-42,paper_conventional,paper_faithful,iteration_based_paper_interpretation,main,20,5,5,42,1,8,cd1d6c40fe505c4b,128,256,0.2,0.1,512,softsign,adagrad,categorical_hinge,,0.1720000058412552,0.15199999511241913,0.1720000058412552,1.0058085918426514,5,5,3.137572430000091,success,,nonstandard_loss_for_multiclass_sparse_labels,0.0010000000474974513,False,"{""activation"": [0.125, 0.125, 0.125, 0.125, 0.125, 0.125, 0.125, 0.125], ""batch_size"": [0.125, 0.125, 0.125, 0.125, 0.125, 0.125, 0.125, 0.125], ""dense_units_1"": [0.125, 0.125, 0.125, 0.125, 0.125, 0.125, 0.125, 0.125], ""dense_units_2"": [0.125, 0.125, 0.125, 0.125, 0.125, 0.125, 0.125, 0.125], ""dropout_1"": [0.125, 0.125, 0.125, 0.125, 0.125, 0.125, 0.125, 0.125], ""dropout_2"": [0.125, 0.125, 0.125, 0.125, 0.125, 0.125, 0.125, 0.125], ""loss"": [0.125, 0.125, 0.125, 0.125, 0.125, 0.125, 0.125, 0.125], ""optimizer"": [0.125, 0.125, 0.125, 0.125, 0.125, 0.125, 0.125, 0.125]}",False,False,softsign,success
paper_conventional-main-ants20-iterations5-epochs5-seed-42,paper_conventional,paper_faithful,iteration_based_paper_interpretation,main,20,5,5,42,1,9,4318164e2e0ef034,512,256,0.5,0.3,16,softsign,rmsprop,mean_absolute_error,,0.9704999923706055,0.9541249871253967,0.9704999923706055,0.00641935458406806,3,5,23.968858489000013,success,,nonstandard_loss_for_multiclass_sparse_labels,0.0010000000474974513,False,"{""activation"": [0.125, 0.125, 0.125, 0.125, 0.125, 0.125, 0.125, 0.125], ""batch_size"": [0.125, 0.125, 0.125, 0.125, 0.125, 0.125, 0.125, 0.125], ""dense_units_1"": [0.125, 0.125, 0.125, 0.125, 0.125, 0.125, 0.125, 0.125], ""dense_units_2"": [0.125, 0.125, 0.125, 0.125, 0.125, 0.125, 0.125, 0.125], ""dropout_1"": [0.125, 0.125, 0.125, 0.125, 0.125, 0.125, 0.125, 0.125], ""dropout_2"": [0.125, 0.125, 0.125, 0.125, 0.125, 0.125, 0.125, 0.125], ""loss"": [0.125, 0.125, 0.125, 0.125, 0.125, 0.125, 0.125, 0.125], ""optimizer"": [0.125, 0.125, 0.125, 0.125, 0.125, 0.125, 0.125, 0.125]}",False,False,softsign,success
paper_conventional-main-ants20-iterations5-epochs5-seed-42,paper_conventional,paper_faithful,iteration_based_paper_interpretation,main,20,5,5,42,1,10,100c444dd1de7901,1024,32,0.1,0.3,64,selu,adagrad,categorical_hinge,,0.9150000214576721,0.8962500095367432,0.9150000214576721,0.24028708040714264,5,5,7.34949699300023,success,,nonstandard_loss_for_multiclass_sparse_labels,0.0010000000474974513,False,"{""activation"": [0.125, 0.125, 0.125, 0.125, 0.125, 0.125, 0.125, 0.125], ""batch_size"": [0.125, 0.125, 0.125, 0.125, 0.125, 0.125, 0.125, 0.125], ""dense_units_1"": [0.125, 0.125, 0.125, 0.125, 0.125, 0.125, 0.125, 0.125], ""dense_units_2"": [0.125, 0.125, 0.125, 0.125, 0.125, 0.125, 0.125, 0.125], ""dropout_1"": [0.125, 0.125, 0.125, 0.125, 0.125, 0.125, 0.125, 0.125], ""dropout_2"": [0.125, 0.125, 0.125, 0.125, 0.125, 0.125, 0.125, 0.125], ""loss"": [0.125, 0.125, 0.125, 0.125, 0.125, 0.125, 0.125, 0.125], ""optimizer"": [0.125, 0.125, 0.125, 0.125, 0.125, 0.125, 0.125, 0.125]}",False,False,selu,success
paper_conventional-main-ants20-iterations5-epochs5-seed-42,paper_conventional,paper_faithful,iteration_based_paper_interpretation,main,20,5,5,42,1,11,13dea4db049af370,512,128,0.7,0.2,16,relu,adamax,mean_absolute_error,,0.8769999742507935,0.9383749961853027,0.8769999742507935,0.025262312963604927,5,5,28.71113907100016,success,,nonstandard_loss_for_multiclass_sparse_labels,0.0010000000474974513,False,"{""activation"": [0.125, 0.125, 0.125, 0.125, 0.125, 0.125, 0.125, 0.125], ""batch_size"": [0.125, 0.125, 0.125, 0.125, 0.125, 0.125, 0.125, 0.125], ""dense_units_1"": [0.125, 0.125, 0.125, 0.125, 0.125, 0.125, 0.125, 0.125], ""dense_units_2"": [0.125, 0.125, 0.125, 0.125, 0.125, 0.125, 0.125, 0.125], ""dropout_1"": [0.125, 0.125, 0.125, 0.125, 0.125, 0.125, 0.125, 0.125], ""dropout_2"": [0.125, 0.125, 0.125, 0.125, 0.125, 0.125, 0.125, 0.125], ""loss"": [0.125, 0.125, 0.125, 0.125, 0.125, 0.125, 0.125, 0.125], ""optimizer"": [0.125, 0.125, 0.125, 0.125, 0.125, 0.125, 0.125, 0.125]}",False,False,relu,success
paper_conventional-main-ants20-iterations5-epochs5-seed-42,paper_conventional,paper_faithful,iteration_based_paper_interpretation,main,20,5,5,42,1,12,03d91ca7bb3b2544,32,256,0.2,0.6,128,softsign,sgd,squared_hinge,,0.3634999990463257,0.2317499965429306,0.3634999990463257,1.1667382717132568,5,5,5.122718843000257,success,,nonstandard_loss_for_multiclass_sparse_labels,0.009999999776482582,False,"{""activation"": [0.125, 0.125, 0.125, 0.125, 0.125, 0.125, 0.125, 0.125], ""batch_size"": [0.125, 0.125, 0.125, 0.125, 0.125, 0.125, 0.125, 0.125], ""dense_units_1"": [0.125, 0.125, 0.125, 0.125, 0.125, 0.125, 0.125, 0.125], ""dense_units_2"": [0.125, 0.125, 0.125, 0.125, 0.125, 0.125, 0.125, 0.125], ""dropout_1"": [0.125, 0.125, 0.125, 0.125, 0.125, 0.125, 0.125, 0.125], ""dropout_2"": [0.125, 0.125, 0.125, 0.125, 0.125, 0.125, 0.125, 0.125], ""loss"": [0.125, 0.125, 0.125, 0.125, 0.125, 0.125, 0.125, 0.125], ""optimizer"": [0.125, 0.125, 0.125, 0.125, 0.125, 0.125, 0.125, 0.125]}",False,False,softsign,success
paper_conventional-main-ants20-iterations5-epochs5-seed-42,paper_conventional,paper_faithful,iteration_based_paper_interpretation,main,20,5,5,42,1,13,6412357bcd34088c,64,16,0.1,0.8,2048,selu,sgd,cosine_similarity,,0.24650000035762787,0.19162499904632568,0.24650000035762787,-0.35107487440109253,5,5,2.5405852799999593,success,,nonstandard_loss_for_multiclass_sparse_labels,0.009999999776482582,False,"{""activation"": [0.125, 0.125, 0.125, 0.125, 0.125, 0.125, 0.125, 0.125], ""batch_size"": [0.125, 0.125, 0.125, 0.125, 0.125, 0.125, 0.125, 0.125], ""dense_units_1"": [0.125, 0.125, 0.125, 0.125, 0.125, 0.125, 0.125, 0.125], ""dense_units_2"": [0.125, 0.125, 0.125, 0.125, 0.125, 0.125, 0.125, 0.125], ""dropout_1"": [0.125, 0.125, 0.125, 0.125, 0.125, 0.125, 0.125, 0.125], ""dropout_2"": [0.125, 0.125, 0.125, 0.125, 0.125, 0.125, 0.125, 0.125], ""loss"": [0.125, 0.125, 0.125, 0.125, 0.125, 0.125, 0.125, 0.125], ""optimizer"": [0.125, 0.125, 0.125, 0.125, 0.125, 0.125, 0.125, 0.125]}",False,False,selu,success
paper_conventional-main-ants20-iterations5-epochs5-seed-42,paper_conventional,paper_faithful,iteration_based_paper_interpretation,main,20,5,5,42,1,14,840551083f24bb40,1024,512,0.4,0.3,16,linear,adadelta,categorical_crossentropy,,0.6355000138282776,0.7005000114440918,0.6355000138282776,1.1377674341201782,5,5,28.506713561000197,success,,nonstandard_loss_for_multiclass_sparse_labels,0.0010000000474974513,False,"{""activation"": [0.125, 0.125, 0.125, 0.125, 0.125, 0.125, 0.125, 0.125], ""batch_size"": [0.125, 0.125, 0.125, 0.125, 0.125, 0.125, 0.125, 0.125], ""dense_units_1"": [0.125, 0.125, 0.125, 0.125, 0.125, 0.125, 0.125, 0.125], ""dense_units_2"": [0.125, 0.125, 0.125, 0.125, 0.125, 0.125, 0.125, 0.125], ""dropout_1"": [0.125, 0.125, 0.125, 0.125, 0.125, 0.125, 0.125, 0.125], ""dropout_2"": [0.125, 0.125, 0.125, 0.125, 0.125, 0.125, 0.125, 0.125], ""loss"": [0.125, 0.125, 0.125, 0.125, 0.125, 0.125, 0.125, 0.125], ""optimizer"": [0.125, 0.125, 0.125, 0.125, 0.125, 0.125, 0.125, 0.125]}",False,False,linier,success
paper_conventional-main-ants20-iterations5-epochs5-seed-42,paper_conventional,paper_faithful,iteration_based_paper_interpretation,main,20,5,5,42,1,15,84a6c16d498ea561,64,256,0.2,0.7,1024,selu,adadelta,squared_hinge,,0.09700000286102295,0.10824999958276749,0.09700000286102295,1.169692873954773,5,5,3.448352894999971,success,,nonstandard_loss_for_multiclass_sparse_labels,0.0010000000474974513,False,"{""activation"": [0.125, 0.125, 0.125, 0.125, 0.125, 0.125, 0.125, 0.125], ""batch_size"": [0.125, 0.125, 0.125, 0.125, 0.125, 0.125, 0.125, 0.125], ""dense_units_1"": [0.125, 0.125, 0.125, 0.125, 0.125, 0.125, 0.125, 0.125], ""dense_units_2"": [0.125, 0.125, 0.125, 0.125, 0.125, 0.125, 0.125, 0.125], ""dropout_1"": [0.125, 0.125, 0.125, 0.125, 0.125, 0.125, 0.125, 0.125], ""dropout_2"": [0.125, 0.125, 0.125, 0.125, 0.125, 0.125, 0.125, 0.125], ""loss"": [0.125, 0.125, 0.125, 0.125, 0.125, 0.125, 0.125, 0.125], ""optimizer"": [0.125, 0.125, 0.125, 0.125, 0.125, 0.125, 0.125, 0.125]}",False,False,selu,success
paper_conventional-main-ants20-iterations5-epochs5-seed-42,paper_conventional,paper_faithful,iteration_based_paper_interpretation,main,20,5,5,42,1,16,82d7c9bd72c37c4d,256,512,0.1,0.4,16,softsign,sgd,categorical_crossentropy,,0.9725000262260437,0.9643750190734863,0.9725000262260437,0.09743710607290268,5,5,20.968783706000067,success,,nonstandard_loss_for_multiclass_sparse_labels,0.009999999776482582,False,"{""activation"": [0.125, 0.125, 0.125, 0.125, 0.125, 0.125, 0.125, 0.125], ""batch_size"": [0.125, 0.125, 0.125, 0.125, 0.125, 0.125, 0.125, 0.125], ""dense_units_1"": [0.125, 0.125, 0.125, 0.125, 0.125, 0.125, 0.125, 0.125], ""dense_units_2"": [0.125, 0.125, 0.125, 0.125, 0.125, 0.125, 0.125, 0.125], ""dropout_1"": [0.125, 0.125, 0.125, 0.125, 0.125, 0.125, 0.125, 0.125], ""dropout_2"": [0.125, 0.125, 0.125, 0.125, 0.125, 0.125, 0.125, 0.125], ""loss"": [0.125, 0.125, 0.125, 0.125, 0.125, 0.125, 0.125, 0.125], ""optimizer"": [0.125, 0.125, 0.125, 0.125, 0.125, 0.125, 0.125, 0.125]}",False,False,softsign,success
paper_conventional-main-ants20-iterations5-epochs5-seed-42,paper_conventional,paper_faithful,iteration_based_paper_interpretation,main,20,5,5,42,1,17,3833f8b8a0b5163d,16,256,0.2,0.8,256,softplus,adagrad,sparse_categorical_crossentropy,,0.22750000655651093,0.13574999570846558,0.22750000655651093,2.2863171100616455,4,5,4.22808147600017,success,,,0.0010000000474974513,False,"{""activation"": [0.125, 0.125, 0.125, 0.125, 0.125, 0.125, 0.125, 0.125], ""batch_size"": [0.125, 0.125, 0.125, 0.125, 0.125, 0.125, 0.125, 0.125], ""dense_units_1"": [0.125, 0.125, 0.125, 0.125, 0.125, 0.125, 0.125, 0.125], ""dense_units_2"": [0.125, 0.125, 0.125, 0.125, 0.125, 0.125, 0.125, 0.125], ""dropout_1"": [0.125, 0.125, 0.125, 0.125, 0.125, 0.125, 0.125, 0.125], ""dropout_2"": [0.125, 0.125, 0.125, 0.125, 0.125, 0.125, 0.125, 0.125], ""loss"": [0.125, 0.125, 0.125, 0.125, 0.125, 0.125, 0.125, 0.125], ""optimizer"": [0.125, 0.125, 0.125, 0.125, 0.125, 0.125, 0.125, 0.125]}",False,False,softplus,success
paper_conventional-main-ants20-iterations5-epochs5-seed-42,paper_conventional,paper_faithful,iteration_based_paper_interpretation,main,20,5,5,42,1,18,e07b24965a959166,2048,128,0.7,0.1,128,softsign,nadam,mean_squared_error,,0.890999972820282,0.9643750190734863,0.890999972820282,0.016464656218886375,5,5,8.838952183999936,success,,nonstandard_loss_for_multiclass_sparse_labels,0.0010000000474974513,False,"{""activation"": [0.125, 0.125, 0.125, 0.125, 0.125, 0.125, 0.125, 0.125], ""batch_size"": [0.125, 0.125, 0.125, 0.125, 0.125, 0.125, 0.125, 0.125], ""dense_units_1"": [0.125, 0.125, 0.125, 0.125, 0.125, 0.125, 0.125, 0.125], ""dense_units_2"": [0.125, 0.125, 0.125, 0.125, 0.125, 0.125, 0.125, 0.125], ""dropout_1"": [0.125, 0.125, 0.125, 0.125, 0.125, 0.125, 0.125, 0.125], ""dropout_2"": [0.125, 0.125, 0.125, 0.125, 0.125, 0.125, 0.125, 0.125], ""loss"": [0.125, 0.125, 0.125, 0.125, 0.125, 0.125, 0.125, 0.125], ""optimizer"": [0.125, 0.125, 0.125, 0.125, 0.125, 0.125, 0.125, 0.125]}",False,False,softsign,success
paper_conventional-main-ants20-iterations5-epochs5-seed-42,paper_conventional,paper_faithful,iteration_based_paper_interpretation,main,20,5,5,42,1,19,0c02e5c76b7f5b33,128,64,0.3,0.5,128,relu,ftrl,cosine_similarity,,0.10000000149011612,0.09624999761581421,0.10000000149011612,-0.3162277936935425,3,5,6.742780512000081,success,,nonstandard_loss_for_multiclass_sparse_labels,0.0010000000474974513,False,"{""activation"": [0.125, 0.125, 0.125, 0.125, 0.125, 0.125, 0.125, 0.125], ""batch_size"": [0.125, 0.125, 0.125, 0.125, 0.125, 0.125, 0.125, 0.125], ""dense_units_1"": [0.125, 0.125, 0.125, 0.125, 0.125, 0.125, 0.125, 0.125], ""dense_units_2"": [0.125, 0.125, 0.125, 0.125, 0.125, 0.125, 0.125, 0.125], ""dropout_1"": [0.125, 0.125, 0.125, 0.125, 0.125, 0.125, 0.125, 0.125], ""dropout_2"": [0.125, 0.125, 0.125, 0.125, 0.125, 0.125, 0.125, 0.125], ""loss"": [0.125, 0.125, 0.125, 0.125, 0.125, 0.125, 0.125, 0.125], ""optimizer"": [0.125, 0.125, 0.125, 0.125, 0.125, 0.125, 0.125, 0.125]}",False,False,relu,success
paper_conventional-main-ants20-iterations5-epochs5-seed-42,paper_conventional,paper_faithful,iteration_based_paper_interpretation,main,20,5,5,42,1,20,872d54a927568931,32,256,0.1,0.6,64,selu,adamax,categorical_hinge,,0.9645000100135803,0.924875020980835,0.9645000100135803,0.0948169156908989,4,5,8.954492308999761,success,,nonstandard_loss_for_multiclass_sparse_labels,0.0010000000474974513,False,"{""activation"": [0.125, 0.125, 0.125, 0.125, 0.125, 0.125, 0.125, 0.125], ""batch_size"": [0.125, 0.125, 0.125, 0.125, 0.125, 0.125, 0.125, 0.125], ""dense_units_1"": [0.125, 0.125, 0.125, 0.125, 0.125, 0.125, 0.125, 0.125], ""dense_units_2"": [0.125, 0.125, 0.125, 0.125, 0.125, 0.125, 0.125, 0.125], ""dropout_1"": [0.125, 0.125, 0.125, 0.125, 0.125, 0.125, 0.125, 0.125], ""dropout_2"": [0.125, 0.125, 0.125, 0.125, 0.125, 0.125, 0.125, 0.125], ""loss"": [0.125, 0.125, 0.125, 0.125, 0.125, 0.125, 0.125, 0.125], ""optimizer"": [0.125, 0.125, 0.125, 0.125, 0.125, 0.125, 0.125, 0.125]}",False,False,selu,success
paper_conventional-main-ants20-iterations5-epochs5-seed-42,paper_conventional,paper_faithful,iteration_based_paper_interpretation,main,20,5,5,42,2,1,89bbd3630fd6f468,32,1024,0.2,0.1,128,softsign,ftrl,categorical_hinge,,0.10000000149011612,0.10012499988079071,0.10000000149011612,1.0000066757202148,5,5,6.704124026000045,success,,nonstandard_loss_for_multiclass_sparse_labels,0.0010000000474974513,False,"{""activation"": [0.109375, 0.046875, 0.109375, 0.234375, 0.046875, 0.234375, 0.109375, 0.109375], ""batch_size"": [0.203125, 0.109375, 0.109375, 0.140625, 0.078125, 0.109375, 0.171875, 0.078125], ""dense_units_1"": [0.078125, 0.140625, 0.140625, 0.140625, 0.109375, 0.140625, 0.171875, 0.078125], ""dense_units_2"": [0.109375, 0.140625, 0.109375, 0.171875, 0.234375, 0.109375, 0.078125, 0.046875], ""dropout_1"": [0.171875, 0.203125, 0.109375, 0.140625, 0.078125, 0.078125, 0.171875, 0.046875], ""dropout_2"": [0.171875, 0.109375, 0.171875, 0.078125, 0.078125, 0.171875, 0.078125, 0.140625], ""loss"": [0.078125, 0.140625, 0.078125, 0.109375, 0.078125, 0.140625, 0.203125, 0.171875], ""optimizer"": [0.046875, 0.109375, 0.140625, 0.171875, 0.140625, 0.171875, 0.109375, 0.109375]}",False,False,softsign,success
paper_conventional-main-ants20-iterations5-epochs5-seed-42,paper_conventional,paper_faithful,iteration_based_paper_interpretation,main,20,5,5,42,2,2,2d84c5ef9225c3f9,64,1024,0.2,0.4,32,linear,sgd,sparse_categorical_crossentropy,,0.9710000157356262,0.9511250257492065,0.9710000157356262,0.10632571578025818,5,5,11.804487279000114,success,,,0.009999999776482582,False,"{""activation"": [0.109375, 0.046875, 0.109375, 0.234375, 0.046875, 0.234375, 0.109375, 0.109375], ""batch_size"": [0.203125, 0.109375, 0.109375, 0.140625, 0.078125, 0.109375, 0.171875, 0.078125], ""dense_units_1"": [0.078125, 0.140625, 0.140625, 0.140625, 0.109375, 0.140625, 0.171875, 0.078125], ""dense_units_2"": [0.109375, 0.140625, 0.109375, 0.171875, 0.234375, 0.109375, 0.078125, 0.046875], ""dropout_1"": [0.171875, 0.203125, 0.109375, 0.140625, 0.078125, 0.078125, 0.171875, 0.046875], ""dropout_2"": [0.171875, 0.109375, 0.171875, 0.078125, 0.078125, 0.171875, 0.078125, 0.140625], ""loss"": [0.078125, 0.140625, 0.078125, 0.109375, 0.078125, 0.140625, 0.203125, 0.171875], ""optimizer"": [0.046875, 0.109375, 0.140625, 0.171875, 0.140625, 0.171875, 0.109375, 0.109375]}",True,False,linier,success
paper_conventional-main-ants20-iterations5-epochs5-seed-42,paper_conventional,paper_faithful,iteration_based_paper_interpretation,main,20,5,5,42,2,3,a50d40caa215d1ba,128,2048,0.7,0.6,1024,linear,adagrad,mean_absolute_error,,0.09749999642372131,0.09224999696016312,0.09749999642372131,0.18008120357990265,1,5,3.1790735549998317,success,,nonstandard_loss_for_multiclass_sparse_labels,0.0010000000474974513,False,"{""activation"": [0.109375, 0.046875, 0.109375, 0.234375, 0.046875, 0.234375, 0.109375, 0.109375], ""batch_size"": [0.203125, 0.109375, 0.109375, 0.140625, 0.078125, 0.109375, 0.171875, 0.078125], ""dense_units_1"": [0.078125, 0.140625, 0.140625, 0.140625, 0.109375, 0.140625, 0.171875, 0.078125], ""dense_units_2"": [0.109375, 0.140625, 0.109375, 0.171875, 0.234375, 0.109375, 0.078125, 0.046875], ""dropout_1"": [0.171875, 0.203125, 0.109375, 0.140625, 0.078125, 0.078125, 0.171875, 0.046875], ""dropout_2"": [0.171875, 0.109375, 0.171875, 0.078125, 0.078125, 0.171875, 0.078125, 0.140625], ""loss"": [0.078125, 0.140625, 0.078125, 0.109375, 0.078125, 0.140625, 0.203125, 0.171875], ""optimizer"": [0.046875, 0.109375, 0.140625, 0.171875, 0.140625, 0.171875, 0.109375, 0.109375]}",False,False,linier,success
paper_conventional-main-ants20-iterations5-epochs5-seed-42,paper_conventional,paper_faithful,iteration_based_paper_interpretation,main,20,5,5,42,2,4,41cbdb51645364b2,1024,256,0.2,0.1,512,softplus,nadam,binary_crossentropy,,0.5180000066757202,0.9911249876022339,0.5180000066757202,0.4744858145713806,5,5,4.4248494099997515,success,,nonstandard_loss_for_multiclass_sparse_labels,0.0010000000474974513,False,"{""activation"": [0.109375, 0.046875, 0.109375, 0.234375, 0.046875, 0.234375, 0.109375, 0.109375], ""batch_size"": [0.203125, 0.109375, 0.109375, 0.140625, 0.078125, 0.109375, 0.171875, 0.078125], ""dense_units_1"": [0.078125, 0.140625, 0.140625, 0.140625, 0.109375, 0.140625, 0.171875, 0.078125], ""dense_units_2"": [0.109375, 0.140625, 0.109375, 0.171875, 0.234375, 0.109375, 0.078125, 0.046875], ""dropout_1"": [0.171875, 0.203125, 0.109375, 0.140625, 0.078125, 0.078125, 0.171875, 0.046875], ""dropout_2"": [0.171875, 0.109375, 0.171875, 0.078125, 0.078125, 0.171875, 0.078125, 0.140625], ""loss"": [0.078125, 0.140625, 0.078125, 0.109375, 0.078125, 0.140625, 0.203125, 0.171875], ""optimizer"": [0.046875, 0.109375, 0.140625, 0.171875, 0.140625, 0.171875, 0.109375, 0.109375]}",False,False,softplus,success
paper_conventional-main-ants20-iterations5-epochs5-seed-42,paper_conventional,paper_faithful,iteration_based_paper_interpretation,main,20,5,5,42,2,5,70f15997ae9593c5,32,512,0.1,0.2,256,gelu,sgd,mean_absolute_error,,0.1679999977350235,0.13324999809265137,0.1679999977350235,0.17993779480457306,5,5,3.3441643430001022,success,,nonstandard_loss_for_multiclass_sparse_labels,0.009999999776482582,False,"{""activation"": [0.109375, 0.046875, 0.109375, 0.234375, 0.046875, 0.234375, 0.109375, 0.109375], ""batch_size"": [0.203125, 0.109375, 0.109375, 0.140625, 0.078125, 0.109375, 0.171875, 0.078125], ""dense_units_1"": [0.078125, 0.140625, 0.140625, 0.140625, 0.109375, 0.140625, 0.171875, 0.078125], ""dense_units_2"": [0.109375, 0.140625, 0.109375, 0.171875, 0.234375, 0.109375, 0.078125, 0.046875], ""dropout_1"": [0.171875, 0.203125, 0.109375, 0.140625, 0.078125, 0.078125, 0.171875, 0.046875], ""dropout_2"": [0.171875, 0.109375, 0.171875, 0.078125, 0.078125, 0.171875, 0.078125, 0.140625], ""loss"": [0.078125, 0.140625, 0.078125, 0.109375, 0.078125, 0.140625, 0.203125, 0.171875], ""optimizer"": [0.046875, 0.109375, 0.140625, 0.171875, 0.140625, 0.171875, 0.109375, 0.109375]}",False,False,gelu,success
paper_conventional-main-ants20-iterations5-epochs5-seed-42,paper_conventional,paper_faithful,iteration_based_paper_interpretation,main,20,5,5,42,2,6,6526764a3e40b844,1024,2048,0.4,0.1,16,softplus,rmsprop,categorical_hinge,,0.10000000149011612,0.10000000149011612,0.10000000149011612,1.7999999523162842,1,5,27.796727606999866,success,,nonstandard_loss_for_multiclass_sparse_labels,0.0010000000474974513,False,"{""activation"": [0.109375, 0.046875, 0.109375, 0.234375, 0.046875, 0.234375, 0.109375, 0.109375], ""batch_size"": [0.203125, 0.109375, 0.109375, 0.140625, 0.078125, 0.109375, 0.171875, 0.078125], ""dense_units_1"": [0.078125, 0.140625, 0.140625, 0.140625, 0.109375, 0.140625, 0.171875, 0.078125], ""dense_units_2"": [0.109375, 0.140625, 0.109375, 0.171875, 0.234375, 0.109375, 0.078125, 0.046875], ""dropout_1"": [0.171875, 0.203125, 0.109375, 0.140625, 0.078125, 0.078125, 0.171875, 0.046875], ""dropout_2"": [0.171875, 0.109375, 0.171875, 0.078125, 0.078125, 0.171875, 0.078125, 0.140625], ""loss"": [0.078125, 0.140625, 0.078125, 0.109375, 0.078125, 0.140625, 0.203125, 0.171875], ""optimizer"": [0.046875, 0.109375, 0.140625, 0.171875, 0.140625, 0.171875, 0.109375, 0.109375]}",False,False,softplus,success
paper_conventional-main-ants20-iterations5-epochs5-seed-42,paper_conventional,paper_faithful,iteration_based_paper_interpretation,main,20,5,5,42,2,7,d86c65590ef08ee9,32,128,0.5,0.5,16,gelu,adamax,categorical_hinge,,0.9079999923706055,0.8477500081062317,0.9079999923706055,0.2434358447790146,5,5,31.34112874900029,success,,nonstandard_loss_for_multiclass_sparse_labels,0.0010000000474974513,False,"{""activation"": [0.109375, 0.046875, 0.109375, 0.234375, 0.046875, 0.234375, 0.109375, 0.109375], ""batch_size"": [0.203125, 0.109375, 0.109375, 0.140625, 0.078125, 0.109375, 0.171875, 0.078125], ""dense_units_1"": [0.078125, 0.140625, 0.140625, 0.140625, 0.109375, 0.140625, 0.171875, 0.078125], ""dense_units_2"": [0.109375, 0.140625, 0.109375, 0.171875, 0.234375, 0.109375, 0.078125, 0.046875], ""dropout_1"": [0.171875, 0.203125, 0.109375, 0.140625, 0.078125, 0.078125, 0.171875, 0.046875], ""dropout_2"": [0.171875, 0.109375, 0.171875, 0.078125, 0.078125, 0.171875, 0.078125, 0.140625], ""loss"": [0.078125, 0.140625, 0.078125, 0.109375, 0.078125, 0.140625, 0.203125, 0.171875], ""optimizer"": [0.046875, 0.109375, 0.140625, 0.171875, 0.140625, 0.171875, 0.109375, 0.109375]}",False,False,gelu,success
paper_conventional-main-ants20-iterations5-epochs5-seed-42,paper_conventional,paper_faithful,iteration_based_paper_interpretation,main,20,5,5,42,2,8,90932664b43ca10a,32,32,0.7,0.3,32,softsign,adamax,cosine_similarity,,0.8475000262260437,0.9096249938011169,0.8475000262260437,-0.8471654057502747,4,5,18.90204049299973,success,,nonstandard_loss_for_multiclass_sparse_labels,0.0010000000474974513,False,"{""activation"": [0.109375, 0.046875, 0.109375, 0.234375, 0.046875, 0.234375, 0.109375, 0.109375], ""batch_size"": [0.203125, 0.109375, 0.109375, 0.140625, 0.078125, 0.109375, 0.171875, 0.078125], ""dense_units_1"": [0.078125, 0.140625, 0.140625, 0.140625, 0.109375, 0.140625, 0.171875, 0.078125], ""dense_units_2"": [0.109375, 0.140625, 0.109375, 0.171875, 0.234375, 0.109375, 0.078125, 0.046875], ""dropout_1"": [0.171875, 0.203125, 0.109375, 0.140625, 0.078125, 0.078125, 0.171875, 0.046875], ""dropout_2"": [0.171875, 0.109375, 0.171875, 0.078125, 0.078125, 0.171875, 0.078125, 0.140625], ""loss"": [0.078125, 0.140625, 0.078125, 0.109375, 0.078125, 0.140625, 0.203125, 0.171875], ""optimizer"": [0.046875, 0.109375, 0.140625, 0.171875, 0.140625, 0.171875, 0.109375, 0.109375]}",False,False,softsign,success
paper_conventional-main-ants20-iterations5-epochs5-seed-42,paper_conventional,paper_faithful,iteration_based_paper_interpretation,main,20,5,5,42,2,9,0ef35186ccb5f046,64,1024,0.1,0.5,256,relu,rmsprop,mean_squared_error,,0.9539999961853027,0.9392499923706055,0.9539999961853027,0.05042865499854088,5,5,4.388985800999762,success,,nonstandard_loss_for_multiclass_sparse_labels,0.0010000000474974513,False,"{""activation"": [0.109375, 0.046875, 0.109375, 0.234375, 0.046875, 0.234375, 0.109375, 0.109375], ""batch_size"": [0.203125, 0.109375, 0.109375, 0.140625, 0.078125, 0.109375, 0.171875, 0.078125], ""dense_units_1"": [0.078125, 0.140625, 0.140625, 0.140625, 0.109375, 0.140625, 0.171875, 0.078125], ""dense_units_2"": [0.109375, 0.140625, 0.109375, 0.171875, 0.234375, 0.109375, 0.078125, 0.046875], ""dropout_1"": [0.171875, 0.203125, 0.109375, 0.140625, 0.078125, 0.078125, 0.171875, 0.046875], ""dropout_2"": [0.171875, 0.109375, 0.171875, 0.078125, 0.078125, 0.171875, 0.078125, 0.140625], ""loss"": [0.078125, 0.140625, 0.078125, 0.109375, 0.078125, 0.140625, 0.203125, 0.171875], ""optimizer"": [0.046875, 0.109375, 0.140625, 0.171875, 0.140625, 0.171875, 0.109375, 0.109375]}",False,False,relu,success
paper_conventional-main-ants20-iterations5-epochs5-seed-42,paper_conventional,paper_faithful,iteration_based_paper_interpretation,main,20,5,5,42,2,10,2c96f60cfd5e83fd,2048,256,0.7,0.7,128,gelu,adam,categorical_crossentropy,,0.6190000176429749,0.7611250281333923,0.6190000176429749,1.8771066665649414,1,5,7.686310287000197,success,,nonstandard_loss_for_multiclass_sparse_labels,0.0010000000474974513,False,"{""activation"": [0.109375, 0.046875, 0.109375, 0.234375, 0.046875, 0.234375, 0.109375, 0.109375], ""batch_size"": [0.203125, 0.109375, 0.109375, 0.140625, 0.078125, 0.109375, 0.171875, 0.078125], ""dense_units_1"": [0.078125, 0.140625, 0.140625, 0.140625, 0.109375, 0.140625, 0.171875, 0.078125], ""dense_units_2"": [0.109375, 0.140625, 0.109375, 0.171875, 0.234375, 0.109375, 0.078125, 0.046875], ""dropout_1"": [0.171875, 0.203125, 0.109375, 0.140625, 0.078125, 0.078125, 0.171875, 0.046875], ""dropout_2"": [0.171875, 0.109375, 0.171875, 0.078125, 0.078125, 0.171875, 0.078125, 0.140625], ""loss"": [0.078125, 0.140625, 0.078125, 0.109375, 0.078125, 0.140625, 0.203125, 0.171875], ""optimizer"": [0.046875, 0.109375, 0.140625, 0.171875, 0.140625, 0.171875, 0.109375, 0.109375]}",False,False,gelu,success
paper_conventional-main-ants20-iterations5-epochs5-seed-42,paper_conventional,paper_faithful,iteration_based_paper_interpretation,main,20,5,5,42,2,11,855fd104e0219a81,1024,512,0.2,0.4,256,gelu,adagrad,mean_squared_error,,0.1459999978542328,0.1289999932050705,0.1459999978542328,0.08995421230792999,5,5,3.907300965000104,success,,nonstandard_loss_for_multiclass_sparse_labels,0.0010000000474974513,False,"{""activation"": [0.109375, 0.046875, 0.109375, 0.234375, 0.046875, 0.234375, 0.109375, 0.109375], ""batch_size"": [0.203125, 0.109375, 0.109375, 0.140625, 0.078125, 0.109375, 0.171875, 0.078125], ""dense_units_1"": [0.078125, 0.140625, 0.140625, 0.140625, 0.109375, 0.140625, 0.171875, 0.078125], ""dense_units_2"": [0.109375, 0.140625, 0.109375, 0.171875, 0.234375, 0.109375, 0.078125, 0.046875], ""dropout_1"": [0.171875, 0.203125, 0.109375, 0.140625, 0.078125, 0.078125, 0.171875, 0.046875], ""dropout_2"": [0.171875, 0.109375, 0.171875, 0.078125, 0.078125, 0.171875, 0.078125, 0.140625], ""loss"": [0.078125, 0.140625, 0.078125, 0.109375, 0.078125, 0.140625, 0.203125, 0.171875], ""optimizer"": [0.046875, 0.109375, 0.140625, 0.171875, 0.140625, 0.171875, 0.109375, 0.109375]}",False,False,gelu,success
paper_conventional-main-ants20-iterations5-epochs5-seed-42,paper_conventional,paper_faithful,iteration_based_paper_interpretation,main,20,5,5,42,2,12,4b0501a66cd51a64,128,128,0.5,0.8,128,softplus,sgd,categorical_hinge,,0.36500000953674316,0.30550000071525574,0.36500000953674316,1.0070109367370605,5,5,4.677317153000331,success,,nonstandard_loss_for_multiclass_sparse_labels,0.009999999776482582,False,"{""activation"": [0.109375, 0.046875, 0.109375, 0.234375, 0.046875, 0.234375, 0.109375, 0.109375], ""batch_size"": [0.203125, 0.109375, 0.109375, 0.140625, 0.078125, 0.109375, 0.171875, 0.078125], ""dense_units_1"": [0.078125, 0.140625, 0.140625, 0.140625, 0.109375, 0.140625, 0.171875, 0.078125], ""dense_units_2"": [0.109375, 0.140625, 0.109375, 0.171875, 0.234375, 0.109375, 0.078125, 0.046875], ""dropout_1"": [0.171875, 0.203125, 0.109375, 0.140625, 0.078125, 0.078125, 0.171875, 0.046875], ""dropout_2"": [0.171875, 0.109375, 0.171875, 0.078125, 0.078125, 0.171875, 0.078125, 0.140625], ""loss"": [0.078125, 0.140625, 0.078125, 0.109375, 0.078125, 0.140625, 0.203125, 0.171875], ""optimizer"": [0.046875, 0.109375, 0.140625, 0.171875, 0.140625, 0.171875, 0.109375, 0.109375]}",False,False,softplus,success
paper_conventional-main-ants20-iterations5-epochs5-seed-42,paper_conventional,paper_faithful,iteration_based_paper_interpretation,main,20,5,5,42,2,13,85de468d98352567,1024,16,0.1,0.5,16,gelu,adadelta,categorical_crossentropy,,0.6434999704360962,0.5017499923706055,0.6434999704360962,1.4560903310775757,5,5,30.860646985999665,success,,nonstandard_loss_for_multiclass_sparse_labels,0.0010000000474974513,False,"{""activation"": [0.109375, 0.046875, 0.109375, 0.234375, 0.046875, 0.234375, 0.109375, 0.109375], ""batch_size"": [0.203125, 0.109375, 0.109375, 0.140625, 0.078125, 0.109375, 0.171875, 0.078125], ""dense_units_1"": [0.078125, 0.140625, 0.140625, 0.140625, 0.109375, 0.140625, 0.171875, 0.078125], ""dense_units_2"": [0.109375, 0.140625, 0.109375, 0.171875, 0.234375, 0.109375, 0.078125, 0.046875], ""dropout_1"": [0.171875, 0.203125, 0.109375, 0.140625, 0.078125, 0.078125, 0.171875, 0.046875], ""dropout_2"": [0.171875, 0.109375, 0.171875, 0.078125, 0.078125, 0.171875, 0.078125, 0.140625], ""loss"": [0.078125, 0.140625, 0.078125, 0.109375, 0.078125, 0.140625, 0.203125, 0.171875], ""optimizer"": [0.046875, 0.109375, 0.140625, 0.171875, 0.140625, 0.171875, 0.109375, 0.109375]}",False,False,gelu,success
paper_conventional-main-ants20-iterations5-epochs5-seed-42,paper_conventional,paper_faithful,iteration_based_paper_interpretation,main,20,5,5,42,2,14,8e2b2cf8e4ed34a2,1024,32,0.2,0.1,16,relu,rmsprop,categorical_crossentropy,,0.9710000157356262,0.9617499709129333,0.9710000157356262,0.13170918822288513,2,5,24.65176251199955,success,,nonstandard_loss_for_multiclass_sparse_labels,0.0010000000474974513,False,"{""activation"": [0.109375, 0.046875, 0.109375, 0.234375, 0.046875, 0.234375, 0.109375, 0.109375], ""batch_size"": [0.203125, 0.109375, 0.109375, 0.140625, 0.078125, 0.109375, 0.171875, 0.078125], ""dense_units_1"": [0.078125, 0.140625, 0.140625, 0.140625, 0.109375, 0.140625, 0.171875, 0.078125], ""dense_units_2"": [0.109375, 0.140625, 0.109375, 0.171875, 0.234375, 0.109375, 0.078125, 0.046875], ""dropout_1"": [0.171875, 0.203125, 0.109375, 0.140625, 0.078125, 0.078125, 0.171875, 0.046875], ""dropout_2"": [0.171875, 0.109375, 0.171875, 0.078125, 0.078125, 0.171875, 0.078125, 0.140625], ""loss"": [0.078125, 0.140625, 0.078125, 0.109375, 0.078125, 0.140625, 0.203125, 0.171875], ""optimizer"": [0.046875, 0.109375, 0.140625, 0.171875, 0.140625, 0.171875, 0.109375, 0.109375]}",False,False,relu,success
paper_conventional-main-ants20-iterations5-epochs5-seed-42,paper_conventional,paper_faithful,iteration_based_paper_interpretation,main,20,5,5,42,2,15,b9ea36e14df75a75,16,256,0.5,0.3,64,tanh,ftrl,cosine_similarity,,0.10000000149011612,0.09137500077486038,0.10000000149011612,-0.3162277936935425,1,5,9.826275901999907,success,,nonstandard_loss_for_multiclass_sparse_labels,0.0010000000474974513,False,"{""activation"": [0.109375, 0.046875, 0.109375, 0.234375, 0.046875, 0.234375, 0.109375, 0.109375], ""batch_size"": [0.203125, 0.109375, 0.109375, 0.140625, 0.078125, 0.109375, 0.171875, 0.078125], ""dense_units_1"": [0.078125, 0.140625, 0.140625, 0.140625, 0.109375, 0.140625, 0.171875, 0.078125], ""dense_units_2"": [0.109375, 0.140625, 0.109375, 0.171875, 0.234375, 0.109375, 0.078125, 0.046875], ""dropout_1"": [0.171875, 0.203125, 0.109375, 0.140625, 0.078125, 0.078125, 0.171875, 0.046875], ""dropout_2"": [0.171875, 0.109375, 0.171875, 0.078125, 0.078125, 0.171875, 0.078125, 0.140625], ""loss"": [0.078125, 0.140625, 0.078125, 0.109375, 0.078125, 0.140625, 0.203125, 0.171875], ""optimizer"": [0.046875, 0.109375, 0.140625, 0.171875, 0.140625, 0.171875, 0.109375, 0.109375]}",False,False,tanh,success
paper_conventional-main-ants20-iterations5-epochs5-seed-42,paper_conventional,paper_faithful,iteration_based_paper_interpretation,main,20,5,5,42,2,16,db50d527644cb3f1,16,32,0.2,0.2,256,softsign,rmsprop,mean_absolute_error,,0.906499981880188,0.903249979019165,0.906499981880188,0.08738528192043304,5,5,3.7022239359994273,success,,nonstandard_loss_for_multiclass_sparse_labels,0.0010000000474974513,False,"{""activation"": [0.109375, 0.046875, 0.109375, 0.234375, 0.046875, 0.234375, 0.109375, 0.109375], ""batch_size"": [0.203125, 0.109375, 0.109375, 0.140625, 0.078125, 0.109375, 0.171875, 0.078125], ""dense_units_1"": [0.078125, 0.140625, 0.140625, 0.140625, 0.109375, 0.140625, 0.171875, 0.078125], ""dense_units_2"": [0.109375, 0.140625, 0.109375, 0.171875, 0.234375, 0.109375, 0.078125, 0.046875], ""dropout_1"": [0.171875, 0.203125, 0.109375, 0.140625, 0.078125, 0.078125, 0.171875, 0.046875], ""dropout_2"": [0.171875, 0.109375, 0.171875, 0.078125, 0.078125, 0.171875, 0.078125, 0.140625], ""loss"": [0.078125, 0.140625, 0.078125, 0.109375, 0.078125, 0.140625, 0.203125, 0.171875], ""optimizer"": [0.046875, 0.109375, 0.140625, 0.171875, 0.140625, 0.171875, 0.109375, 0.109375]}",False,False,softsign,success
paper_conventional-main-ants20-iterations5-epochs5-seed-42,paper_conventional,paper_faithful,iteration_based_paper_interpretation,main,20,5,5,42,2,17,3a3e0c083d91b823,256,16,0.7,0.1,2048,relu,ftrl,cosine_similarity,,0.10000000149011612,0.10000000149011612,0.10000000149011612,-0.3162277936935425,2,5,3.5440137670002514,success,,nonstandard_loss_for_multiclass_sparse_labels,0.0010000000474974513,False,"{""activation"": [0.109375, 0.046875, 0.109375, 0.234375, 0.046875, 0.234375, 0.109375, 0.109375], ""batch_size"": [0.203125, 0.109375, 0.109375, 0.140625, 0.078125, 0.109375, 0.171875, 0.078125], ""dense_units_1"": [0.078125, 0.140625, 0.140625, 0.140625, 0.109375, 0.140625, 0.171875, 0.078125], ""dense_units_2"": [0.109375, 0.140625, 0.109375, 0.171875, 0.234375, 0.109375, 0.078125, 0.046875], ""dropout_1"": [0.171875, 0.203125, 0.109375, 0.140625, 0.078125, 0.078125, 0.171875, 0.046875], ""dropout_2"": [0.171875, 0.109375, 0.171875, 0.078125, 0.078125, 0.171875, 0.078125, 0.140625], ""loss"": [0.078125, 0.140625, 0.078125, 0.109375, 0.078125, 0.140625, 0.203125, 0.171875], ""optimizer"": [0.046875, 0.109375, 0.140625, 0.171875, 0.140625, 0.171875, 0.109375, 0.109375]}",False,False,relu,success
paper_conventional-main-ants20-iterations5-epochs5-seed-42,paper_conventional,paper_faithful,iteration_based_paper_interpretation,main,20,5,5,42,2,18,418ae5d77fad3d44,2048,512,0.6,0.6,1024,sigmoid,adagrad,squared_hinge,,0.10000000149011612,0.09987500309944153,0.10000000149011612,1.1837449073791504,5,5,3.412422460000016,success,,nonstandard_loss_for_multiclass_sparse_labels,0.0010000000474974513,False,"{""activation"": [0.109375, 0.046875, 0.109375, 0.234375, 0.046875, 0.234375, 0.109375, 0.109375], ""batch_size"": [0.203125, 0.109375, 0.109375, 0.140625, 0.078125, 0.109375, 0.171875, 0.078125], ""dense_units_1"": [0.078125, 0.140625, 0.140625, 0.140625, 0.109375, 0.140625, 0.171875, 0.078125], ""dense_units_2"": [0.109375, 0.140625, 0.109375, 0.171875, 0.234375, 0.109375, 0.078125, 0.046875], ""dropout_1"": [0.171875, 0.203125, 0.109375, 0.140625, 0.078125, 0.078125, 0.171875, 0.046875], ""dropout_2"": [0.171875, 0.109375, 0.171875, 0.078125, 0.078125, 0.171875, 0.078125, 0.140625], ""loss"": [0.078125, 0.140625, 0.078125, 0.109375, 0.078125, 0.140625, 0.203125, 0.171875], ""optimizer"": [0.046875, 0.109375, 0.140625, 0.171875, 0.140625, 0.171875, 0.109375, 0.109375]}",False,False,sigmoid,success
paper_conventional-main-ants20-iterations5-epochs5-seed-42,paper_conventional,paper_faithful,iteration_based_paper_interpretation,main,20,5,5,42,2,19,49327163e0aa1408,1024,128,0.3,0.6,32,sigmoid,adagrad,mean_squared_error,,0.15299999713897705,0.10949999839067459,0.15299999713897705,0.09178011119365692,5,5,12.401983957000084,success,,nonstandard_loss_for_multiclass_sparse_labels,0.0010000000474974513,False,"{""activation"": [0.109375, 0.046875, 0.109375, 0.234375, 0.046875, 0.234375, 0.109375, 0.109375], ""batch_size"": [0.203125, 0.109375, 0.109375, 0.140625, 0.078125, 0.109375, 0.171875, 0.078125], ""dense_units_1"": [0.078125, 0.140625, 0.140625, 0.140625, 0.109375, 0.140625, 0.171875, 0.078125], ""dense_units_2"": [0.109375, 0.140625, 0.109375, 0.171875, 0.234375, 0.109375, 0.078125, 0.046875], ""dropout_1"": [0.171875, 0.203125, 0.109375, 0.140625, 0.078125, 0.078125, 0.171875, 0.046875], ""dropout_2"": [0.171875, 0.109375, 0.171875, 0.078125, 0.078125, 0.171875, 0.078125, 0.140625], ""loss"": [0.078125, 0.140625, 0.078125, 0.109375, 0.078125, 0.140625, 0.203125, 0.171875], ""optimizer"": [0.046875, 0.109375, 0.140625, 0.171875, 0.140625, 0.171875, 0.109375, 0.109375]}",False,False,sigmoid,success
paper_conventional-main-ants20-iterations5-epochs5-seed-42,paper_conventional,paper_faithful,iteration_based_paper_interpretation,main,20,5,5,42,2,20,a1894e650b7c8ab8,64,128,0.2,0.3,64,selu,adadelta,cosine_similarity,,0.25049999356269836,0.2331250011920929,0.25049999356269836,-0.38235563039779663,5,5,9.267789376999644,success,,nonstandard_loss_for_multiclass_sparse_labels,0.0010000000474974513,False,"{""activation"": [0.109375, 0.046875, 0.109375, 0.234375, 0.046875, 0.234375, 0.109375, 0.109375], ""batch_size"": [0.203125, 0.109375, 0.109375, 0.140625, 0.078125, 0.109375, 0.171875, 0.078125], ""dense_units_1"": [0.078125, 0.140625, 0.140625, 0.140625, 0.109375, 0.140625, 0.171875, 0.078125], ""dense_units_2"": [0.109375, 0.140625, 0.109375, 0.171875, 0.234375, 0.109375, 0.078125, 0.046875], ""dropout_1"": [0.171875, 0.203125, 0.109375, 0.140625, 0.078125, 0.078125, 0.171875, 0.046875], ""dropout_2"": [0.171875, 0.109375, 0.171875, 0.078125, 0.078125, 0.171875, 0.078125, 0.140625], ""loss"": [0.078125, 0.140625, 0.078125, 0.109375, 0.078125, 0.140625, 0.203125, 0.171875], ""optimizer"": [0.046875, 0.109375, 0.140625, 0.171875, 0.140625, 0.171875, 0.109375, 0.109375]}",False,False,selu,success
paper_conventional-main-ants20-iterations5-epochs5-seed-42,paper_conventional,paper_faithful,iteration_based_paper_interpretation,main,20,5,5,42,3,1,2ed2a4aa8a0946cc,2048,128,0.2,0.4,1024,selu,ftrl,squared_hinge,,0.10000000149011612,0.09587500244379044,0.10000000149011612,1.1699999570846558,1,5,4.382291527999769,success,,nonstandard_loss_for_multiclass_sparse_labels,0.0010000000474974513,False,"{""activation"": [0.1278409090909091, 0.07102272727272728, 0.1278409090909091, 0.19602272727272727, 0.048295454545454544, 0.15056818181818182, 0.17329545454545456, 0.10511363636363637], ""batch_size"": [0.20170454545454544, 0.1278409090909091, 0.10511363636363637, 0.14488636363636365, 0.13352272727272727, 0.08238636363636363, 0.13920454545454544, 0.06534090909090909], ""dense_units_1"": [0.08806818181818182, 0.16761363636363635, 0.14488636363636365, 0.12215909090909091, 0.08238636363636363, 0.07670454545454546, 0.23011363636363635, 0.08806818181818182], ""dense_units_2"": [0.10511363636363637, 0.14488636363636365, 0.05965909090909091, 0.1846590909090909, 0.19602272727272727, 0.1278409090909091, 0.11079545454545454, 0.07102272727272728], ""dropout_1"": [0.16193181818181818, 0.26988636363636365, 0.08238636363636363, 0.09943181818181818, 0.11079545454545454, 0.06534090909090909, 0.1846590909090909, 0.02556818181818182], ""dropout_2"": [0.20738636363636365, 0.10511363636363637, 0.16193181818181818, 0.08806818181818182, 0.11079545454545454, 0.16193181818181818, 0.06534090909090909, 0.09943181818181818], ""loss"": [0.06534090909090909, 0.14488636363636365, 0.06534090909090909, 0.1278409090909091, 0.11079545454545454, 0.09943181818181818, 0.20170454545454544, 0.1846590909090909], ""optimizer"": [0.048295454545454544, 0.15056818181818182, 0.14488636363636365, 0.13920454545454544, 0.16761363636363635, 0.13920454545454544, 0.1278409090909091, 0.08238636363636363]}",False,False,selu,success
paper_conventional-main-ants20-iterations5-epochs5-seed-42,paper_conventional,paper_faithful,iteration_based_paper_interpretation,main,20,5,5,42,3,2,d2a5a0823b27c61d,512,64,0.6,0.1,256,gelu,rmsprop,categorical_hinge,,0.9169999957084656,0.9430000185966492,0.9169999957084656,0.8380030393600464,3,5,3.8832015190000675,success,,nonstandard_loss_for_multiclass_sparse_labels,0.0010000000474974513,False,"{""activation"": [0.1278409090909091, 0.07102272727272728, 0.1278409090909091, 0.19602272727272727, 0.048295454545454544, 0.15056818181818182, 0.17329545454545456, 0.10511363636363637], ""batch_size"": [0.20170454545454544, 0.1278409090909091, 0.10511363636363637, 0.14488636363636365, 0.13352272727272727, 0.08238636363636363, 0.13920454545454544, 0.06534090909090909], ""dense_units_1"": [0.08806818181818182, 0.16761363636363635, 0.14488636363636365, 0.12215909090909091, 0.08238636363636363, 0.07670454545454546, 0.23011363636363635, 0.08806818181818182], ""dense_units_2"": [0.10511363636363637, 0.14488636363636365, 0.05965909090909091, 0.1846590909090909, 0.19602272727272727, 0.1278409090909091, 0.11079545454545454, 0.07102272727272728], ""dropout_1"": [0.16193181818181818, 0.26988636363636365, 0.08238636363636363, 0.09943181818181818, 0.11079545454545454, 0.06534090909090909, 0.1846590909090909, 0.02556818181818182], ""dropout_2"": [0.20738636363636365, 0.10511363636363637, 0.16193181818181818, 0.08806818181818182, 0.11079545454545454, 0.16193181818181818, 0.06534090909090909, 0.09943181818181818], ""loss"": [0.06534090909090909, 0.14488636363636365, 0.06534090909090909, 0.1278409090909091, 0.11079545454545454, 0.09943181818181818, 0.20170454545454544, 0.1846590909090909], ""optimizer"": [0.048295454545454544, 0.15056818181818182, 0.14488636363636365, 0.13920454545454544, 0.16761363636363635, 0.13920454545454544, 0.1278409090909091, 0.08238636363636363]}",False,False,gelu,success
paper_conventional-main-ants20-iterations5-epochs5-seed-42,paper_conventional,paper_faithful,iteration_based_paper_interpretation,main,20,5,5,42,3,3,72eb5944d53bd4bd,32,512,0.1,0.8,16,linear,ftrl,squared_hinge,,0.10000000149011612,0.08974999934434891,0.10000000149011612,1.1699986457824707,1,5,34.27890185300021,success,,nonstandard_loss_for_multiclass_sparse_labels,0.0010000000474974513,False,"{""activation"": [0.1278409090909091, 0.07102272727272728, 0.1278409090909091, 0.19602272727272727, 0.048295454545454544, 0.15056818181818182, 0.17329545454545456, 0.10511363636363637], ""batch_size"": [0.20170454545454544, 0.1278409090909091, 0.10511363636363637, 0.14488636363636365, 0.13352272727272727, 0.08238636363636363, 0.13920454545454544, 0.06534090909090909], ""dense_units_1"": [0.08806818181818182, 0.16761363636363635, 0.14488636363636365, 0.12215909090909091, 0.08238636363636363, 0.07670454545454546, 0.23011363636363635, 0.08806818181818182], ""dense_units_2"": [0.10511363636363637, 0.14488636363636365, 0.05965909090909091, 0.1846590909090909, 0.19602272727272727, 0.1278409090909091, 0.11079545454545454, 0.07102272727272728], ""dropout_1"": [0.16193181818181818, 0.26988636363636365, 0.08238636363636363, 0.09943181818181818, 0.11079545454545454, 0.06534090909090909, 0.1846590909090909, 0.02556818181818182], ""dropout_2"": [0.20738636363636365, 0.10511363636363637, 0.16193181818181818, 0.08806818181818182, 0.11079545454545454, 0.16193181818181818, 0.06534090909090909, 0.09943181818181818], ""loss"": [0.06534090909090909, 0.14488636363636365, 0.06534090909090909, 0.1278409090909091, 0.11079545454545454, 0.09943181818181818, 0.20170454545454544, 0.1846590909090909], ""optimizer"": [0.048295454545454544, 0.15056818181818182, 0.14488636363636365, 0.13920454545454544, 0.16761363636363635, 0.13920454545454544, 0.1278409090909091, 0.08238636363636363]}",False,False,linier,success
paper_conventional-main-ants20-iterations5-epochs5-seed-42,paper_conventional,paper_faithful,iteration_based_paper_interpretation,main,20,5,5,42,3,4,d76cbe84644bd088,1024,512,0.7,0.2,256,relu,adagrad,categorical_crossentropy,,0.5550000071525574,0.5526250004768372,0.5550000071525574,2.1734907627105713,3,5,3.9465199819996997,success,,nonstandard_loss_for_multiclass_sparse_labels,0.0010000000474974513,False,"{""activation"": [0.1278409090909091, 0.07102272727272728, 0.1278409090909091, 0.19602272727272727, 0.048295454545454544, 0.15056818181818182, 0.17329545454545456, 0.10511363636363637], ""batch_size"": [0.20170454545454544, 0.1278409090909091, 0.10511363636363637, 0.14488636363636365, 0.13352272727272727, 0.08238636363636363, 0.13920454545454544, 0.06534090909090909], ""dense_units_1"": [0.08806818181818182, 0.16761363636363635, 0.14488636363636365, 0.12215909090909091, 0.08238636363636363, 0.07670454545454546, 0.23011363636363635, 0.08806818181818182], ""dense_units_2"": [0.10511363636363637, 0.14488636363636365, 0.05965909090909091, 0.1846590909090909, 0.19602272727272727, 0.1278409090909091, 0.11079545454545454, 0.07102272727272728], ""dropout_1"": [0.16193181818181818, 0.26988636363636365, 0.08238636363636363, 0.09943181818181818, 0.11079545454545454, 0.06534090909090909, 0.1846590909090909, 0.02556818181818182], ""dropout_2"": [0.20738636363636365, 0.10511363636363637, 0.16193181818181818, 0.08806818181818182, 0.11079545454545454, 0.16193181818181818, 0.06534090909090909, 0.09943181818181818], ""loss"": [0.06534090909090909, 0.14488636363636365, 0.06534090909090909, 0.1278409090909091, 0.11079545454545454, 0.09943181818181818, 0.20170454545454544, 0.1846590909090909], ""optimizer"": [0.048295454545454544, 0.15056818181818182, 0.14488636363636365, 0.13920454545454544, 0.16761363636363635, 0.13920454545454544, 0.1278409090909091, 0.08238636363636363]}",False,False,relu,success
paper_conventional-main-ants20-iterations5-epochs5-seed-42,paper_conventional,paper_faithful,iteration_based_paper_interpretation,main,20,5,5,42,3,5,619bc5d1cf44cd85,256,256,0.3,0.4,512,gelu,adagrad,squared_hinge,,0.14650000631809235,0.11537499725818634,0.14650000631809235,1.1697354316711426,5,5,3.3943866910003635,success,,nonstandard_loss_for_multiclass_sparse_labels,0.0010000000474974513,False,"{""activation"": [0.1278409090909091, 0.07102272727272728, 0.1278409090909091, 0.19602272727272727, 0.048295454545454544, 0.15056818181818182, 0.17329545454545456, 0.10511363636363637], ""batch_size"": [0.20170454545454544, 0.1278409090909091, 0.10511363636363637, 0.14488636363636365, 0.13352272727272727, 0.08238636363636363, 0.13920454545454544, 0.06534090909090909], ""dense_units_1"": [0.08806818181818182, 0.16761363636363635, 0.14488636363636365, 0.12215909090909091, 0.08238636363636363, 0.07670454545454546, 0.23011363636363635, 0.08806818181818182], ""dense_units_2"": [0.10511363636363637, 0.14488636363636365, 0.05965909090909091, 0.1846590909090909, 0.19602272727272727, 0.1278409090909091, 0.11079545454545454, 0.07102272727272728], ""dropout_1"": [0.16193181818181818, 0.26988636363636365, 0.08238636363636363, 0.09943181818181818, 0.11079545454545454, 0.06534090909090909, 0.1846590909090909, 0.02556818181818182], ""dropout_2"": [0.20738636363636365, 0.10511363636363637, 0.16193181818181818, 0.08806818181818182, 0.11079545454545454, 0.16193181818181818, 0.06534090909090909, 0.09943181818181818], ""loss"": [0.06534090909090909, 0.14488636363636365, 0.06534090909090909, 0.1278409090909091, 0.11079545454545454, 0.09943181818181818, 0.20170454545454544, 0.1846590909090909], ""optimizer"": [0.048295454545454544, 0.15056818181818182, 0.14488636363636365, 0.13920454545454544, 0.16761363636363635, 0.13920454545454544, 0.1278409090909091, 0.08238636363636363]}",False,False,gelu,success
paper_conventional-main-ants20-iterations5-epochs5-seed-42,paper_conventional,paper_faithful,iteration_based_paper_interpretation,main,20,5,5,42,3,6,171e578a7c37cb77,2048,32,0.1,0.1,256,softsign,adamax,categorical_hinge,,0.9380000233650208,0.9831249713897705,0.9380000233650208,0.3797137439250946,5,5,4.883674024000356,success,,nonstandard_loss_for_multiclass_sparse_labels,0.0010000000474974513,False,"{""activation"": [0.1278409090909091, 0.07102272727272728, 0.1278409090909091, 0.19602272727272727, 0.048295454545454544, 0.15056818181818182, 0.17329545454545456, 0.10511363636363637], ""batch_size"": [0.20170454545454544, 0.1278409090909091, 0.10511363636363637, 0.14488636363636365, 0.13352272727272727, 0.08238636363636363, 0.13920454545454544, 0.06534090909090909], ""dense_units_1"": [0.08806818181818182, 0.16761363636363635, 0.14488636363636365, 0.12215909090909091, 0.08238636363636363, 0.07670454545454546, 0.23011363636363635, 0.08806818181818182], ""dense_units_2"": [0.10511363636363637, 0.14488636363636365, 0.05965909090909091, 0.1846590909090909, 0.19602272727272727, 0.1278409090909091, 0.11079545454545454, 0.07102272727272728], ""dropout_1"": [0.16193181818181818, 0.26988636363636365, 0.08238636363636363, 0.09943181818181818, 0.11079545454545454, 0.06534090909090909, 0.1846590909090909, 0.02556818181818182], ""dropout_2"": [0.20738636363636365, 0.10511363636363637, 0.16193181818181818, 0.08806818181818182, 0.11079545454545454, 0.16193181818181818, 0.06534090909090909, 0.09943181818181818], ""loss"": [0.06534090909090909, 0.14488636363636365, 0.06534090909090909, 0.1278409090909091, 0.11079545454545454, 0.09943181818181818, 0.20170454545454544, 0.1846590909090909], ""optimizer"": [0.048295454545454544, 0.15056818181818182, 0.14488636363636365, 0.13920454545454544, 0.16761363636363635, 0.13920454545454544, 0.1278409090909091, 0.08238636363636363]}",False,False,softsign,success
paper_conventional-main-ants20-iterations5-epochs5-seed-42,paper_conventional,paper_faithful,iteration_based_paper_interpretation,main,20,5,5,42,3,7,76168a712fca7d4c,64,1024,0.6,0.2,64,softplus,rmsprop,categorical_crossentropy,,0.9225000143051147,0.9620000123977661,0.9225000143051147,0.26904794573783875,5,5,7.337834982999993,success,,nonstandard_loss_for_multiclass_sparse_labels,0.0010000000474974513,False,"{""activation"": [0.1278409090909091, 0.07102272727272728, 0.1278409090909091, 0.19602272727272727, 0.048295454545454544, 0.15056818181818182, 0.17329545454545456, 0.10511363636363637], ""batch_size"": [0.20170454545454544, 0.1278409090909091, 0.10511363636363637, 0.14488636363636365, 0.13352272727272727, 0.08238636363636363, 0.13920454545454544, 0.06534090909090909], ""dense_units_1"": [0.08806818181818182, 0.16761363636363635, 0.14488636363636365, 0.12215909090909091, 0.08238636363636363, 0.07670454545454546, 0.23011363636363635, 0.08806818181818182], ""dense_units_2"": [0.10511363636363637, 0.14488636363636365, 0.05965909090909091, 0.1846590909090909, 0.19602272727272727, 0.1278409090909091, 0.11079545454545454, 0.07102272727272728], ""dropout_1"": [0.16193181818181818, 0.26988636363636365, 0.08238636363636363, 0.09943181818181818, 0.11079545454545454, 0.06534090909090909, 0.1846590909090909, 0.02556818181818182], ""dropout_2"": [0.20738636363636365, 0.10511363636363637, 0.16193181818181818, 0.08806818181818182, 0.11079545454545454, 0.16193181818181818, 0.06534090909090909, 0.09943181818181818], ""loss"": [0.06534090909090909, 0.14488636363636365, 0.06534090909090909, 0.1278409090909091, 0.11079545454545454, 0.09943181818181818, 0.20170454545454544, 0.1846590909090909], ""optimizer"": [0.048295454545454544, 0.15056818181818182, 0.14488636363636365, 0.13920454545454544, 0.16761363636363635, 0.13920454545454544, 0.1278409090909091, 0.08238636363636363]}",False,False,softplus,success
paper_conventional-main-ants20-iterations5-epochs5-seed-42,paper_conventional,paper_faithful,iteration_based_paper_interpretation,main,20,5,5,42,3,8,2ed7242f9a88e66f,2048,128,0.2,0.6,128,linear,adamax,mean_squared_error,,0.9120000004768372,0.9411249756813049,0.9120000004768372,0.014921871945261955,4,5,6.76141615799952,success,,nonstandard_loss_for_multiclass_sparse_labels,0.0010000000474974513,False,"{""activation"": [0.1278409090909091, 0.07102272727272728, 0.1278409090909091, 0.19602272727272727, 0.048295454545454544, 0.15056818181818182, 0.17329545454545456, 0.10511363636363637], ""batch_size"": [0.20170454545454544, 0.1278409090909091, 0.10511363636363637, 0.14488636363636365, 0.13352272727272727, 0.08238636363636363, 0.13920454545454544, 0.06534090909090909], ""dense_units_1"": [0.08806818181818182, 0.16761363636363635, 0.14488636363636365, 0.12215909090909091, 0.08238636363636363, 0.07670454545454546, 0.23011363636363635, 0.08806818181818182], ""dense_units_2"": [0.10511363636363637, 0.14488636363636365, 0.05965909090909091, 0.1846590909090909, 0.19602272727272727, 0.1278409090909091, 0.11079545454545454, 0.07102272727272728], ""dropout_1"": [0.16193181818181818, 0.26988636363636365, 0.08238636363636363, 0.09943181818181818, 0.11079545454545454, 0.06534090909090909, 0.1846590909090909, 0.02556818181818182], ""dropout_2"": [0.20738636363636365, 0.10511363636363637, 0.16193181818181818, 0.08806818181818182, 0.11079545454545454, 0.16193181818181818, 0.06534090909090909, 0.09943181818181818], ""loss"": [0.06534090909090909, 0.14488636363636365, 0.06534090909090909, 0.1278409090909091, 0.11079545454545454, 0.09943181818181818, 0.20170454545454544, 0.1846590909090909], ""optimizer"": [0.048295454545454544, 0.15056818181818182, 0.14488636363636365, 0.13920454545454544, 0.16761363636363635, 0.13920454545454544, 0.1278409090909091, 0.08238636363636363]}",False,False,linier,success
paper_conventional-main-ants20-iterations5-epochs5-seed-42,paper_conventional,paper_faithful,iteration_based_paper_interpretation,main,20,5,5,42,3,9,113f6f80203c75de,64,2048,0.5,0.8,16,gelu,adagrad,categorical_crossentropy,,0.734000027179718,0.6043750047683716,0.734000027179718,0.8874052166938782,5,5,26.75015190100021,success,,nonstandard_loss_for_multiclass_sparse_labels,0.0010000000474974513,False,"{""activation"": [0.1278409090909091, 0.07102272727272728, 0.1278409090909091, 0.19602272727272727, 0.048295454545454544, 0.15056818181818182, 0.17329545454545456, 0.10511363636363637], ""batch_size"": [0.20170454545454544, 0.1278409090909091, 0.10511363636363637, 0.14488636363636365, 0.13352272727272727, 0.08238636363636363, 0.13920454545454544, 0.06534090909090909], ""dense_units_1"": [0.08806818181818182, 0.16761363636363635, 0.14488636363636365, 0.12215909090909091, 0.08238636363636363, 0.07670454545454546, 0.23011363636363635, 0.08806818181818182], ""dense_units_2"": [0.10511363636363637, 0.14488636363636365, 0.05965909090909091, 0.1846590909090909, 0.19602272727272727, 0.1278409090909091, 0.11079545454545454, 0.07102272727272728], ""dropout_1"": [0.16193181818181818, 0.26988636363636365, 0.08238636363636363, 0.09943181818181818, 0.11079545454545454, 0.06534090909090909, 0.1846590909090909, 0.02556818181818182], ""dropout_2"": [0.20738636363636365, 0.10511363636363637, 0.16193181818181818, 0.08806818181818182, 0.11079545454545454, 0.16193181818181818, 0.06534090909090909, 0.09943181818181818], ""loss"": [0.06534090909090909, 0.14488636363636365, 0.06534090909090909, 0.1278409090909091, 0.11079545454545454, 0.09943181818181818, 0.20170454545454544, 0.1846590909090909], ""optimizer"": [0.048295454545454544, 0.15056818181818182, 0.14488636363636365, 0.13920454545454544, 0.16761363636363635, 0.13920454545454544, 0.1278409090909091, 0.08238636363636363]}",False,False,gelu,success
paper_conventional-main-ants20-iterations5-epochs5-seed-42,paper_conventional,paper_faithful,iteration_based_paper_interpretation,main,20,5,5,42,3,10,1864fc8ce8c88a42,256,256,0.1,0.3,1024,softplus,adadelta,mean_squared_error,,0.10000000149011612,0.11500000208616257,0.10000000149011612,0.09362710267305374,5,5,3.6227925920002235,success,,nonstandard_loss_for_multiclass_sparse_labels,0.0010000000474974513,False,"{""activation"": [0.1278409090909091, 0.07102272727272728, 0.1278409090909091, 0.19602272727272727, 0.048295454545454544, 0.15056818181818182, 0.17329545454545456, 0.10511363636363637], ""batch_size"": [0.20170454545454544, 0.1278409090909091, 0.10511363636363637, 0.14488636363636365, 0.13352272727272727, 0.08238636363636363, 0.13920454545454544, 0.06534090909090909], ""dense_units_1"": [0.08806818181818182, 0.16761363636363635, 0.14488636363636365, 0.12215909090909091, 0.08238636363636363, 0.07670454545454546, 0.23011363636363635, 0.08806818181818182], ""dense_units_2"": [0.10511363636363637, 0.14488636363636365, 0.05965909090909091, 0.1846590909090909, 0.19602272727272727, 0.1278409090909091, 0.11079545454545454, 0.07102272727272728], ""dropout_1"": [0.16193181818181818, 0.26988636363636365, 0.08238636363636363, 0.09943181818181818, 0.11079545454545454, 0.06534090909090909, 0.1846590909090909, 0.02556818181818182], ""dropout_2"": [0.20738636363636365, 0.10511363636363637, 0.16193181818181818, 0.08806818181818182, 0.11079545454545454, 0.16193181818181818, 0.06534090909090909, 0.09943181818181818], ""loss"": [0.06534090909090909, 0.14488636363636365, 0.06534090909090909, 0.1278409090909091, 0.11079545454545454, 0.09943181818181818, 0.20170454545454544, 0.1846590909090909], ""optimizer"": [0.048295454545454544, 0.15056818181818182, 0.14488636363636365, 0.13920454545454544, 0.16761363636363635, 0.13920454545454544, 0.1278409090909091, 0.08238636363636363]}",False,False,softplus,success
paper_conventional-main-ants20-iterations5-epochs5-seed-42,paper_conventional,paper_faithful,iteration_based_paper_interpretation,main,20,5,5,42,3,11,70686d19007364c3,64,1024,0.6,0.1,2048,gelu,sgd,cosine_similarity,,0.10300000011920929,0.1693750023841858,0.10300000011920929,-0.3176724314689636,5,5,2.497072253000624,success,,nonstandard_loss_for_multiclass_sparse_labels,0.009999999776482582,False,"{""activation"": [0.1278409090909091, 0.07102272727272728, 0.1278409090909091, 0.19602272727272727, 0.048295454545454544, 0.15056818181818182, 0.17329545454545456, 0.10511363636363637], ""batch_size"": [0.20170454545454544, 0.1278409090909091, 0.10511363636363637, 0.14488636363636365, 0.13352272727272727, 0.08238636363636363, 0.13920454545454544, 0.06534090909090909], ""dense_units_1"": [0.08806818181818182, 0.16761363636363635, 0.14488636363636365, 0.12215909090909091, 0.08238636363636363, 0.07670454545454546, 0.23011363636363635, 0.08806818181818182], ""dense_units_2"": [0.10511363636363637, 0.14488636363636365, 0.05965909090909091, 0.1846590909090909, 0.19602272727272727, 0.1278409090909091, 0.11079545454545454, 0.07102272727272728], ""dropout_1"": [0.16193181818181818, 0.26988636363636365, 0.08238636363636363, 0.09943181818181818, 0.11079545454545454, 0.06534090909090909, 0.1846590909090909, 0.02556818181818182], ""dropout_2"": [0.20738636363636365, 0.10511363636363637, 0.16193181818181818, 0.08806818181818182, 0.11079545454545454, 0.16193181818181818, 0.06534090909090909, 0.09943181818181818], ""loss"": [0.06534090909090909, 0.14488636363636365, 0.06534090909090909, 0.1278409090909091, 0.11079545454545454, 0.09943181818181818, 0.20170454545454544, 0.1846590909090909], ""optimizer"": [0.048295454545454544, 0.15056818181818182, 0.14488636363636365, 0.13920454545454544, 0.16761363636363635, 0.13920454545454544, 0.1278409090909091, 0.08238636363636363]}",False,False,gelu,success
paper_conventional-main-ants20-iterations5-epochs5-seed-42,paper_conventional,paper_faithful,iteration_based_paper_interpretation,main,20,5,5,42,3,12,75503dc9457f20be,32,2048,0.5,0.5,16,linear,adam,binary_crossentropy,,0.9595000147819519,0.9213749766349792,0.9595000147819519,0.03425562009215355,5,5,39.06645656599994,success,,nonstandard_loss_for_multiclass_sparse_labels,0.0010000000474974513,False,"{""activation"": [0.1278409090909091, 0.07102272727272728, 0.1278409090909091, 0.19602272727272727, 0.048295454545454544, 0.15056818181818182, 0.17329545454545456, 0.10511363636363637], ""batch_size"": [0.20170454545454544, 0.1278409090909091, 0.10511363636363637, 0.14488636363636365, 0.13352272727272727, 0.08238636363636363, 0.13920454545454544, 0.06534090909090909], ""dense_units_1"": [0.08806818181818182, 0.16761363636363635, 0.14488636363636365, 0.12215909090909091, 0.08238636363636363, 0.07670454545454546, 0.23011363636363635, 0.08806818181818182], ""dense_units_2"": [0.10511363636363637, 0.14488636363636365, 0.05965909090909091, 0.1846590909090909, 0.19602272727272727, 0.1278409090909091, 0.11079545454545454, 0.07102272727272728], ""dropout_1"": [0.16193181818181818, 0.26988636363636365, 0.08238636363636363, 0.09943181818181818, 0.11079545454545454, 0.06534090909090909, 0.1846590909090909, 0.02556818181818182], ""dropout_2"": [0.20738636363636365, 0.10511363636363637, 0.16193181818181818, 0.08806818181818182, 0.11079545454545454, 0.16193181818181818, 0.06534090909090909, 0.09943181818181818], ""loss"": [0.06534090909090909, 0.14488636363636365, 0.06534090909090909, 0.1278409090909091, 0.11079545454545454, 0.09943181818181818, 0.20170454545454544, 0.1846590909090909], ""optimizer"": [0.048295454545454544, 0.15056818181818182, 0.14488636363636365, 0.13920454545454544, 0.16761363636363635, 0.13920454545454544, 0.1278409090909091, 0.08238636363636363]}",False,False,linier,success
paper_conventional-main-ants20-iterations5-epochs5-seed-42,paper_conventional,paper_faithful,iteration_based_paper_interpretation,main,20,5,5,42,3,13,f78ec5e52926e385,32,512,0.2,0.8,256,relu,adam,sparse_categorical_crossentropy,,0.6175000071525574,0.5977500081062317,0.6175000071525574,1.9956259727478027,5,5,5.0335645110008045,success,,,0.0010000000474974513,False,"{""activation"": [0.1278409090909091, 0.07102272727272728, 0.1278409090909091, 0.19602272727272727, 0.048295454545454544, 0.15056818181818182, 0.17329545454545456, 0.10511363636363637], ""batch_size"": [0.20170454545454544, 0.1278409090909091, 0.10511363636363637, 0.14488636363636365, 0.13352272727272727, 0.08238636363636363, 0.13920454545454544, 0.06534090909090909], ""dense_units_1"": [0.08806818181818182, 0.16761363636363635, 0.14488636363636365, 0.12215909090909091, 0.08238636363636363, 0.07670454545454546, 0.23011363636363635, 0.08806818181818182], ""dense_units_2"": [0.10511363636363637, 0.14488636363636365, 0.05965909090909091, 0.1846590909090909, 0.19602272727272727, 0.1278409090909091, 0.11079545454545454, 0.07102272727272728], ""dropout_1"": [0.16193181818181818, 0.26988636363636365, 0.08238636363636363, 0.09943181818181818, 0.11079545454545454, 0.06534090909090909, 0.1846590909090909, 0.02556818181818182], ""dropout_2"": [0.20738636363636365, 0.10511363636363637, 0.16193181818181818, 0.08806818181818182, 0.11079545454545454, 0.16193181818181818, 0.06534090909090909, 0.09943181818181818], ""loss"": [0.06534090909090909, 0.14488636363636365, 0.06534090909090909, 0.1278409090909091, 0.11079545454545454, 0.09943181818181818, 0.20170454545454544, 0.1846590909090909], ""optimizer"": [0.048295454545454544, 0.15056818181818182, 0.14488636363636365, 0.13920454545454544, 0.16761363636363635, 0.13920454545454544, 0.1278409090909091, 0.08238636363636363]}",False,False,relu,success
paper_conventional-main-ants20-iterations5-epochs5-seed-42,paper_conventional,paper_faithful,iteration_based_paper_interpretation,main,20,5,5,42,3,14,38b6c543a46381ef,512,512,0.2,0.7,16,gelu,nadam,categorical_hinge,,0.9380000233650208,0.8009999990463257,0.9380000233650208,0.12135287374258041,1,5,44.301028085000326,success,,nonstandard_loss_for_multiclass_sparse_labels,0.0010000000474974513,False,"{""activation"": [0.1278409090909091, 0.07102272727272728, 0.1278409090909091, 0.19602272727272727, 0.048295454545454544, 0.15056818181818182, 0.17329545454545456, 0.10511363636363637], ""batch_size"": [0.20170454545454544, 0.1278409090909091, 0.10511363636363637, 0.14488636363636365, 0.13352272727272727, 0.08238636363636363, 0.13920454545454544, 0.06534090909090909], ""dense_units_1"": [0.08806818181818182, 0.16761363636363635, 0.14488636363636365, 0.12215909090909091, 0.08238636363636363, 0.07670454545454546, 0.23011363636363635, 0.08806818181818182], ""dense_units_2"": [0.10511363636363637, 0.14488636363636365, 0.05965909090909091, 0.1846590909090909, 0.19602272727272727, 0.1278409090909091, 0.11079545454545454, 0.07102272727272728], ""dropout_1"": [0.16193181818181818, 0.26988636363636365, 0.08238636363636363, 0.09943181818181818, 0.11079545454545454, 0.06534090909090909, 0.1846590909090909, 0.02556818181818182], ""dropout_2"": [0.20738636363636365, 0.10511363636363637, 0.16193181818181818, 0.08806818181818182, 0.11079545454545454, 0.16193181818181818, 0.06534090909090909, 0.09943181818181818], ""loss"": [0.06534090909090909, 0.14488636363636365, 0.06534090909090909, 0.1278409090909091, 0.11079545454545454, 0.09943181818181818, 0.20170454545454544, 0.1846590909090909], ""optimizer"": [0.048295454545454544, 0.15056818181818182, 0.14488636363636365, 0.13920454545454544, 0.16761363636363635, 0.13920454545454544, 0.1278409090909091, 0.08238636363636363]}",False,False,gelu,success
paper_conventional-main-ants20-iterations5-epochs5-seed-42,paper_conventional,paper_faithful,iteration_based_paper_interpretation,main,20,5,5,42,3,15,a566a974bd88f1bd,1024,1024,0.1,0.1,16,softsign,adamax,categorical_hinge,,0.9785000085830688,0.971750020980835,0.9785000085830688,0.053709477186203,3,5,32.80645681700025,success,,nonstandard_loss_for_multiclass_sparse_labels,0.0010000000474974513,False,"{""activation"": [0.1278409090909091, 0.07102272727272728, 0.1278409090909091, 0.19602272727272727, 0.048295454545454544, 0.15056818181818182, 0.17329545454545456, 0.10511363636363637], ""batch_size"": [0.20170454545454544, 0.1278409090909091, 0.10511363636363637, 0.14488636363636365, 0.13352272727272727, 0.08238636363636363, 0.13920454545454544, 0.06534090909090909], ""dense_units_1"": [0.08806818181818182, 0.16761363636363635, 0.14488636363636365, 0.12215909090909091, 0.08238636363636363, 0.07670454545454546, 0.23011363636363635, 0.08806818181818182], ""dense_units_2"": [0.10511363636363637, 0.14488636363636365, 0.05965909090909091, 0.1846590909090909, 0.19602272727272727, 0.1278409090909091, 0.11079545454545454, 0.07102272727272728], ""dropout_1"": [0.16193181818181818, 0.26988636363636365, 0.08238636363636363, 0.09943181818181818, 0.11079545454545454, 0.06534090909090909, 0.1846590909090909, 0.02556818181818182], ""dropout_2"": [0.20738636363636365, 0.10511363636363637, 0.16193181818181818, 0.08806818181818182, 0.11079545454545454, 0.16193181818181818, 0.06534090909090909, 0.09943181818181818], ""loss"": [0.06534090909090909, 0.14488636363636365, 0.06534090909090909, 0.1278409090909091, 0.11079545454545454, 0.09943181818181818, 0.20170454545454544, 0.1846590909090909], ""optimizer"": [0.048295454545454544, 0.15056818181818182, 0.14488636363636365, 0.13920454545454544, 0.16761363636363635, 0.13920454545454544, 0.1278409090909091, 0.08238636363636363]}",True,False,softsign,success
paper_conventional-main-ants20-iterations5-epochs5-seed-42,paper_conventional,paper_faithful,iteration_based_paper_interpretation,main,20,5,5,42,3,16,43a2dc6b40a9e836,1024,32,0.6,0.1,32,selu,nadam,squared_hinge,,0.8784999847412109,0.9042500257492065,0.8784999847412109,0.9471773505210876,4,5,23.84769410700028,success,,nonstandard_loss_for_multiclass_sparse_labels,0.0010000000474974513,False,"{""activation"": [0.1278409090909091, 0.07102272727272728, 0.1278409090909091, 0.19602272727272727, 0.048295454545454544, 0.15056818181818182, 0.17329545454545456, 0.10511363636363637], ""batch_size"": [0.20170454545454544, 0.1278409090909091, 0.10511363636363637, 0.14488636363636365, 0.13352272727272727, 0.08238636363636363, 0.13920454545454544, 0.06534090909090909], ""dense_units_1"": [0.08806818181818182, 0.16761363636363635, 0.14488636363636365, 0.12215909090909091, 0.08238636363636363, 0.07670454545454546, 0.23011363636363635, 0.08806818181818182], ""dense_units_2"": [0.10511363636363637, 0.14488636363636365, 0.05965909090909091, 0.1846590909090909, 0.19602272727272727, 0.1278409090909091, 0.11079545454545454, 0.07102272727272728], ""dropout_1"": [0.16193181818181818, 0.26988636363636365, 0.08238636363636363, 0.09943181818181818, 0.11079545454545454, 0.06534090909090909, 0.1846590909090909, 0.02556818181818182], ""dropout_2"": [0.20738636363636365, 0.10511363636363637, 0.16193181818181818, 0.08806818181818182, 0.11079545454545454, 0.16193181818181818, 0.06534090909090909, 0.09943181818181818], ""loss"": [0.06534090909090909, 0.14488636363636365, 0.06534090909090909, 0.1278409090909091, 0.11079545454545454, 0.09943181818181818, 0.20170454545454544, 0.1846590909090909], ""optimizer"": [0.048295454545454544, 0.15056818181818182, 0.14488636363636365, 0.13920454545454544, 0.16761363636363635, 0.13920454545454544, 0.1278409090909091, 0.08238636363636363]}",False,False,selu,success
paper_conventional-main-ants20-iterations5-epochs5-seed-42,paper_conventional,paper_faithful,iteration_based_paper_interpretation,main,20,5,5,42,3,17,c59c23c4d89af7df,16,256,0.1,0.7,256,sigmoid,rmsprop,categorical_crossentropy,,0.8224999904632568,0.5057500004768372,0.8224999904632568,1.4971085786819458,5,5,3.916398430999834,success,,nonstandard_loss_for_multiclass_sparse_labels,0.0010000000474974513,False,"{""activation"": [0.1278409090909091, 0.07102272727272728, 0.1278409090909091, 0.19602272727272727, 0.048295454545454544, 0.15056818181818182, 0.17329545454545456, 0.10511363636363637], ""batch_size"": [0.20170454545454544, 0.1278409090909091, 0.10511363636363637, 0.14488636363636365, 0.13352272727272727, 0.08238636363636363, 0.13920454545454544, 0.06534090909090909], ""dense_units_1"": [0.08806818181818182, 0.16761363636363635, 0.14488636363636365, 0.12215909090909091, 0.08238636363636363, 0.07670454545454546, 0.23011363636363635, 0.08806818181818182], ""dense_units_2"": [0.10511363636363637, 0.14488636363636365, 0.05965909090909091, 0.1846590909090909, 0.19602272727272727, 0.1278409090909091, 0.11079545454545454, 0.07102272727272728], ""dropout_1"": [0.16193181818181818, 0.26988636363636365, 0.08238636363636363, 0.09943181818181818, 0.11079545454545454, 0.06534090909090909, 0.1846590909090909, 0.02556818181818182], ""dropout_2"": [0.20738636363636365, 0.10511363636363637, 0.16193181818181818, 0.08806818181818182, 0.11079545454545454, 0.16193181818181818, 0.06534090909090909, 0.09943181818181818], ""loss"": [0.06534090909090909, 0.14488636363636365, 0.06534090909090909, 0.1278409090909091, 0.11079545454545454, 0.09943181818181818, 0.20170454545454544, 0.1846590909090909], ""optimizer"": [0.048295454545454544, 0.15056818181818182, 0.14488636363636365, 0.13920454545454544, 0.16761363636363635, 0.13920454545454544, 0.1278409090909091, 0.08238636363636363]}",False,False,sigmoid,success
paper_conventional-main-ants20-iterations5-epochs5-seed-42,paper_conventional,paper_faithful,iteration_based_paper_interpretation,main,20,5,5,42,3,18,137935c81b7fe6a0,2048,128,0.6,0.5,128,sigmoid,nadam,mean_absolute_error,,0.7839999794960022,0.7835000157356262,0.7839999794960022,0.05165800824761391,5,5,9.414469944999837,success,,nonstandard_loss_for_multiclass_sparse_labels,0.0010000000474974513,False,"{""activation"": [0.1278409090909091, 0.07102272727272728, 0.1278409090909091, 0.19602272727272727, 0.048295454545454544, 0.15056818181818182, 0.17329545454545456, 0.10511363636363637], ""batch_size"": [0.20170454545454544, 0.1278409090909091, 0.10511363636363637, 0.14488636363636365, 0.13352272727272727, 0.08238636363636363, 0.13920454545454544, 0.06534090909090909], ""dense_units_1"": [0.08806818181818182, 0.16761363636363635, 0.14488636363636365, 0.12215909090909091, 0.08238636363636363, 0.07670454545454546, 0.23011363636363635, 0.08806818181818182], ""dense_units_2"": [0.10511363636363637, 0.14488636363636365, 0.05965909090909091, 0.1846590909090909, 0.19602272727272727, 0.1278409090909091, 0.11079545454545454, 0.07102272727272728], ""dropout_1"": [0.16193181818181818, 0.26988636363636365, 0.08238636363636363, 0.09943181818181818, 0.11079545454545454, 0.06534090909090909, 0.1846590909090909, 0.02556818181818182], ""dropout_2"": [0.20738636363636365, 0.10511363636363637, 0.16193181818181818, 0.08806818181818182, 0.11079545454545454, 0.16193181818181818, 0.06534090909090909, 0.09943181818181818], ""loss"": [0.06534090909090909, 0.14488636363636365, 0.06534090909090909, 0.1278409090909091, 0.11079545454545454, 0.09943181818181818, 0.20170454545454544, 0.1846590909090909], ""optimizer"": [0.048295454545454544, 0.15056818181818182, 0.14488636363636365, 0.13920454545454544, 0.16761363636363635, 0.13920454545454544, 0.1278409090909091, 0.08238636363636363]}",False,False,sigmoid,success
paper_conventional-main-ants20-iterations5-epochs5-seed-42,paper_conventional,paper_faithful,iteration_based_paper_interpretation,main,20,5,5,42,3,19,10350c903ced76d6,256,512,0.5,0.8,16,softsign,adadelta,mean_squared_error,,0.12449999898672104,0.12174999713897705,0.12449999898672104,0.08910905569791794,5,5,30.285711307999918,success,,nonstandard_loss_for_multiclass_sparse_labels,0.0010000000474974513,False,"{""activation"": [0.1278409090909091, 0.07102272727272728, 0.1278409090909091, 0.19602272727272727, 0.048295454545454544, 0.15056818181818182, 0.17329545454545456, 0.10511363636363637], ""batch_size"": [0.20170454545454544, 0.1278409090909091, 0.10511363636363637, 0.14488636363636365, 0.13352272727272727, 0.08238636363636363, 0.13920454545454544, 0.06534090909090909], ""dense_units_1"": [0.08806818181818182, 0.16761363636363635, 0.14488636363636365, 0.12215909090909091, 0.08238636363636363, 0.07670454545454546, 0.23011363636363635, 0.08806818181818182], ""dense_units_2"": [0.10511363636363637, 0.14488636363636365, 0.05965909090909091, 0.1846590909090909, 0.19602272727272727, 0.1278409090909091, 0.11079545454545454, 0.07102272727272728], ""dropout_1"": [0.16193181818181818, 0.26988636363636365, 0.08238636363636363, 0.09943181818181818, 0.11079545454545454, 0.06534090909090909, 0.1846590909090909, 0.02556818181818182], ""dropout_2"": [0.20738636363636365, 0.10511363636363637, 0.16193181818181818, 0.08806818181818182, 0.11079545454545454, 0.16193181818181818, 0.06534090909090909, 0.09943181818181818], ""loss"": [0.06534090909090909, 0.14488636363636365, 0.06534090909090909, 0.1278409090909091, 0.11079545454545454, 0.09943181818181818, 0.20170454545454544, 0.1846590909090909], ""optimizer"": [0.048295454545454544, 0.15056818181818182, 0.14488636363636365, 0.13920454545454544, 0.16761363636363635, 0.13920454545454544, 0.1278409090909091, 0.08238636363636363]}",False,False,softsign,success
paper_conventional-main-ants20-iterations5-epochs5-seed-42,paper_conventional,paper_faithful,iteration_based_paper_interpretation,main,20,5,5,42,3,20,d09b5afb802f515a,32,32,0.2,0.2,64,selu,adagrad,mean_squared_error,,0.5364999771118164,0.4242500066757202,0.5364999771118164,0.06580346077680588,5,5,7.615303268999924,success,,nonstandard_loss_for_multiclass_sparse_labels,0.0010000000474974513,False,"{""activation"": [0.1278409090909091, 0.07102272727272728, 0.1278409090909091, 0.19602272727272727, 0.048295454545454544, 0.15056818181818182, 0.17329545454545456, 0.10511363636363637], ""batch_size"": [0.20170454545454544, 0.1278409090909091, 0.10511363636363637, 0.14488636363636365, 0.13352272727272727, 0.08238636363636363, 0.13920454545454544, 0.06534090909090909], ""dense_units_1"": [0.08806818181818182, 0.16761363636363635, 0.14488636363636365, 0.12215909090909091, 0.08238636363636363, 0.07670454545454546, 0.23011363636363635, 0.08806818181818182], ""dense_units_2"": [0.10511363636363637, 0.14488636363636365, 0.05965909090909091, 0.1846590909090909, 0.19602272727272727, 0.1278409090909091, 0.11079545454545454, 0.07102272727272728], ""dropout_1"": [0.16193181818181818, 0.26988636363636365, 0.08238636363636363, 0.09943181818181818, 0.11079545454545454, 0.06534090909090909, 0.1846590909090909, 0.02556818181818182], ""dropout_2"": [0.20738636363636365, 0.10511363636363637, 0.16193181818181818, 0.08806818181818182, 0.11079545454545454, 0.16193181818181818, 0.06534090909090909, 0.09943181818181818], ""loss"": [0.06534090909090909, 0.14488636363636365, 0.06534090909090909, 0.1278409090909091, 0.11079545454545454, 0.09943181818181818, 0.20170454545454544, 0.1846590909090909], ""optimizer"": [0.048295454545454544, 0.15056818181818182, 0.14488636363636365, 0.13920454545454544, 0.16761363636363635, 0.13920454545454544, 0.1278409090909091, 0.08238636363636363]}",False,False,selu,success
paper_conventional-main-ants20-iterations5-epochs5-seed-42,paper_conventional,paper_faithful,iteration_based_paper_interpretation,main,20,5,5,42,4,1,0880b3906b731eeb,128,64,0.4,0.2,16,softsign,adagrad,binary_crossentropy,,0.6365000009536743,0.6658750176429749,0.6365000009536743,0.5165123343467712,5,5,26.835685494000245,success,,nonstandard_loss_for_multiclass_sparse_labels,0.0010000000474974513,False,"{""activation"": [0.11733490566037735, 0.08195754716981132, 0.11733490566037735, 0.1786556603773585, 0.030070754716981132, 0.15035377358490565, 0.20224056603773585, 0.12205188679245282], ""batch_size"": [0.23879716981132076, 0.09846698113207547, 0.10318396226415094, 0.12794811320754718, 0.17747641509433962, 0.07016509433962265, 0.12441037735849056, 0.05955188679245283], ""dense_units_1"": [0.07370283018867925, 0.17983490566037735, 0.14681603773584906, 0.07606132075471699, 0.10790094339622641, 0.08549528301886793, 0.19988207547169812, 0.1303066037735849], ""dense_units_2"": [0.06544811320754718, 0.14681603773584906, 0.05601415094339623, 0.1715801886792453, 0.1786556603773585, 0.17393867924528303, 0.12558962264150944, 0.08195754716981132], ""dropout_1"": [0.19516509433962265, 0.2623820754716981, 0.07016509433962265, 0.061910377358490566, 0.12558962264150944, 0.13502358490566038, 0.1338443396226415, 0.015919811320754717], ""dropout_2"": [0.22346698113207547, 0.12205188679245282, 0.11969339622641509, 0.09257075471698113, 0.10672169811320754, 0.11969339622641509, 0.07841981132075472, 0.13738207547169812], ""loss"": [0.05955188679245283, 0.16568396226415094, 0.05955188679245283, 0.09846698113207547, 0.14445754716981132, 0.13738207547169812, 0.20106132075471697, 0.1338443396226415], ""optimizer"": [0.06780660377358491, 0.15035377358490565, 0.10908018867924528, 0.12441037735849056, 0.17983490566037735, 0.14327830188679244, 0.11733490566037735, 0.10790094339622641]}",False,False,softsign,success
paper_conventional-main-ants20-iterations5-epochs5-seed-42,paper_conventional,paper_faithful,iteration_based_paper_interpretation,main,20,5,5,42,4,2,9241e29335a164f3,256,256,0.5,0.5,256,softplus,ftrl,squared_hinge,,0.10000000149011612,0.09600000083446503,0.10000000149011612,1.1699999570846558,1,5,4.714269318000333,success,,nonstandard_loss_for_multiclass_sparse_labels,0.0010000000474974513,False,"{""activation"": [0.11733490566037735, 0.08195754716981132, 0.11733490566037735, 0.1786556603773585, 0.030070754716981132, 0.15035377358490565, 0.20224056603773585, 0.12205188679245282], ""batch_size"": [0.23879716981132076, 0.09846698113207547, 0.10318396226415094, 0.12794811320754718, 0.17747641509433962, 0.07016509433962265, 0.12441037735849056, 0.05955188679245283], ""dense_units_1"": [0.07370283018867925, 0.17983490566037735, 0.14681603773584906, 0.07606132075471699, 0.10790094339622641, 0.08549528301886793, 0.19988207547169812, 0.1303066037735849], ""dense_units_2"": [0.06544811320754718, 0.14681603773584906, 0.05601415094339623, 0.1715801886792453, 0.1786556603773585, 0.17393867924528303, 0.12558962264150944, 0.08195754716981132], ""dropout_1"": [0.19516509433962265, 0.2623820754716981, 0.07016509433962265, 0.061910377358490566, 0.12558962264150944, 0.13502358490566038, 0.1338443396226415, 0.015919811320754717], ""dropout_2"": [0.22346698113207547, 0.12205188679245282, 0.11969339622641509, 0.09257075471698113, 0.10672169811320754, 0.11969339622641509, 0.07841981132075472, 0.13738207547169812], ""loss"": [0.05955188679245283, 0.16568396226415094, 0.05955188679245283, 0.09846698113207547, 0.14445754716981132, 0.13738207547169812, 0.20106132075471697, 0.1338443396226415], ""optimizer"": [0.06780660377358491, 0.15035377358490565, 0.10908018867924528, 0.12441037735849056, 0.17983490566037735, 0.14327830188679244, 0.11733490566037735, 0.10790094339622641]}",False,False,softplus,success
paper_conventional-main-ants20-iterations5-epochs5-seed-42,paper_conventional,paper_faithful,iteration_based_paper_interpretation,main,20,5,5,42,4,3,cfe19f4ed43cd70a,128,512,0.2,0.4,256,linear,nadam,mean_squared_error,,0.9610000252723694,0.9620000123977661,0.9610000252723694,0.03186465799808502,5,5,5.120090510999944,success,,nonstandard_loss_for_multiclass_sparse_labels,0.0010000000474974513,False,"{""activation"": [0.11733490566037735, 0.08195754716981132, 0.11733490566037735, 0.1786556603773585, 0.030070754716981132, 0.15035377358490565, 0.20224056603773585, 0.12205188679245282], ""batch_size"": [0.23879716981132076, 0.09846698113207547, 0.10318396226415094, 0.12794811320754718, 0.17747641509433962, 0.07016509433962265, 0.12441037735849056, 0.05955188679245283], ""dense_units_1"": [0.07370283018867925, 0.17983490566037735, 0.14681603773584906, 0.07606132075471699, 0.10790094339622641, 0.08549528301886793, 0.19988207547169812, 0.1303066037735849], ""dense_units_2"": [0.06544811320754718, 0.14681603773584906, 0.05601415094339623, 0.1715801886792453, 0.1786556603773585, 0.17393867924528303, 0.12558962264150944, 0.08195754716981132], ""dropout_1"": [0.19516509433962265, 0.2623820754716981, 0.07016509433962265, 0.061910377358490566, 0.12558962264150944, 0.13502358490566038, 0.1338443396226415, 0.015919811320754717], ""dropout_2"": [0.22346698113207547, 0.12205188679245282, 0.11969339622641509, 0.09257075471698113, 0.10672169811320754, 0.11969339622641509, 0.07841981132075472, 0.13738207547169812], ""loss"": [0.05955188679245283, 0.16568396226415094, 0.05955188679245283, 0.09846698113207547, 0.14445754716981132, 0.13738207547169812, 0.20106132075471697, 0.1338443396226415], ""optimizer"": [0.06780660377358491, 0.15035377358490565, 0.10908018867924528, 0.12441037735849056, 0.17983490566037735, 0.14327830188679244, 0.11733490566037735, 0.10790094339622641]}",False,False,linier,success
paper_conventional-main-ants20-iterations5-epochs5-seed-42,paper_conventional,paper_faithful,iteration_based_paper_interpretation,main,20,5,5,42,4,4,3fcffc134e188847,256,1024,0.2,0.7,128,relu,rmsprop,categorical_hinge,,0.9375,0.9453750252723694,0.9375,0.16181716322898865,5,5,5.4809558139995715,success,,nonstandard_loss_for_multiclass_sparse_labels,0.0010000000474974513,False,"{""activation"": [0.11733490566037735, 0.08195754716981132, 0.11733490566037735, 0.1786556603773585, 0.030070754716981132, 0.15035377358490565, 0.20224056603773585, 0.12205188679245282], ""batch_size"": [0.23879716981132076, 0.09846698113207547, 0.10318396226415094, 0.12794811320754718, 0.17747641509433962, 0.07016509433962265, 0.12441037735849056, 0.05955188679245283], ""dense_units_1"": [0.07370283018867925, 0.17983490566037735, 0.14681603773584906, 0.07606132075471699, 0.10790094339622641, 0.08549528301886793, 0.19988207547169812, 0.1303066037735849], ""dense_units_2"": [0.06544811320754718, 0.14681603773584906, 0.05601415094339623, 0.1715801886792453, 0.1786556603773585, 0.17393867924528303, 0.12558962264150944, 0.08195754716981132], ""dropout_1"": [0.19516509433962265, 0.2623820754716981, 0.07016509433962265, 0.061910377358490566, 0.12558962264150944, 0.13502358490566038, 0.1338443396226415, 0.015919811320754717], ""dropout_2"": [0.22346698113207547, 0.12205188679245282, 0.11969339622641509, 0.09257075471698113, 0.10672169811320754, 0.11969339622641509, 0.07841981132075472, 0.13738207547169812], ""loss"": [0.05955188679245283, 0.16568396226415094, 0.05955188679245283, 0.09846698113207547, 0.14445754716981132, 0.13738207547169812, 0.20106132075471697, 0.1338443396226415], ""optimizer"": [0.06780660377358491, 0.15035377358490565, 0.10908018867924528, 0.12441037735849056, 0.17983490566037735, 0.14327830188679244, 0.11733490566037735, 0.10790094339622641]}",False,False,relu,success
paper_conventional-main-ants20-iterations5-epochs5-seed-42,paper_conventional,paper_faithful,iteration_based_paper_interpretation,main,20,5,5,42,4,5,5f268b716b5e6624,16,128,0.2,0.1,32,gelu,adam,categorical_hinge,,0.9714999794960022,0.9547500014305115,0.9714999794960022,0.05805983394384384,5,5,17.80069444200035,success,,nonstandard_loss_for_multiclass_sparse_labels,0.0010000000474974513,False,"{""activation"": [0.11733490566037735, 0.08195754716981132, 0.11733490566037735, 0.1786556603773585, 0.030070754716981132, 0.15035377358490565, 0.20224056603773585, 0.12205188679245282], ""batch_size"": [0.23879716981132076, 0.09846698113207547, 0.10318396226415094, 0.12794811320754718, 0.17747641509433962, 0.07016509433962265, 0.12441037735849056, 0.05955188679245283], ""dense_units_1"": [0.07370283018867925, 0.17983490566037735, 0.14681603773584906, 0.07606132075471699, 0.10790094339622641, 0.08549528301886793, 0.19988207547169812, 0.1303066037735849], ""dense_units_2"": [0.06544811320754718, 0.14681603773584906, 0.05601415094339623, 0.1715801886792453, 0.1786556603773585, 0.17393867924528303, 0.12558962264150944, 0.08195754716981132], ""dropout_1"": [0.19516509433962265, 0.2623820754716981, 0.07016509433962265, 0.061910377358490566, 0.12558962264150944, 0.13502358490566038, 0.1338443396226415, 0.015919811320754717], ""dropout_2"": [0.22346698113207547, 0.12205188679245282, 0.11969339622641509, 0.09257075471698113, 0.10672169811320754, 0.11969339622641509, 0.07841981132075472, 0.13738207547169812], ""loss"": [0.05955188679245283, 0.16568396226415094, 0.05955188679245283, 0.09846698113207547, 0.14445754716981132, 0.13738207547169812, 0.20106132075471697, 0.1338443396226415], ""optimizer"": [0.06780660377358491, 0.15035377358490565, 0.10908018867924528, 0.12441037735849056, 0.17983490566037735, 0.14327830188679244, 0.11733490566037735, 0.10790094339622641]}",False,False,gelu,success
paper_conventional-main-ants20-iterations5-epochs5-seed-42,paper_conventional,paper_faithful,iteration_based_paper_interpretation,main,20,5,5,42,4,6,3113933f2b958e1c,1024,128,0.1,0.5,16,softsign,nadam,cosine_similarity,,0.9779999852180481,0.968999981880188,0.9779999852180481,-0.9791275858879089,3,5,41.51291882100031,success,,nonstandard_loss_for_multiclass_sparse_labels,0.0010000000474974513,False,"{""activation"": [0.11733490566037735, 0.08195754716981132, 0.11733490566037735, 0.1786556603773585, 0.030070754716981132, 0.15035377358490565, 0.20224056603773585, 0.12205188679245282], ""batch_size"": [0.23879716981132076, 0.09846698113207547, 0.10318396226415094, 0.12794811320754718, 0.17747641509433962, 0.07016509433962265, 0.12441037735849056, 0.05955188679245283], ""dense_units_1"": [0.07370283018867925, 0.17983490566037735, 0.14681603773584906, 0.07606132075471699, 0.10790094339622641, 0.08549528301886793, 0.19988207547169812, 0.1303066037735849], ""dense_units_2"": [0.06544811320754718, 0.14681603773584906, 0.05601415094339623, 0.1715801886792453, 0.1786556603773585, 0.17393867924528303, 0.12558962264150944, 0.08195754716981132], ""dropout_1"": [0.19516509433962265, 0.2623820754716981, 0.07016509433962265, 0.061910377358490566, 0.12558962264150944, 0.13502358490566038, 0.1338443396226415, 0.015919811320754717], ""dropout_2"": [0.22346698113207547, 0.12205188679245282, 0.11969339622641509, 0.09257075471698113, 0.10672169811320754, 0.11969339622641509, 0.07841981132075472, 0.13738207547169812], ""loss"": [0.05955188679245283, 0.16568396226415094, 0.05955188679245283, 0.09846698113207547, 0.14445754716981132, 0.13738207547169812, 0.20106132075471697, 0.1338443396226415], ""optimizer"": [0.06780660377358491, 0.15035377358490565, 0.10908018867924528, 0.12441037735849056, 0.17983490566037735, 0.14327830188679244, 0.11733490566037735, 0.10790094339622641]}",True,False,softsign,success
paper_conventional-main-ants20-iterations5-epochs5-seed-42,paper_conventional,paper_faithful,iteration_based_paper_interpretation,main,20,5,5,42,4,7,5cf95fb5da25f358,1024,128,0.5,0.6,64,selu,adam,categorical_crossentropy,,0.9620000123977661,0.9623749852180481,0.9620000123977661,0.12022322416305542,5,5,9.789962840999578,success,,nonstandard_loss_for_multiclass_sparse_labels,0.0010000000474974513,False,"{""activation"": [0.11733490566037735, 0.08195754716981132, 0.11733490566037735, 0.1786556603773585, 0.030070754716981132, 0.15035377358490565, 0.20224056603773585, 0.12205188679245282], ""batch_size"": [0.23879716981132076, 0.09846698113207547, 0.10318396226415094, 0.12794811320754718, 0.17747641509433962, 0.07016509433962265, 0.12441037735849056, 0.05955188679245283], ""dense_units_1"": [0.07370283018867925, 0.17983490566037735, 0.14681603773584906, 0.07606132075471699, 0.10790094339622641, 0.08549528301886793, 0.19988207547169812, 0.1303066037735849], ""dense_units_2"": [0.06544811320754718, 0.14681603773584906, 0.05601415094339623, 0.1715801886792453, 0.1786556603773585, 0.17393867924528303, 0.12558962264150944, 0.08195754716981132], ""dropout_1"": [0.19516509433962265, 0.2623820754716981, 0.07016509433962265, 0.061910377358490566, 0.12558962264150944, 0.13502358490566038, 0.1338443396226415, 0.015919811320754717], ""dropout_2"": [0.22346698113207547, 0.12205188679245282, 0.11969339622641509, 0.09257075471698113, 0.10672169811320754, 0.11969339622641509, 0.07841981132075472, 0.13738207547169812], ""loss"": [0.05955188679245283, 0.16568396226415094, 0.05955188679245283, 0.09846698113207547, 0.14445754716981132, 0.13738207547169812, 0.20106132075471697, 0.1338443396226415], ""optimizer"": [0.06780660377358491, 0.15035377358490565, 0.10908018867924528, 0.12441037735849056, 0.17983490566037735, 0.14327830188679244, 0.11733490566037735, 0.10790094339622641]}",False,False,selu,success
paper_conventional-main-ants20-iterations5-epochs5-seed-42,paper_conventional,paper_faithful,iteration_based_paper_interpretation,main,20,5,5,42,4,8,d0fbaeedb641c6dc,256,32,0.1,0.7,2048,selu,ftrl,cosine_similarity,,0.10000000149011612,0.10062500089406967,0.10000000149011612,-0.3162277936935425,1,5,3.342058511999312,success,,nonstandard_loss_for_multiclass_sparse_labels,0.0010000000474974513,False,"{""activation"": [0.11733490566037735, 0.08195754716981132, 0.11733490566037735, 0.1786556603773585, 0.030070754716981132, 0.15035377358490565, 0.20224056603773585, 0.12205188679245282], ""batch_size"": [0.23879716981132076, 0.09846698113207547, 0.10318396226415094, 0.12794811320754718, 0.17747641509433962, 0.07016509433962265, 0.12441037735849056, 0.05955188679245283], ""dense_units_1"": [0.07370283018867925, 0.17983490566037735, 0.14681603773584906, 0.07606132075471699, 0.10790094339622641, 0.08549528301886793, 0.19988207547169812, 0.1303066037735849], ""dense_units_2"": [0.06544811320754718, 0.14681603773584906, 0.05601415094339623, 0.1715801886792453, 0.1786556603773585, 0.17393867924528303, 0.12558962264150944, 0.08195754716981132], ""dropout_1"": [0.19516509433962265, 0.2623820754716981, 0.07016509433962265, 0.061910377358490566, 0.12558962264150944, 0.13502358490566038, 0.1338443396226415, 0.015919811320754717], ""dropout_2"": [0.22346698113207547, 0.12205188679245282, 0.11969339622641509, 0.09257075471698113, 0.10672169811320754, 0.11969339622641509, 0.07841981132075472, 0.13738207547169812], ""loss"": [0.05955188679245283, 0.16568396226415094, 0.05955188679245283, 0.09846698113207547, 0.14445754716981132, 0.13738207547169812, 0.20106132075471697, 0.1338443396226415], ""optimizer"": [0.06780660377358491, 0.15035377358490565, 0.10908018867924528, 0.12441037735849056, 0.17983490566037735, 0.14327830188679244, 0.11733490566037735, 0.10790094339622641]}",False,False,selu,success
paper_conventional-main-ants20-iterations5-epochs5-seed-42,paper_conventional,paper_faithful,iteration_based_paper_interpretation,main,20,5,5,42,4,9,8da0f4d9800d3269,32,256,0.2,0.1,512,softsign,adagrad,categorical_crossentropy,,0.4180000126361847,0.4325000047683716,0.4180000126361847,2.236271619796753,5,5,3.296268267999949,success,,nonstandard_loss_for_multiclass_sparse_labels,0.0010000000474974513,False,"{""activation"": [0.11733490566037735, 0.08195754716981132, 0.11733490566037735, 0.1786556603773585, 0.030070754716981132, 0.15035377358490565, 0.20224056603773585, 0.12205188679245282], ""batch_size"": [0.23879716981132076, 0.09846698113207547, 0.10318396226415094, 0.12794811320754718, 0.17747641509433962, 0.07016509433962265, 0.12441037735849056, 0.05955188679245283], ""dense_units_1"": [0.07370283018867925, 0.17983490566037735, 0.14681603773584906, 0.07606132075471699, 0.10790094339622641, 0.08549528301886793, 0.19988207547169812, 0.1303066037735849], ""dense_units_2"": [0.06544811320754718, 0.14681603773584906, 0.05601415094339623, 0.1715801886792453, 0.1786556603773585, 0.17393867924528303, 0.12558962264150944, 0.08195754716981132], ""dropout_1"": [0.19516509433962265, 0.2623820754716981, 0.07016509433962265, 0.061910377358490566, 0.12558962264150944, 0.13502358490566038, 0.1338443396226415, 0.015919811320754717], ""dropout_2"": [0.22346698113207547, 0.12205188679245282, 0.11969339622641509, 0.09257075471698113, 0.10672169811320754, 0.11969339622641509, 0.07841981132075472, 0.13738207547169812], ""loss"": [0.05955188679245283, 0.16568396226415094, 0.05955188679245283, 0.09846698113207547, 0.14445754716981132, 0.13738207547169812, 0.20106132075471697, 0.1338443396226415], ""optimizer"": [0.06780660377358491, 0.15035377358490565, 0.10908018867924528, 0.12441037735849056, 0.17983490566037735, 0.14327830188679244, 0.11733490566037735, 0.10790094339622641]}",False,False,softsign,success
paper_conventional-main-ants20-iterations5-epochs5-seed-42,paper_conventional,paper_faithful,iteration_based_paper_interpretation,main,20,5,5,42,4,10,6d6103980101d79a,32,1024,0.1,0.2,32,softsign,adagrad,mean_squared_error,,0.31850001215934753,0.2566249966621399,0.31850001215934753,0.08811834454536438,5,5,13.348935171999983,success,,nonstandard_loss_for_multiclass_sparse_labels,0.0010000000474974513,False,"{""activation"": [0.11733490566037735, 0.08195754716981132, 0.11733490566037735, 0.1786556603773585, 0.030070754716981132, 0.15035377358490565, 0.20224056603773585, 0.12205188679245282], ""batch_size"": [0.23879716981132076, 0.09846698113207547, 0.10318396226415094, 0.12794811320754718, 0.17747641509433962, 0.07016509433962265, 0.12441037735849056, 0.05955188679245283], ""dense_units_1"": [0.07370283018867925, 0.17983490566037735, 0.14681603773584906, 0.07606132075471699, 0.10790094339622641, 0.08549528301886793, 0.19988207547169812, 0.1303066037735849], ""dense_units_2"": [0.06544811320754718, 0.14681603773584906, 0.05601415094339623, 0.1715801886792453, 0.1786556603773585, 0.17393867924528303, 0.12558962264150944, 0.08195754716981132], ""dropout_1"": [0.19516509433962265, 0.2623820754716981, 0.07016509433962265, 0.061910377358490566, 0.12558962264150944, 0.13502358490566038, 0.1338443396226415, 0.015919811320754717], ""dropout_2"": [0.22346698113207547, 0.12205188679245282, 0.11969339622641509, 0.09257075471698113, 0.10672169811320754, 0.11969339622641509, 0.07841981132075472, 0.13738207547169812], ""loss"": [0.05955188679245283, 0.16568396226415094, 0.05955188679245283, 0.09846698113207547, 0.14445754716981132, 0.13738207547169812, 0.20106132075471697, 0.1338443396226415], ""optimizer"": [0.06780660377358491, 0.15035377358490565, 0.10908018867924528, 0.12441037735849056, 0.17983490566037735, 0.14327830188679244, 0.11733490566037735, 0.10790094339622641]}",False,False,softsign,success
paper_conventional-main-ants20-iterations5-epochs5-seed-42,paper_conventional,paper_faithful,iteration_based_paper_interpretation,main,20,5,5,42,4,11,da2bfeae8135f1c6,32,64,0.6,0.5,256,selu,adamax,sparse_categorical_crossentropy,,0.8619999885559082,0.8497499823570251,0.8619999885559082,1.1019160747528076,5,5,4.470277502000499,success,,,0.0010000000474974513,False,"{""activation"": [0.11733490566037735, 0.08195754716981132, 0.11733490566037735, 0.1786556603773585, 0.030070754716981132, 0.15035377358490565, 0.20224056603773585, 0.12205188679245282], ""batch_size"": [0.23879716981132076, 0.09846698113207547, 0.10318396226415094, 0.12794811320754718, 0.17747641509433962, 0.07016509433962265, 0.12441037735849056, 0.05955188679245283], ""dense_units_1"": [0.07370283018867925, 0.17983490566037735, 0.14681603773584906, 0.07606132075471699, 0.10790094339622641, 0.08549528301886793, 0.19988207547169812, 0.1303066037735849], ""dense_units_2"": [0.06544811320754718, 0.14681603773584906, 0.05601415094339623, 0.1715801886792453, 0.1786556603773585, 0.17393867924528303, 0.12558962264150944, 0.08195754716981132], ""dropout_1"": [0.19516509433962265, 0.2623820754716981, 0.07016509433962265, 0.061910377358490566, 0.12558962264150944, 0.13502358490566038, 0.1338443396226415, 0.015919811320754717], ""dropout_2"": [0.22346698113207547, 0.12205188679245282, 0.11969339622641509, 0.09257075471698113, 0.10672169811320754, 0.11969339622641509, 0.07841981132075472, 0.13738207547169812], ""loss"": [0.05955188679245283, 0.16568396226415094, 0.05955188679245283, 0.09846698113207547, 0.14445754716981132, 0.13738207547169812, 0.20106132075471697, 0.1338443396226415], ""optimizer"": [0.06780660377358491, 0.15035377358490565, 0.10908018867924528, 0.12441037735849056, 0.17983490566037735, 0.14327830188679244, 0.11733490566037735, 0.10790094339622641]}",False,False,selu,success
paper_conventional-main-ants20-iterations5-epochs5-seed-42,paper_conventional,paper_faithful,iteration_based_paper_interpretation,main,20,5,5,42,4,12,9fd4c7a2c44cbd0f,64,256,0.2,0.7,128,gelu,ftrl,mean_squared_error,,0.10000000149011612,0.09000000357627869,0.10000000149011612,0.09000000357627869,2,5,6.72875458100043,success,,nonstandard_loss_for_multiclass_sparse_labels,0.0010000000474974513,False,"{""activation"": [0.11733490566037735, 0.08195754716981132, 0.11733490566037735, 0.1786556603773585, 0.030070754716981132, 0.15035377358490565, 0.20224056603773585, 0.12205188679245282], ""batch_size"": [0.23879716981132076, 0.09846698113207547, 0.10318396226415094, 0.12794811320754718, 0.17747641509433962, 0.07016509433962265, 0.12441037735849056, 0.05955188679245283], ""dense_units_1"": [0.07370283018867925, 0.17983490566037735, 0.14681603773584906, 0.07606132075471699, 0.10790094339622641, 0.08549528301886793, 0.19988207547169812, 0.1303066037735849], ""dense_units_2"": [0.06544811320754718, 0.14681603773584906, 0.05601415094339623, 0.1715801886792453, 0.1786556603773585, 0.17393867924528303, 0.12558962264150944, 0.08195754716981132], ""dropout_1"": [0.19516509433962265, 0.2623820754716981, 0.07016509433962265, 0.061910377358490566, 0.12558962264150944, 0.13502358490566038, 0.1338443396226415, 0.015919811320754717], ""dropout_2"": [0.22346698113207547, 0.12205188679245282, 0.11969339622641509, 0.09257075471698113, 0.10672169811320754, 0.11969339622641509, 0.07841981132075472, 0.13738207547169812], ""loss"": [0.05955188679245283, 0.16568396226415094, 0.05955188679245283, 0.09846698113207547, 0.14445754716981132, 0.13738207547169812, 0.20106132075471697, 0.1338443396226415], ""optimizer"": [0.06780660377358491, 0.15035377358490565, 0.10908018867924528, 0.12441037735849056, 0.17983490566037735, 0.14327830188679244, 0.11733490566037735, 0.10790094339622641]}",False,False,gelu,success
paper_conventional-main-ants20-iterations5-epochs5-seed-42,paper_conventional,paper_faithful,iteration_based_paper_interpretation,main,20,5,5,42,4,13,648f3330014475ad,2048,256,0.7,0.2,128,selu,rmsprop,mean_squared_error,,0.7990000247955322,0.7507500052452087,0.7990000247955322,0.03190317749977112,1,5,6.053571247000036,success,,nonstandard_loss_for_multiclass_sparse_labels,0.0010000000474974513,False,"{""activation"": [0.11733490566037735, 0.08195754716981132, 0.11733490566037735, 0.1786556603773585, 0.030070754716981132, 0.15035377358490565, 0.20224056603773585, 0.12205188679245282], ""batch_size"": [0.23879716981132076, 0.09846698113207547, 0.10318396226415094, 0.12794811320754718, 0.17747641509433962, 0.07016509433962265, 0.12441037735849056, 0.05955188679245283], ""dense_units_1"": [0.07370283018867925, 0.17983490566037735, 0.14681603773584906, 0.07606132075471699, 0.10790094339622641, 0.08549528301886793, 0.19988207547169812, 0.1303066037735849], ""dense_units_2"": [0.06544811320754718, 0.14681603773584906, 0.05601415094339623, 0.1715801886792453, 0.1786556603773585, 0.17393867924528303, 0.12558962264150944, 0.08195754716981132], ""dropout_1"": [0.19516509433962265, 0.2623820754716981, 0.07016509433962265, 0.061910377358490566, 0.12558962264150944, 0.13502358490566038, 0.1338443396226415, 0.015919811320754717], ""dropout_2"": [0.22346698113207547, 0.12205188679245282, 0.11969339622641509, 0.09257075471698113, 0.10672169811320754, 0.11969339622641509, 0.07841981132075472, 0.13738207547169812], ""loss"": [0.05955188679245283, 0.16568396226415094, 0.05955188679245283, 0.09846698113207547, 0.14445754716981132, 0.13738207547169812, 0.20106132075471697, 0.1338443396226415], ""optimizer"": [0.06780660377358491, 0.15035377358490565, 0.10908018867924528, 0.12441037735849056, 0.17983490566037735, 0.14327830188679244, 0.11733490566037735, 0.10790094339622641]}",False,False,selu,success
paper_conventional-main-ants20-iterations5-epochs5-seed-42,paper_conventional,paper_faithful,iteration_based_paper_interpretation,main,20,5,5,42,4,14,d7cc19abe35f5173,2048,512,0.1,0.2,16,relu,nadam,mean_squared_error,,0.7310000061988831,0.7707499861717224,0.7310000061988831,0.051954686641693115,1,5,50.997708377999516,success,,nonstandard_loss_for_multiclass_sparse_labels,0.0010000000474974513,False,"{""activation"": [0.11733490566037735, 0.08195754716981132, 0.11733490566037735, 0.1786556603773585, 0.030070754716981132, 0.15035377358490565, 0.20224056603773585, 0.12205188679245282], ""batch_size"": [0.23879716981132076, 0.09846698113207547, 0.10318396226415094, 0.12794811320754718, 0.17747641509433962, 0.07016509433962265, 0.12441037735849056, 0.05955188679245283], ""dense_units_1"": [0.07370283018867925, 0.17983490566037735, 0.14681603773584906, 0.07606132075471699, 0.10790094339622641, 0.08549528301886793, 0.19988207547169812, 0.1303066037735849], ""dense_units_2"": [0.06544811320754718, 0.14681603773584906, 0.05601415094339623, 0.1715801886792453, 0.1786556603773585, 0.17393867924528303, 0.12558962264150944, 0.08195754716981132], ""dropout_1"": [0.19516509433962265, 0.2623820754716981, 0.07016509433962265, 0.061910377358490566, 0.12558962264150944, 0.13502358490566038, 0.1338443396226415, 0.015919811320754717], ""dropout_2"": [0.22346698113207547, 0.12205188679245282, 0.11969339622641509, 0.09257075471698113, 0.10672169811320754, 0.11969339622641509, 0.07841981132075472, 0.13738207547169812], ""loss"": [0.05955188679245283, 0.16568396226415094, 0.05955188679245283, 0.09846698113207547, 0.14445754716981132, 0.13738207547169812, 0.20106132075471697, 0.1338443396226415], ""optimizer"": [0.06780660377358491, 0.15035377358490565, 0.10908018867924528, 0.12441037735849056, 0.17983490566037735, 0.14327830188679244, 0.11733490566037735, 0.10790094339622641]}",False,False,relu,success
paper_conventional-main-ants20-iterations5-epochs5-seed-42,paper_conventional,paper_faithful,iteration_based_paper_interpretation,main,20,5,5,42,4,15,cc63756686f4cb3c,64,256,0.1,0.2,256,selu,nadam,squared_hinge,,0.9610000252723694,0.984250009059906,0.9610000252723694,0.9600716829299927,5,5,5.381869647000713,success,,nonstandard_loss_for_multiclass_sparse_labels,0.0010000000474974513,False,"{""activation"": [0.11733490566037735, 0.08195754716981132, 0.11733490566037735, 0.1786556603773585, 0.030070754716981132, 0.15035377358490565, 0.20224056603773585, 0.12205188679245282], ""batch_size"": [0.23879716981132076, 0.09846698113207547, 0.10318396226415094, 0.12794811320754718, 0.17747641509433962, 0.07016509433962265, 0.12441037735849056, 0.05955188679245283], ""dense_units_1"": [0.07370283018867925, 0.17983490566037735, 0.14681603773584906, 0.07606132075471699, 0.10790094339622641, 0.08549528301886793, 0.19988207547169812, 0.1303066037735849], ""dense_units_2"": [0.06544811320754718, 0.14681603773584906, 0.05601415094339623, 0.1715801886792453, 0.1786556603773585, 0.17393867924528303, 0.12558962264150944, 0.08195754716981132], ""dropout_1"": [0.19516509433962265, 0.2623820754716981, 0.07016509433962265, 0.061910377358490566, 0.12558962264150944, 0.13502358490566038, 0.1338443396226415, 0.015919811320754717], ""dropout_2"": [0.22346698113207547, 0.12205188679245282, 0.11969339622641509, 0.09257075471698113, 0.10672169811320754, 0.11969339622641509, 0.07841981132075472, 0.13738207547169812], ""loss"": [0.05955188679245283, 0.16568396226415094, 0.05955188679245283, 0.09846698113207547, 0.14445754716981132, 0.13738207547169812, 0.20106132075471697, 0.1338443396226415], ""optimizer"": [0.06780660377358491, 0.15035377358490565, 0.10908018867924528, 0.12441037735849056, 0.17983490566037735, 0.14327830188679244, 0.11733490566037735, 0.10790094339622641]}",False,False,selu,success
paper_conventional-main-ants20-iterations5-epochs5-seed-42,paper_conventional,paper_faithful,iteration_based_paper_interpretation,main,20,5,5,42,4,16,b3758ddb5f3a7d3b,256,512,0.7,0.6,2048,gelu,ftrl,categorical_crossentropy,,0.10000000149011612,0.09462500363588333,0.10000000149011612,2.302584648132324,3,5,3.676302767999914,success,,nonstandard_loss_for_multiclass_sparse_labels,0.0010000000474974513,False,"{""activation"": [0.11733490566037735, 0.08195754716981132, 0.11733490566037735, 0.1786556603773585, 0.030070754716981132, 0.15035377358490565, 0.20224056603773585, 0.12205188679245282], ""batch_size"": [0.23879716981132076, 0.09846698113207547, 0.10318396226415094, 0.12794811320754718, 0.17747641509433962, 0.07016509433962265, 0.12441037735849056, 0.05955188679245283], ""dense_units_1"": [0.07370283018867925, 0.17983490566037735, 0.14681603773584906, 0.07606132075471699, 0.10790094339622641, 0.08549528301886793, 0.19988207547169812, 0.1303066037735849], ""dense_units_2"": [0.06544811320754718, 0.14681603773584906, 0.05601415094339623, 0.1715801886792453, 0.1786556603773585, 0.17393867924528303, 0.12558962264150944, 0.08195754716981132], ""dropout_1"": [0.19516509433962265, 0.2623820754716981, 0.07016509433962265, 0.061910377358490566, 0.12558962264150944, 0.13502358490566038, 0.1338443396226415, 0.015919811320754717], ""dropout_2"": [0.22346698113207547, 0.12205188679245282, 0.11969339622641509, 0.09257075471698113, 0.10672169811320754, 0.11969339622641509, 0.07841981132075472, 0.13738207547169812], ""loss"": [0.05955188679245283, 0.16568396226415094, 0.05955188679245283, 0.09846698113207547, 0.14445754716981132, 0.13738207547169812, 0.20106132075471697, 0.1338443396226415], ""optimizer"": [0.06780660377358491, 0.15035377358490565, 0.10908018867924528, 0.12441037735849056, 0.17983490566037735, 0.14327830188679244, 0.11733490566037735, 0.10790094339622641]}",False,False,gelu,success
paper_conventional-main-ants20-iterations5-epochs5-seed-42,paper_conventional,paper_faithful,iteration_based_paper_interpretation,main,20,5,5,42,4,17,4f1cd694dfbd33bd,1024,256,0.4,0.5,2048,linear,sgd,categorical_hinge,,0.2554999887943268,0.4606249928474426,0.2554999887943268,1.008175015449524,5,5,2.4293310230004863,success,,nonstandard_loss_for_multiclass_sparse_labels,0.009999999776482582,False,"{""activation"": [0.11733490566037735, 0.08195754716981132, 0.11733490566037735, 0.1786556603773585, 0.030070754716981132, 0.15035377358490565, 0.20224056603773585, 0.12205188679245282], ""batch_size"": [0.23879716981132076, 0.09846698113207547, 0.10318396226415094, 0.12794811320754718, 0.17747641509433962, 0.07016509433962265, 0.12441037735849056, 0.05955188679245283], ""dense_units_1"": [0.07370283018867925, 0.17983490566037735, 0.14681603773584906, 0.07606132075471699, 0.10790094339622641, 0.08549528301886793, 0.19988207547169812, 0.1303066037735849], ""dense_units_2"": [0.06544811320754718, 0.14681603773584906, 0.05601415094339623, 0.1715801886792453, 0.1786556603773585, 0.17393867924528303, 0.12558962264150944, 0.08195754716981132], ""dropout_1"": [0.19516509433962265, 0.2623820754716981, 0.07016509433962265, 0.061910377358490566, 0.12558962264150944, 0.13502358490566038, 0.1338443396226415, 0.015919811320754717], ""dropout_2"": [0.22346698113207547, 0.12205188679245282, 0.11969339622641509, 0.09257075471698113, 0.10672169811320754, 0.11969339622641509, 0.07841981132075472, 0.13738207547169812], ""loss"": [0.05955188679245283, 0.16568396226415094, 0.05955188679245283, 0.09846698113207547, 0.14445754716981132, 0.13738207547169812, 0.20106132075471697, 0.1338443396226415], ""optimizer"": [0.06780660377358491, 0.15035377358490565, 0.10908018867924528, 0.12441037735849056, 0.17983490566037735, 0.14327830188679244, 0.11733490566037735, 0.10790094339622641]}",False,False,linier,success
paper_conventional-main-ants20-iterations5-epochs5-seed-42,paper_conventional,paper_faithful,iteration_based_paper_interpretation,main,20,5,5,42,4,18,1959088f1e21490e,1024,128,0.1,0.1,512,softsign,nadam,mean_squared_error,,0.8125,0.9947500228881836,0.8125,0.03680635988712311,5,5,4.862302629000624,success,,nonstandard_loss_for_multiclass_sparse_labels,0.0010000000474974513,False,"{""activation"": [0.11733490566037735, 0.08195754716981132, 0.11733490566037735, 0.1786556603773585, 0.030070754716981132, 0.15035377358490565, 0.20224056603773585, 0.12205188679245282], ""batch_size"": [0.23879716981132076, 0.09846698113207547, 0.10318396226415094, 0.12794811320754718, 0.17747641509433962, 0.07016509433962265, 0.12441037735849056, 0.05955188679245283], ""dense_units_1"": [0.07370283018867925, 0.17983490566037735, 0.14681603773584906, 0.07606132075471699, 0.10790094339622641, 0.08549528301886793, 0.19988207547169812, 0.1303066037735849], ""dense_units_2"": [0.06544811320754718, 0.14681603773584906, 0.05601415094339623, 0.1715801886792453, 0.1786556603773585, 0.17393867924528303, 0.12558962264150944, 0.08195754716981132], ""dropout_1"": [0.19516509433962265, 0.2623820754716981, 0.07016509433962265, 0.061910377358490566, 0.12558962264150944, 0.13502358490566038, 0.1338443396226415, 0.015919811320754717], ""dropout_2"": [0.22346698113207547, 0.12205188679245282, 0.11969339622641509, 0.09257075471698113, 0.10672169811320754, 0.11969339622641509, 0.07841981132075472, 0.13738207547169812], ""loss"": [0.05955188679245283, 0.16568396226415094, 0.05955188679245283, 0.09846698113207547, 0.14445754716981132, 0.13738207547169812, 0.20106132075471697, 0.1338443396226415], ""optimizer"": [0.06780660377358491, 0.15035377358490565, 0.10908018867924528, 0.12441037735849056, 0.17983490566037735, 0.14327830188679244, 0.11733490566037735, 0.10790094339622641]}",False,False,softsign,success
paper_conventional-main-ants20-iterations5-epochs5-seed-42,paper_conventional,paper_faithful,iteration_based_paper_interpretation,main,20,5,5,42,4,19,f05d4b99a6fdae4f,2048,128,0.6,0.1,128,gelu,nadam,categorical_hinge,,0.9035000205039978,0.9097499847412109,0.9035000205039978,0.4263462424278259,2,5,9.586367906000305,success,,nonstandard_loss_for_multiclass_sparse_labels,0.0010000000474974513,False,"{""activation"": [0.11733490566037735, 0.08195754716981132, 0.11733490566037735, 0.1786556603773585, 0.030070754716981132, 0.15035377358490565, 0.20224056603773585, 0.12205188679245282], ""batch_size"": [0.23879716981132076, 0.09846698113207547, 0.10318396226415094, 0.12794811320754718, 0.17747641509433962, 0.07016509433962265, 0.12441037735849056, 0.05955188679245283], ""dense_units_1"": [0.07370283018867925, 0.17983490566037735, 0.14681603773584906, 0.07606132075471699, 0.10790094339622641, 0.08549528301886793, 0.19988207547169812, 0.1303066037735849], ""dense_units_2"": [0.06544811320754718, 0.14681603773584906, 0.05601415094339623, 0.1715801886792453, 0.1786556603773585, 0.17393867924528303, 0.12558962264150944, 0.08195754716981132], ""dropout_1"": [0.19516509433962265, 0.2623820754716981, 0.07016509433962265, 0.061910377358490566, 0.12558962264150944, 0.13502358490566038, 0.1338443396226415, 0.015919811320754717], ""dropout_2"": [0.22346698113207547, 0.12205188679245282, 0.11969339622641509, 0.09257075471698113, 0.10672169811320754, 0.11969339622641509, 0.07841981132075472, 0.13738207547169812], ""loss"": [0.05955188679245283, 0.16568396226415094, 0.05955188679245283, 0.09846698113207547, 0.14445754716981132, 0.13738207547169812, 0.20106132075471697, 0.1338443396226415], ""optimizer"": [0.06780660377358491, 0.15035377358490565, 0.10908018867924528, 0.12441037735849056, 0.17983490566037735, 0.14327830188679244, 0.11733490566037735, 0.10790094339622641]}",False,False,gelu,success
paper_conventional-main-ants20-iterations5-epochs5-seed-42,paper_conventional,paper_faithful,iteration_based_paper_interpretation,main,20,5,5,42,4,20,b198b8461a401848,16,128,0.1,0.1,256,gelu,adamax,categorical_hinge,,0.8414999842643738,0.8307499885559082,0.8414999842643738,0.8738129734992981,5,5,4.533612764999816,success,,nonstandard_loss_for_multiclass_sparse_labels,0.0010000000474974513,False,"{""activation"": [0.11733490566037735, 0.08195754716981132, 0.11733490566037735, 0.1786556603773585, 0.030070754716981132, 0.15035377358490565, 0.20224056603773585, 0.12205188679245282], ""batch_size"": [0.23879716981132076, 0.09846698113207547, 0.10318396226415094, 0.12794811320754718, 0.17747641509433962, 0.07016509433962265, 0.12441037735849056, 0.05955188679245283], ""dense_units_1"": [0.07370283018867925, 0.17983490566037735, 0.14681603773584906, 0.07606132075471699, 0.10790094339622641, 0.08549528301886793, 0.19988207547169812, 0.1303066037735849], ""dense_units_2"": [0.06544811320754718, 0.14681603773584906, 0.05601415094339623, 0.1715801886792453, 0.1786556603773585, 0.17393867924528303, 0.12558962264150944, 0.08195754716981132], ""dropout_1"": [0.19516509433962265, 0.2623820754716981, 0.07016509433962265, 0.061910377358490566, 0.12558962264150944, 0.13502358490566038, 0.1338443396226415, 0.015919811320754717], ""dropout_2"": [0.22346698113207547, 0.12205188679245282, 0.11969339622641509, 0.09257075471698113, 0.10672169811320754, 0.11969339622641509, 0.07841981132075472, 0.13738207547169812], ""loss"": [0.05955188679245283, 0.16568396226415094, 0.05955188679245283, 0.09846698113207547, 0.14445754716981132, 0.13738207547169812, 0.20106132075471697, 0.1338443396226415], ""optimizer"": [0.06780660377358491, 0.15035377358490565, 0.10908018867924528, 0.12441037735849056, 0.17983490566037735, 0.14327830188679244, 0.11733490566037735, 0.10790094339622641]}",False,False,gelu,success
paper_conventional-main-ants20-iterations5-epochs5-seed-42,paper_conventional,paper_faithful,iteration_based_paper_interpretation,main,20,5,5,42,5,1,27fda4066b83d93a,1024,512,0.1,0.2,256,gelu,adam,mean_squared_error,,0.9679999947547913,0.9835000038146973,0.9679999947547913,0.05189826339483261,5,5,4.910246483000265,success,,nonstandard_loss_for_multiclass_sparse_labels,0.0010000000474974513,False,"{""activation"": [0.11153242677824268, 0.05452405857740586, 0.09479602510460251, 0.2025366108786611, 0.02000523012552301, 0.1837081589958159, 0.21822698744769875, 0.11467050209205021], ""batch_size"": [0.20907426778242677, 0.09898012552301255, 0.08538179916317992, 0.15206589958158995, 0.2017520920502092, 0.08015167364016737, 0.08276673640167365, 0.08982740585774059], ""dense_units_1"": [0.08250523012552301, 0.16984832635983263, 0.13114539748953974, 0.08407426778242678, 0.13872907949790794, 0.056877615062761504, 0.19992154811715482, 0.13689853556485357], ""dense_units_2"": [0.0435407949790795, 0.11440899581589958, 0.07073744769874477, 0.21456589958158995, 0.21927301255230125, 0.16592573221757323, 0.11702405857740586, 0.05452405857740586], ""dropout_1"": [0.2469926778242678, 0.2582374476987448, 0.04667887029288703, 0.07466004184100418, 0.11702405857740586, 0.12330020920502092, 0.12251569037656904, 0.010591004184100418], ""dropout_2"": [0.23234832635983263, 0.1648797071129707, 0.0796286610878661, 0.07832112970711297, 0.13794456066945607, 0.11310146443514645, 0.10237970711297072, 0.09139644351464435], ""loss"": [0.056354602510460254, 0.16043410041841005, 0.056354602510460254, 0.06550732217573221, 0.19652196652719664, 0.12486924686192469, 0.21744246861924685, 0.12251569037656904], ""optimizer"": [0.0785826359832636, 0.1334989539748954, 0.08930439330543934, 0.08276673640167365, 0.16984832635983263, 0.1287918410041841, 0.14500523012552302, 0.17220188284518828]}",False,False,gelu,success
paper_conventional-main-ants20-iterations5-epochs5-seed-42,paper_conventional,paper_faithful,iteration_based_paper_interpretation,main,20,5,5,42,5,2,d9008628991caf09,1024,16,0.2,0.7,256,softplus,nadam,mean_squared_error,,0.8914999961853027,0.9522500038146973,0.8914999961853027,0.06770823150873184,4,5,5.542066890999195,success,,nonstandard_loss_for_multiclass_sparse_labels,0.0010000000474974513,False,"{""activation"": [0.11153242677824268, 0.05452405857740586, 0.09479602510460251, 0.2025366108786611, 0.02000523012552301, 0.1837081589958159, 0.21822698744769875, 0.11467050209205021], ""batch_size"": [0.20907426778242677, 0.09898012552301255, 0.08538179916317992, 0.15206589958158995, 0.2017520920502092, 0.08015167364016737, 0.08276673640167365, 0.08982740585774059], ""dense_units_1"": [0.08250523012552301, 0.16984832635983263, 0.13114539748953974, 0.08407426778242678, 0.13872907949790794, 0.056877615062761504, 0.19992154811715482, 0.13689853556485357], ""dense_units_2"": [0.0435407949790795, 0.11440899581589958, 0.07073744769874477, 0.21456589958158995, 0.21927301255230125, 0.16592573221757323, 0.11702405857740586, 0.05452405857740586], ""dropout_1"": [0.2469926778242678, 0.2582374476987448, 0.04667887029288703, 0.07466004184100418, 0.11702405857740586, 0.12330020920502092, 0.12251569037656904, 0.010591004184100418], ""dropout_2"": [0.23234832635983263, 0.1648797071129707, 0.0796286610878661, 0.07832112970711297, 0.13794456066945607, 0.11310146443514645, 0.10237970711297072, 0.09139644351464435], ""loss"": [0.056354602510460254, 0.16043410041841005, 0.056354602510460254, 0.06550732217573221, 0.19652196652719664, 0.12486924686192469, 0.21744246861924685, 0.12251569037656904], ""optimizer"": [0.0785826359832636, 0.1334989539748954, 0.08930439330543934, 0.08276673640167365, 0.16984832635983263, 0.1287918410041841, 0.14500523012552302, 0.17220188284518828]}",False,False,softplus,success
paper_conventional-main-ants20-iterations5-epochs5-seed-42,paper_conventional,paper_faithful,iteration_based_paper_interpretation,main,20,5,5,42,5,3,aa850543c50a6209,1024,128,0.4,0.2,32,linear,rmsprop,categorical_crossentropy,,0.9660000205039978,0.9545000195503235,0.9660000205039978,0.12658436596393585,5,5,13.299103050000667,success,,nonstandard_loss_for_multiclass_sparse_labels,0.0010000000474974513,False,"{""activation"": [0.11153242677824268, 0.05452405857740586, 0.09479602510460251, 0.2025366108786611, 0.02000523012552301, 0.1837081589958159, 0.21822698744769875, 0.11467050209205021], ""batch_size"": [0.20907426778242677, 0.09898012552301255, 0.08538179916317992, 0.15206589958158995, 0.2017520920502092, 0.08015167364016737, 0.08276673640167365, 0.08982740585774059], ""dense_units_1"": [0.08250523012552301, 0.16984832635983263, 0.13114539748953974, 0.08407426778242678, 0.13872907949790794, 0.056877615062761504, 0.19992154811715482, 0.13689853556485357], ""dense_units_2"": [0.0435407949790795, 0.11440899581589958, 0.07073744769874477, 0.21456589958158995, 0.21927301255230125, 0.16592573221757323, 0.11702405857740586, 0.05452405857740586], ""dropout_1"": [0.2469926778242678, 0.2582374476987448, 0.04667887029288703, 0.07466004184100418, 0.11702405857740586, 0.12330020920502092, 0.12251569037656904, 0.010591004184100418], ""dropout_2"": [0.23234832635983263, 0.1648797071129707, 0.0796286610878661, 0.07832112970711297, 0.13794456066945607, 0.11310146443514645, 0.10237970711297072, 0.09139644351464435], ""loss"": [0.056354602510460254, 0.16043410041841005, 0.056354602510460254, 0.06550732217573221, 0.19652196652719664, 0.12486924686192469, 0.21744246861924685, 0.12251569037656904], ""optimizer"": [0.0785826359832636, 0.1334989539748954, 0.08930439330543934, 0.08276673640167365, 0.16984832635983263, 0.1287918410041841, 0.14500523012552302, 0.17220188284518828]}",False,False,linier,success
paper_conventional-main-ants20-iterations5-epochs5-seed-42,paper_conventional,paper_faithful,iteration_based_paper_interpretation,main,20,5,5,42,5,4,6a2a17026ce199cf,64,512,0.6,0.8,32,softsign,rmsprop,squared_hinge,,0.9394999742507935,0.874875009059906,0.9394999742507935,0.9234138131141663,5,5,15.15205952999986,success,,nonstandard_loss_for_multiclass_sparse_labels,0.0010000000474974513,False,"{""activation"": [0.11153242677824268, 0.05452405857740586, 0.09479602510460251, 0.2025366108786611, 0.02000523012552301, 0.1837081589958159, 0.21822698744769875, 0.11467050209205021], ""batch_size"": [0.20907426778242677, 0.09898012552301255, 0.08538179916317992, 0.15206589958158995, 0.2017520920502092, 0.08015167364016737, 0.08276673640167365, 0.08982740585774059], ""dense_units_1"": [0.08250523012552301, 0.16984832635983263, 0.13114539748953974, 0.08407426778242678, 0.13872907949790794, 0.056877615062761504, 0.19992154811715482, 0.13689853556485357], ""dense_units_2"": [0.0435407949790795, 0.11440899581589958, 0.07073744769874477, 0.21456589958158995, 0.21927301255230125, 0.16592573221757323, 0.11702405857740586, 0.05452405857740586], ""dropout_1"": [0.2469926778242678, 0.2582374476987448, 0.04667887029288703, 0.07466004184100418, 0.11702405857740586, 0.12330020920502092, 0.12251569037656904, 0.010591004184100418], ""dropout_2"": [0.23234832635983263, 0.1648797071129707, 0.0796286610878661, 0.07832112970711297, 0.13794456066945607, 0.11310146443514645, 0.10237970711297072, 0.09139644351464435], ""loss"": [0.056354602510460254, 0.16043410041841005, 0.056354602510460254, 0.06550732217573221, 0.19652196652719664, 0.12486924686192469, 0.21744246861924685, 0.12251569037656904], ""optimizer"": [0.0785826359832636, 0.1334989539748954, 0.08930439330543934, 0.08276673640167365, 0.16984832635983263, 0.1287918410041841, 0.14500523012552302, 0.17220188284518828]}",False,False,softsign,success
paper_conventional-main-ants20-iterations5-epochs5-seed-42,paper_conventional,paper_faithful,iteration_based_paper_interpretation,main,20,5,5,42,5,5,e374553cddb83413,2048,512,0.4,0.2,2048,selu,rmsprop,mean_squared_error,,0.40049999952316284,0.8963750004768372,0.40049999952316284,0.07188338041305542,4,5,3.918967198000246,success,,nonstandard_loss_for_multiclass_sparse_labels,0.0010000000474974513,False,"{""activation"": [0.11153242677824268, 0.05452405857740586, 0.09479602510460251, 0.2025366108786611, 0.02000523012552301, 0.1837081589958159, 0.21822698744769875, 0.11467050209205021], ""batch_size"": [0.20907426778242677, 0.09898012552301255, 0.08538179916317992, 0.15206589958158995, 0.2017520920502092, 0.08015167364016737, 0.08276673640167365, 0.08982740585774059], ""dense_units_1"": [0.08250523012552301, 0.16984832635983263, 0.13114539748953974, 0.08407426778242678, 0.13872907949790794, 0.056877615062761504, 0.19992154811715482, 0.13689853556485357], ""dense_units_2"": [0.0435407949790795, 0.11440899581589958, 0.07073744769874477, 0.21456589958158995, 0.21927301255230125, 0.16592573221757323, 0.11702405857740586, 0.05452405857740586], ""dropout_1"": [0.2469926778242678, 0.2582374476987448, 0.04667887029288703, 0.07466004184100418, 0.11702405857740586, 0.12330020920502092, 0.12251569037656904, 0.010591004184100418], ""dropout_2"": [0.23234832635983263, 0.1648797071129707, 0.0796286610878661, 0.07832112970711297, 0.13794456066945607, 0.11310146443514645, 0.10237970711297072, 0.09139644351464435], ""loss"": [0.056354602510460254, 0.16043410041841005, 0.056354602510460254, 0.06550732217573221, 0.19652196652719664, 0.12486924686192469, 0.21744246861924685, 0.12251569037656904], ""optimizer"": [0.0785826359832636, 0.1334989539748954, 0.08930439330543934, 0.08276673640167365, 0.16984832635983263, 0.1287918410041841, 0.14500523012552302, 0.17220188284518828]}",False,False,selu,success
paper_conventional-main-ants20-iterations5-epochs5-seed-42,paper_conventional,paper_faithful,iteration_based_paper_interpretation,main,20,5,5,42,5,6,6f0b9b4efa236bf7,16,64,0.1,0.3,256,softsign,adagrad,cosine_similarity,,0.47600001096725464,0.37587499618530273,0.47600001096725464,-0.34997087717056274,5,5,3.7092087110004286,success,,nonstandard_loss_for_multiclass_sparse_labels,0.0010000000474974513,False,"{""activation"": [0.11153242677824268, 0.05452405857740586, 0.09479602510460251, 0.2025366108786611, 0.02000523012552301, 0.1837081589958159, 0.21822698744769875, 0.11467050209205021], ""batch_size"": [0.20907426778242677, 0.09898012552301255, 0.08538179916317992, 0.15206589958158995, 0.2017520920502092, 0.08015167364016737, 0.08276673640167365, 0.08982740585774059], ""dense_units_1"": [0.08250523012552301, 0.16984832635983263, 0.13114539748953974, 0.08407426778242678, 0.13872907949790794, 0.056877615062761504, 0.19992154811715482, 0.13689853556485357], ""dense_units_2"": [0.0435407949790795, 0.11440899581589958, 0.07073744769874477, 0.21456589958158995, 0.21927301255230125, 0.16592573221757323, 0.11702405857740586, 0.05452405857740586], ""dropout_1"": [0.2469926778242678, 0.2582374476987448, 0.04667887029288703, 0.07466004184100418, 0.11702405857740586, 0.12330020920502092, 0.12251569037656904, 0.010591004184100418], ""dropout_2"": [0.23234832635983263, 0.1648797071129707, 0.0796286610878661, 0.07832112970711297, 0.13794456066945607, 0.11310146443514645, 0.10237970711297072, 0.09139644351464435], ""loss"": [0.056354602510460254, 0.16043410041841005, 0.056354602510460254, 0.06550732217573221, 0.19652196652719664, 0.12486924686192469, 0.21744246861924685, 0.12251569037656904], ""optimizer"": [0.0785826359832636, 0.1334989539748954, 0.08930439330543934, 0.08276673640167365, 0.16984832635983263, 0.1287918410041841, 0.14500523012552302, 0.17220188284518828]}",False,False,softsign,success
paper_conventional-main-ants20-iterations5-epochs5-seed-42,paper_conventional,paper_faithful,iteration_based_paper_interpretation,main,20,5,5,42,5,7,b3a349bf0c794f52,1024,256,0.2,0.7,32,softsign,nadam,mean_squared_error,,0.9854999780654907,0.9754999876022339,0.9854999780654907,0.002471074229106307,5,5,21.71433930100011,success,,nonstandard_loss_for_multiclass_sparse_labels,0.0010000000474974513,False,"{""activation"": [0.11153242677824268, 0.05452405857740586, 0.09479602510460251, 0.2025366108786611, 0.02000523012552301, 0.1837081589958159, 0.21822698744769875, 0.11467050209205021], ""batch_size"": [0.20907426778242677, 0.09898012552301255, 0.08538179916317992, 0.15206589958158995, 0.2017520920502092, 0.08015167364016737, 0.08276673640167365, 0.08982740585774059], ""dense_units_1"": [0.08250523012552301, 0.16984832635983263, 0.13114539748953974, 0.08407426778242678, 0.13872907949790794, 0.056877615062761504, 0.19992154811715482, 0.13689853556485357], ""dense_units_2"": [0.0435407949790795, 0.11440899581589958, 0.07073744769874477, 0.21456589958158995, 0.21927301255230125, 0.16592573221757323, 0.11702405857740586, 0.05452405857740586], ""dropout_1"": [0.2469926778242678, 0.2582374476987448, 0.04667887029288703, 0.07466004184100418, 0.11702405857740586, 0.12330020920502092, 0.12251569037656904, 0.010591004184100418], ""dropout_2"": [0.23234832635983263, 0.1648797071129707, 0.0796286610878661, 0.07832112970711297, 0.13794456066945607, 0.11310146443514645, 0.10237970711297072, 0.09139644351464435], ""loss"": [0.056354602510460254, 0.16043410041841005, 0.056354602510460254, 0.06550732217573221, 0.19652196652719664, 0.12486924686192469, 0.21744246861924685, 0.12251569037656904], ""optimizer"": [0.0785826359832636, 0.1334989539748954, 0.08930439330543934, 0.08276673640167365, 0.16984832635983263, 0.1287918410041841, 0.14500523012552302, 0.17220188284518828]}",True,True,softsign,success
paper_conventional-main-ants20-iterations5-epochs5-seed-42,paper_conventional,paper_faithful,iteration_based_paper_interpretation,main,20,5,5,42,5,8,aacf3e37609c40bc,1024,256,0.5,0.2,32,softsign,rmsprop,categorical_hinge,,0.9775000214576721,0.9700000286102295,0.9775000214576721,0.0496671125292778,5,5,14.019385634000173,success,,nonstandard_loss_for_multiclass_sparse_labels,0.0010000000474974513,False,"{""activation"": [0.11153242677824268, 0.05452405857740586, 0.09479602510460251, 0.2025366108786611, 0.02000523012552301, 0.1837081589958159, 0.21822698744769875, 0.11467050209205021], ""batch_size"": [0.20907426778242677, 0.09898012552301255, 0.08538179916317992, 0.15206589958158995, 0.2017520920502092, 0.08015167364016737, 0.08276673640167365, 0.08982740585774059], ""dense_units_1"": [0.08250523012552301, 0.16984832635983263, 0.13114539748953974, 0.08407426778242678, 0.13872907949790794, 0.056877615062761504, 0.19992154811715482, 0.13689853556485357], ""dense_units_2"": [0.0435407949790795, 0.11440899581589958, 0.07073744769874477, 0.21456589958158995, 0.21927301255230125, 0.16592573221757323, 0.11702405857740586, 0.05452405857740586], ""dropout_1"": [0.2469926778242678, 0.2582374476987448, 0.04667887029288703, 0.07466004184100418, 0.11702405857740586, 0.12330020920502092, 0.12251569037656904, 0.010591004184100418], ""dropout_2"": [0.23234832635983263, 0.1648797071129707, 0.0796286610878661, 0.07832112970711297, 0.13794456066945607, 0.11310146443514645, 0.10237970711297072, 0.09139644351464435], ""loss"": [0.056354602510460254, 0.16043410041841005, 0.056354602510460254, 0.06550732217573221, 0.19652196652719664, 0.12486924686192469, 0.21744246861924685, 0.12251569037656904], ""optimizer"": [0.0785826359832636, 0.1334989539748954, 0.08930439330543934, 0.08276673640167365, 0.16984832635983263, 0.1287918410041841, 0.14500523012552302, 0.17220188284518828]}",False,False,softsign,success
paper_conventional-main-ants20-iterations5-epochs5-seed-42,paper_conventional,paper_faithful,iteration_based_paper_interpretation,main,20,5,5,42,5,9,d265b4625ccfeafc,64,256,0.6,0.6,128,tanh,nadam,categorical_hinge,,0.9135000109672546,0.8637499809265137,0.9135000109672546,0.33132314682006836,2,5,7.634657077000156,success,,nonstandard_loss_for_multiclass_sparse_labels,0.0010000000474974513,False,"{""activation"": [0.11153242677824268, 0.05452405857740586, 0.09479602510460251, 0.2025366108786611, 0.02000523012552301, 0.1837081589958159, 0.21822698744769875, 0.11467050209205021], ""batch_size"": [0.20907426778242677, 0.09898012552301255, 0.08538179916317992, 0.15206589958158995, 0.2017520920502092, 0.08015167364016737, 0.08276673640167365, 0.08982740585774059], ""dense_units_1"": [0.08250523012552301, 0.16984832635983263, 0.13114539748953974, 0.08407426778242678, 0.13872907949790794, 0.056877615062761504, 0.19992154811715482, 0.13689853556485357], ""dense_units_2"": [0.0435407949790795, 0.11440899581589958, 0.07073744769874477, 0.21456589958158995, 0.21927301255230125, 0.16592573221757323, 0.11702405857740586, 0.05452405857740586], ""dropout_1"": [0.2469926778242678, 0.2582374476987448, 0.04667887029288703, 0.07466004184100418, 0.11702405857740586, 0.12330020920502092, 0.12251569037656904, 0.010591004184100418], ""dropout_2"": [0.23234832635983263, 0.1648797071129707, 0.0796286610878661, 0.07832112970711297, 0.13794456066945607, 0.11310146443514645, 0.10237970711297072, 0.09139644351464435], ""loss"": [0.056354602510460254, 0.16043410041841005, 0.056354602510460254, 0.06550732217573221, 0.19652196652719664, 0.12486924686192469, 0.21744246861924685, 0.12251569037656904], ""optimizer"": [0.0785826359832636, 0.1334989539748954, 0.08930439330543934, 0.08276673640167365, 0.16984832635983263, 0.1287918410041841, 0.14500523012552302, 0.17220188284518828]}",False,False,tanh,success
paper_conventional-main-ants20-iterations5-epochs5-seed-42,paper_conventional,paper_faithful,iteration_based_paper_interpretation,main,20,5,5,42,5,10,459d50dcb9b7cdf7,1024,1024,0.6,0.1,256,relu,adamax,cosine_similarity,,0.9375,0.9225000143051147,0.9375,-0.7520301938056946,3,5,4.676392475999819,success,,nonstandard_loss_for_multiclass_sparse_labels,0.0010000000474974513,False,"{""activation"": [0.11153242677824268, 0.05452405857740586, 0.09479602510460251, 0.2025366108786611, 0.02000523012552301, 0.1837081589958159, 0.21822698744769875, 0.11467050209205021], ""batch_size"": [0.20907426778242677, 0.09898012552301255, 0.08538179916317992, 0.15206589958158995, 0.2017520920502092, 0.08015167364016737, 0.08276673640167365, 0.08982740585774059], ""dense_units_1"": [0.08250523012552301, 0.16984832635983263, 0.13114539748953974, 0.08407426778242678, 0.13872907949790794, 0.056877615062761504, 0.19992154811715482, 0.13689853556485357], ""dense_units_2"": [0.0435407949790795, 0.11440899581589958, 0.07073744769874477, 0.21456589958158995, 0.21927301255230125, 0.16592573221757323, 0.11702405857740586, 0.05452405857740586], ""dropout_1"": [0.2469926778242678, 0.2582374476987448, 0.04667887029288703, 0.07466004184100418, 0.11702405857740586, 0.12330020920502092, 0.12251569037656904, 0.010591004184100418], ""dropout_2"": [0.23234832635983263, 0.1648797071129707, 0.0796286610878661, 0.07832112970711297, 0.13794456066945607, 0.11310146443514645, 0.10237970711297072, 0.09139644351464435], ""loss"": [0.056354602510460254, 0.16043410041841005, 0.056354602510460254, 0.06550732217573221, 0.19652196652719664, 0.12486924686192469, 0.21744246861924685, 0.12251569037656904], ""optimizer"": [0.0785826359832636, 0.1334989539748954, 0.08930439330543934, 0.08276673640167365, 0.16984832635983263, 0.1287918410041841, 0.14500523012552302, 0.17220188284518828]}",False,False,relu,success
paper_conventional-main-ants20-iterations5-epochs5-seed-42,paper_conventional,paper_faithful,iteration_based_paper_interpretation,main,20,5,5,42,5,11,fc3d208536bb9836,256,128,0.1,0.8,16,relu,sgd,categorical_crossentropy,,0.9670000076293945,0.9126250147819519,0.9670000076293945,0.10787660628557205,5,5,22.19842787000016,success,,nonstandard_loss_for_multiclass_sparse_labels,0.009999999776482582,False,"{""activation"": [0.11153242677824268, 0.05452405857740586, 0.09479602510460251, 0.2025366108786611, 0.02000523012552301, 0.1837081589958159, 0.21822698744769875, 0.11467050209205021], ""batch_size"": [0.20907426778242677, 0.09898012552301255, 0.08538179916317992, 0.15206589958158995, 0.2017520920502092, 0.08015167364016737, 0.08276673640167365, 0.08982740585774059], ""dense_units_1"": [0.08250523012552301, 0.16984832635983263, 0.13114539748953974, 0.08407426778242678, 0.13872907949790794, 0.056877615062761504, 0.19992154811715482, 0.13689853556485357], ""dense_units_2"": [0.0435407949790795, 0.11440899581589958, 0.07073744769874477, 0.21456589958158995, 0.21927301255230125, 0.16592573221757323, 0.11702405857740586, 0.05452405857740586], ""dropout_1"": [0.2469926778242678, 0.2582374476987448, 0.04667887029288703, 0.07466004184100418, 0.11702405857740586, 0.12330020920502092, 0.12251569037656904, 0.010591004184100418], ""dropout_2"": [0.23234832635983263, 0.1648797071129707, 0.0796286610878661, 0.07832112970711297, 0.13794456066945607, 0.11310146443514645, 0.10237970711297072, 0.09139644351464435], ""loss"": [0.056354602510460254, 0.16043410041841005, 0.056354602510460254, 0.06550732217573221, 0.19652196652719664, 0.12486924686192469, 0.21744246861924685, 0.12251569037656904], ""optimizer"": [0.0785826359832636, 0.1334989539748954, 0.08930439330543934, 0.08276673640167365, 0.16984832635983263, 0.1287918410041841, 0.14500523012552302, 0.17220188284518828]}",False,False,relu,success
paper_conventional-main-ants20-iterations5-epochs5-seed-42,paper_conventional,paper_faithful,iteration_based_paper_interpretation,main,20,5,5,42,5,12,e836636217c03823,128,256,0.2,0.1,16,softsign,adam,categorical_hinge,,0.9775000214576721,0.9731249809265137,0.9775000214576721,0.05065947026014328,4,5,35.358072770000035,success,,nonstandard_loss_for_multiclass_sparse_labels,0.0010000000474974513,False,"{""activation"": [0.11153242677824268, 0.05452405857740586, 0.09479602510460251, 0.2025366108786611, 0.02000523012552301, 0.1837081589958159, 0.21822698744769875, 0.11467050209205021], ""batch_size"": [0.20907426778242677, 0.09898012552301255, 0.08538179916317992, 0.15206589958158995, 0.2017520920502092, 0.08015167364016737, 0.08276673640167365, 0.08982740585774059], ""dense_units_1"": [0.08250523012552301, 0.16984832635983263, 0.13114539748953974, 0.08407426778242678, 0.13872907949790794, 0.056877615062761504, 0.19992154811715482, 0.13689853556485357], ""dense_units_2"": [0.0435407949790795, 0.11440899581589958, 0.07073744769874477, 0.21456589958158995, 0.21927301255230125, 0.16592573221757323, 0.11702405857740586, 0.05452405857740586], ""dropout_1"": [0.2469926778242678, 0.2582374476987448, 0.04667887029288703, 0.07466004184100418, 0.11702405857740586, 0.12330020920502092, 0.12251569037656904, 0.010591004184100418], ""dropout_2"": [0.23234832635983263, 0.1648797071129707, 0.0796286610878661, 0.07832112970711297, 0.13794456066945607, 0.11310146443514645, 0.10237970711297072, 0.09139644351464435], ""loss"": [0.056354602510460254, 0.16043410041841005, 0.056354602510460254, 0.06550732217573221, 0.19652196652719664, 0.12486924686192469, 0.21744246861924685, 0.12251569037656904], ""optimizer"": [0.0785826359832636, 0.1334989539748954, 0.08930439330543934, 0.08276673640167365, 0.16984832635983263, 0.1287918410041841, 0.14500523012552302, 0.17220188284518828]}",False,False,softsign,success
paper_conventional-main-ants20-iterations5-epochs5-seed-42,paper_conventional,paper_faithful,iteration_based_paper_interpretation,main,20,5,5,42,5,13,d2387dd1e539c83b,32,128,0.2,0.3,16,sigmoid,nadam,sparse_categorical_crossentropy,,0.9760000109672546,0.9607499837875366,0.9760000109672546,0.08243653178215027,5,5,42.4838326149993,success,,,0.0010000000474974513,False,"{""activation"": [0.11153242677824268, 0.05452405857740586, 0.09479602510460251, 0.2025366108786611, 0.02000523012552301, 0.1837081589958159, 0.21822698744769875, 0.11467050209205021], ""batch_size"": [0.20907426778242677, 0.09898012552301255, 0.08538179916317992, 0.15206589958158995, 0.2017520920502092, 0.08015167364016737, 0.08276673640167365, 0.08982740585774059], ""dense_units_1"": [0.08250523012552301, 0.16984832635983263, 0.13114539748953974, 0.08407426778242678, 0.13872907949790794, 0.056877615062761504, 0.19992154811715482, 0.13689853556485357], ""dense_units_2"": [0.0435407949790795, 0.11440899581589958, 0.07073744769874477, 0.21456589958158995, 0.21927301255230125, 0.16592573221757323, 0.11702405857740586, 0.05452405857740586], ""dropout_1"": [0.2469926778242678, 0.2582374476987448, 0.04667887029288703, 0.07466004184100418, 0.11702405857740586, 0.12330020920502092, 0.12251569037656904, 0.010591004184100418], ""dropout_2"": [0.23234832635983263, 0.1648797071129707, 0.0796286610878661, 0.07832112970711297, 0.13794456066945607, 0.11310146443514645, 0.10237970711297072, 0.09139644351464435], ""loss"": [0.056354602510460254, 0.16043410041841005, 0.056354602510460254, 0.06550732217573221, 0.19652196652719664, 0.12486924686192469, 0.21744246861924685, 0.12251569037656904], ""optimizer"": [0.0785826359832636, 0.1334989539748954, 0.08930439330543934, 0.08276673640167365, 0.16984832635983263, 0.1287918410041841, 0.14500523012552302, 0.17220188284518828]}",False,False,sigmoid,success
paper_conventional-main-ants20-iterations5-epochs5-seed-42,paper_conventional,paper_faithful,iteration_based_paper_interpretation,main,20,5,5,42,5,14,b6a627c42a93a28e,256,256,0.2,0.3,512,gelu,sgd,mean_absolute_error,,0.13699999451637268,0.13512499630451202,0.13699999451637268,0.17989632487297058,5,5,3.1857653899996876,success,,nonstandard_loss_for_multiclass_sparse_labels,0.009999999776482582,False,"{""activation"": [0.11153242677824268, 0.05452405857740586, 0.09479602510460251, 0.2025366108786611, 0.02000523012552301, 0.1837081589958159, 0.21822698744769875, 0.11467050209205021], ""batch_size"": [0.20907426778242677, 0.09898012552301255, 0.08538179916317992, 0.15206589958158995, 0.2017520920502092, 0.08015167364016737, 0.08276673640167365, 0.08982740585774059], ""dense_units_1"": [0.08250523012552301, 0.16984832635983263, 0.13114539748953974, 0.08407426778242678, 0.13872907949790794, 0.056877615062761504, 0.19992154811715482, 0.13689853556485357], ""dense_units_2"": [0.0435407949790795, 0.11440899581589958, 0.07073744769874477, 0.21456589958158995, 0.21927301255230125, 0.16592573221757323, 0.11702405857740586, 0.05452405857740586], ""dropout_1"": [0.2469926778242678, 0.2582374476987448, 0.04667887029288703, 0.07466004184100418, 0.11702405857740586, 0.12330020920502092, 0.12251569037656904, 0.010591004184100418], ""dropout_2"": [0.23234832635983263, 0.1648797071129707, 0.0796286610878661, 0.07832112970711297, 0.13794456066945607, 0.11310146443514645, 0.10237970711297072, 0.09139644351464435], ""loss"": [0.056354602510460254, 0.16043410041841005, 0.056354602510460254, 0.06550732217573221, 0.19652196652719664, 0.12486924686192469, 0.21744246861924685, 0.12251569037656904], ""optimizer"": [0.0785826359832636, 0.1334989539748954, 0.08930439330543934, 0.08276673640167365, 0.16984832635983263, 0.1287918410041841, 0.14500523012552302, 0.17220188284518828]}",False,False,gelu,success
paper_conventional-main-ants20-iterations5-epochs5-seed-42,paper_conventional,paper_faithful,iteration_based_paper_interpretation,main,20,5,5,42,5,15,22ae7905deb787f2,32,256,0.5,0.1,64,linear,adam,mean_squared_error,,0.9624999761581421,0.9610000252723694,0.9624999761581421,0.006363508757203817,5,5,9.293887922000067,success,,nonstandard_loss_for_multiclass_sparse_labels,0.0010000000474974513,False,"{""activation"": [0.11153242677824268, 0.05452405857740586, 0.09479602510460251, 0.2025366108786611, 0.02000523012552301, 0.1837081589958159, 0.21822698744769875, 0.11467050209205021], ""batch_size"": [0.20907426778242677, 0.09898012552301255, 0.08538179916317992, 0.15206589958158995, 0.2017520920502092, 0.08015167364016737, 0.08276673640167365, 0.08982740585774059], ""dense_units_1"": [0.08250523012552301, 0.16984832635983263, 0.13114539748953974, 0.08407426778242678, 0.13872907949790794, 0.056877615062761504, 0.19992154811715482, 0.13689853556485357], ""dense_units_2"": [0.0435407949790795, 0.11440899581589958, 0.07073744769874477, 0.21456589958158995, 0.21927301255230125, 0.16592573221757323, 0.11702405857740586, 0.05452405857740586], ""dropout_1"": [0.2469926778242678, 0.2582374476987448, 0.04667887029288703, 0.07466004184100418, 0.11702405857740586, 0.12330020920502092, 0.12251569037656904, 0.010591004184100418], ""dropout_2"": [0.23234832635983263, 0.1648797071129707, 0.0796286610878661, 0.07832112970711297, 0.13794456066945607, 0.11310146443514645, 0.10237970711297072, 0.09139644351464435], ""loss"": [0.056354602510460254, 0.16043410041841005, 0.056354602510460254, 0.06550732217573221, 0.19652196652719664, 0.12486924686192469, 0.21744246861924685, 0.12251569037656904], ""optimizer"": [0.0785826359832636, 0.1334989539748954, 0.08930439330543934, 0.08276673640167365, 0.16984832635983263, 0.1287918410041841, 0.14500523012552302, 0.17220188284518828]}",False,False,linier,success
paper_conventional-main-ants20-iterations5-epochs5-seed-42,paper_conventional,paper_faithful,iteration_based_paper_interpretation,main,20,5,5,42,5,16,10d72c939bf4e457,1024,32,0.1,0.1,2048,relu,rmsprop,sparse_categorical_crossentropy,,0.4620000123977661,0.5702499747276306,0.4620000123977661,2.0134596824645996,1,5,3.5027926130005653,success,,,0.0010000000474974513,False,"{""activation"": [0.11153242677824268, 0.05452405857740586, 0.09479602510460251, 0.2025366108786611, 0.02000523012552301, 0.1837081589958159, 0.21822698744769875, 0.11467050209205021], ""batch_size"": [0.20907426778242677, 0.09898012552301255, 0.08538179916317992, 0.15206589958158995, 0.2017520920502092, 0.08015167364016737, 0.08276673640167365, 0.08982740585774059], ""dense_units_1"": [0.08250523012552301, 0.16984832635983263, 0.13114539748953974, 0.08407426778242678, 0.13872907949790794, 0.056877615062761504, 0.19992154811715482, 0.13689853556485357], ""dense_units_2"": [0.0435407949790795, 0.11440899581589958, 0.07073744769874477, 0.21456589958158995, 0.21927301255230125, 0.16592573221757323, 0.11702405857740586, 0.05452405857740586], ""dropout_1"": [0.2469926778242678, 0.2582374476987448, 0.04667887029288703, 0.07466004184100418, 0.11702405857740586, 0.12330020920502092, 0.12251569037656904, 0.010591004184100418], ""dropout_2"": [0.23234832635983263, 0.1648797071129707, 0.0796286610878661, 0.07832112970711297, 0.13794456066945607, 0.11310146443514645, 0.10237970711297072, 0.09139644351464435], ""loss"": [0.056354602510460254, 0.16043410041841005, 0.056354602510460254, 0.06550732217573221, 0.19652196652719664, 0.12486924686192469, 0.21744246861924685, 0.12251569037656904], ""optimizer"": [0.0785826359832636, 0.1334989539748954, 0.08930439330543934, 0.08276673640167365, 0.16984832635983263, 0.1287918410041841, 0.14500523012552302, 0.17220188284518828]}",False,False,relu,success
paper_conventional-main-ants20-iterations5-epochs5-seed-42,paper_conventional,paper_faithful,iteration_based_paper_interpretation,main,20,5,5,42,5,17,27137490ff1cdd33,32,256,0.1,0.5,256,gelu,adam,categorical_hinge,,0.6184999942779541,0.5712500214576721,0.6184999942779541,0.9834674596786499,1,5,4.598471789000541,success,,nonstandard_loss_for_multiclass_sparse_labels,0.0010000000474974513,False,"{""activation"": [0.11153242677824268, 0.05452405857740586, 0.09479602510460251, 0.2025366108786611, 0.02000523012552301, 0.1837081589958159, 0.21822698744769875, 0.11467050209205021], ""batch_size"": [0.20907426778242677, 0.09898012552301255, 0.08538179916317992, 0.15206589958158995, 0.2017520920502092, 0.08015167364016737, 0.08276673640167365, 0.08982740585774059], ""dense_units_1"": [0.08250523012552301, 0.16984832635983263, 0.13114539748953974, 0.08407426778242678, 0.13872907949790794, 0.056877615062761504, 0.19992154811715482, 0.13689853556485357], ""dense_units_2"": [0.0435407949790795, 0.11440899581589958, 0.07073744769874477, 0.21456589958158995, 0.21927301255230125, 0.16592573221757323, 0.11702405857740586, 0.05452405857740586], ""dropout_1"": [0.2469926778242678, 0.2582374476987448, 0.04667887029288703, 0.07466004184100418, 0.11702405857740586, 0.12330020920502092, 0.12251569037656904, 0.010591004184100418], ""dropout_2"": [0.23234832635983263, 0.1648797071129707, 0.0796286610878661, 0.07832112970711297, 0.13794456066945607, 0.11310146443514645, 0.10237970711297072, 0.09139644351464435], ""loss"": [0.056354602510460254, 0.16043410041841005, 0.056354602510460254, 0.06550732217573221, 0.19652196652719664, 0.12486924686192469, 0.21744246861924685, 0.12251569037656904], ""optimizer"": [0.0785826359832636, 0.1334989539748954, 0.08930439330543934, 0.08276673640167365, 0.16984832635983263, 0.1287918410041841, 0.14500523012552302, 0.17220188284518828]}",False,False,gelu,success
paper_conventional-main-ants20-iterations5-epochs5-seed-42,paper_conventional,paper_faithful,iteration_based_paper_interpretation,main,20,5,5,42,5,18,8636275d213920e0,512,64,0.6,0.7,32,linear,adagrad,squared_hinge,,0.32100000977516174,0.5088750123977661,0.32100000977516174,1.143843412399292,5,5,14.074050150999938,success,,nonstandard_loss_for_multiclass_sparse_labels,0.0010000000474974513,False,"{""activation"": [0.11153242677824268, 0.05452405857740586, 0.09479602510460251, 0.2025366108786611, 0.02000523012552301, 0.1837081589958159, 0.21822698744769875, 0.11467050209205021], ""batch_size"": [0.20907426778242677, 0.09898012552301255, 0.08538179916317992, 0.15206589958158995, 0.2017520920502092, 0.08015167364016737, 0.08276673640167365, 0.08982740585774059], ""dense_units_1"": [0.08250523012552301, 0.16984832635983263, 0.13114539748953974, 0.08407426778242678, 0.13872907949790794, 0.056877615062761504, 0.19992154811715482, 0.13689853556485357], ""dense_units_2"": [0.0435407949790795, 0.11440899581589958, 0.07073744769874477, 0.21456589958158995, 0.21927301255230125, 0.16592573221757323, 0.11702405857740586, 0.05452405857740586], ""dropout_1"": [0.2469926778242678, 0.2582374476987448, 0.04667887029288703, 0.07466004184100418, 0.11702405857740586, 0.12330020920502092, 0.12251569037656904, 0.010591004184100418], ""dropout_2"": [0.23234832635983263, 0.1648797071129707, 0.0796286610878661, 0.07832112970711297, 0.13794456066945607, 0.11310146443514645, 0.10237970711297072, 0.09139644351464435], ""loss"": [0.056354602510460254, 0.16043410041841005, 0.056354602510460254, 0.06550732217573221, 0.19652196652719664, 0.12486924686192469, 0.21744246861924685, 0.12251569037656904], ""optimizer"": [0.0785826359832636, 0.1334989539748954, 0.08930439330543934, 0.08276673640167365, 0.16984832635983263, 0.1287918410041841, 0.14500523012552302, 0.17220188284518828]}",False,False,linier,success
paper_conventional-main-ants20-iterations5-epochs5-seed-42,paper_conventional,paper_faithful,iteration_based_paper_interpretation,main,20,5,5,42,5,19,5e77c84bd1fe21e5,2048,128,0.6,0.2,512,selu,sgd,mean_squared_error,,0.4429999887943268,0.31825000047683716,0.4429999887943268,0.08580107241868973,5,5,3.7374775759999466,success,,nonstandard_loss_for_multiclass_sparse_labels,0.009999999776482582,False,"{""activation"": [0.11153242677824268, 0.05452405857740586, 0.09479602510460251, 0.2025366108786611, 0.02000523012552301, 0.1837081589958159, 0.21822698744769875, 0.11467050209205021], ""batch_size"": [0.20907426778242677, 0.09898012552301255, 0.08538179916317992, 0.15206589958158995, 0.2017520920502092, 0.08015167364016737, 0.08276673640167365, 0.08982740585774059], ""dense_units_1"": [0.08250523012552301, 0.16984832635983263, 0.13114539748953974, 0.08407426778242678, 0.13872907949790794, 0.056877615062761504, 0.19992154811715482, 0.13689853556485357], ""dense_units_2"": [0.0435407949790795, 0.11440899581589958, 0.07073744769874477, 0.21456589958158995, 0.21927301255230125, 0.16592573221757323, 0.11702405857740586, 0.05452405857740586], ""dropout_1"": [0.2469926778242678, 0.2582374476987448, 0.04667887029288703, 0.07466004184100418, 0.11702405857740586, 0.12330020920502092, 0.12251569037656904, 0.010591004184100418], ""dropout_2"": [0.23234832635983263, 0.1648797071129707, 0.0796286610878661, 0.07832112970711297, 0.13794456066945607, 0.11310146443514645, 0.10237970711297072, 0.09139644351464435], ""loss"": [0.056354602510460254, 0.16043410041841005, 0.056354602510460254, 0.06550732217573221, 0.19652196652719664, 0.12486924686192469, 0.21744246861924685, 0.12251569037656904], ""optimizer"": [0.0785826359832636, 0.1334989539748954, 0.08930439330543934, 0.08276673640167365, 0.16984832635983263, 0.1287918410041841, 0.14500523012552302, 0.17220188284518828]}",False,False,selu,success
paper_conventional-main-ants20-iterations5-epochs5-seed-42,paper_conventional,paper_faithful,iteration_based_paper_interpretation,main,20,5,5,42,5,20,7ca4d68251383de5,64,32,0.1,0.2,16,sigmoid,ftrl,categorical_hinge,,0.10000000149011612,0.10350000113248825,0.10000000149011612,1.0000438690185547,5,5,33.02726493499995,success,,nonstandard_loss_for_multiclass_sparse_labels,0.0010000000474974513,False,"{""activation"": [0.11153242677824268, 0.05452405857740586, 0.09479602510460251, 0.2025366108786611, 0.02000523012552301, 0.1837081589958159, 0.21822698744769875, 0.11467050209205021], ""batch_size"": [0.20907426778242677, 0.09898012552301255, 0.08538179916317992, 0.15206589958158995, 0.2017520920502092, 0.08015167364016737, 0.08276673640167365, 0.08982740585774059], ""dense_units_1"": [0.08250523012552301, 0.16984832635983263, 0.13114539748953974, 0.08407426778242678, 0.13872907949790794, 0.056877615062761504, 0.19992154811715482, 0.13689853556485357], ""dense_units_2"": [0.0435407949790795, 0.11440899581589958, 0.07073744769874477, 0.21456589958158995, 0.21927301255230125, 0.16592573221757323, 0.11702405857740586, 0.05452405857740586], ""dropout_1"": [0.2469926778242678, 0.2582374476987448, 0.04667887029288703, 0.07466004184100418, 0.11702405857740586, 0.12330020920502092, 0.12251569037656904, 0.010591004184100418], ""dropout_2"": [0.23234832635983263, 0.1648797071129707, 0.0796286610878661, 0.07832112970711297, 0.13794456066945607, 0.11310146443514645, 0.10237970711297072, 0.09139644351464435], ""loss"": [0.056354602510460254, 0.16043410041841005, 0.056354602510460254, 0.06550732217573221, 0.19652196652719664, 0.12486924686192469, 0.21744246861924685, 0.12251569037656904], ""optimizer"": [0.0785826359832636, 0.1334989539748954, 0.08930439330543934, 0.08276673640167365, 0.16984832635983263, 0.1287918410041841, 0.14500523012552302, 0.17220188284518828]}",False,False,sigmoid,success
