run_id,mode,family,mode_interpretation,budget,effective_ants,effective_iterations,effective_max_epochs,seed,iteration,ant_id,update_step,phase,hyperparameter,option_index,option_value,paper_label,pheromone,probability,run_status
paper_conventional-main-ants20-iterations5-epochs5-seed-42,paper_conventional,paper_faithful,iteration_based_paper_interpretation,main,20,5,5,42,1,,0,before_sampling,dense_units_1,0,16,16,1.0,0.125,success
paper_conventional-main-ants20-iterations5-epochs5-seed-42,paper_conventional,paper_faithful,iteration_based_paper_interpretation,main,20,5,5,42,1,,0,before_sampling,dense_units_1,1,32,32,1.0,0.125,success
paper_conventional-main-ants20-iterations5-epochs5-seed-42,paper_conventional,paper_faithful,iteration_based_paper_interpretation,main,20,5,5,42,1,,0,before_sampling,dense_units_1,2,64,64,1.0,0.125,success
paper_conventional-main-ants20-iterations5-epochs5-seed-42,paper_conventional,paper_faithful,iteration_based_paper_interpretation,main,20,5,5,42,1,,0,before_sampling,dense_units_1,3,128,128,1.0,0.125,success
paper_conventional-main-ants20-iterations5-epochs5-seed-42,paper_conventional,paper_faithful,iteration_based_paper_interpretation,main,20,5,5,42,1,,0,before_sampling,dense_units_1,4,256,256,1.0,0.125,success
paper_conventional-main-ants20-iterations5-epochs5-seed-42,paper_conventional,paper_faithful,iteration_based_paper_interpretation,main,20,5,5,42,1,,0,before_sampling,dense_units_1,5,512,512,1.0,0.125,success
paper_conventional-main-ants20-iterations5-epochs5-seed-42,paper_conventional,paper_faithful,iteration_based_paper_interpretation,main,20,5,5,42,1,,0,before_sampling,dense_units_1,6,1024,1024,1.0,0.125,success
paper_conventional-main-ants20-iterations5-epochs5-seed-42,paper_conventional,paper_faithful,iteration_based_paper_interpretation,main,20,5,5,42,1,,0,before_sampling,dense_units_1,7,2048,2048,1.0,0.125,success
paper_conventional-main-ants20-iterations5-epochs5-seed-42,paper_conventional,paper_faithful,iteration_based_paper_interpretation,main,20,5,5,42,1,,0,before_sampling,dense_units_2,0,16,16,1.0,0.125,success
paper_conventional-main-ants20-iterations5-epochs5-seed-42,paper_conventional,paper_faithful,iteration_based_paper_interpretation,main,20,5,5,42,1,,0,before_sampling,dense_units_2,1,32,32,1.0,0.125,success
paper_conventional-main-ants20-iterations5-epochs5-seed-42,paper_conventional,paper_faithful,iteration_based_paper_interpretation,main,20,5,5,42,1,,0,before_sampling,dense_units_2,2,64,64,1.0,0.125,success
paper_conventional-main-ants20-iterations5-epochs5-seed-42,paper_conventional,paper_faithful,iteration_based_paper_interpretation,main,20,5,5,42,1,,0,before_sampling,dense_units_2,3,128,128,1.0,0.125,success
paper_conventional-main-ants20-iterations5-epochs5-seed-42,paper_conventional,paper_faithful,iteration_based_paper_interpretation,main,20,5,5,42,1,,0,before_sampling,dense_units_2,4,256,256,1.0,0.125,success
paper_conventional-main-ants20-iterations5-epochs5-seed-42,paper_conventional,paper_faithful,iteration_based_paper_interpretation,main,20,5,5,42,1,,0,before_sampling,dense_units_2,5,512,512,1.0,0.125,success
paper_conventional-main-ants20-iterations5-epochs5-seed-42,paper_conventional,paper_faithful,iteration_based_paper_interpretation,main,20,5,5,42,1,,0,before_sampling,dense_units_2,6,1024,1024,1.0,0.125,success
paper_conventional-main-ants20-iterations5-epochs5-seed-42,paper_conventional,paper_faithful,iteration_based_paper_interpretation,main,20,5,5,42,1,,0,before_sampling,dense_units_2,7,2048,2048,1.0,0.125,success
paper_conventional-main-ants20-iterations5-epochs5-seed-42,paper_conventional,paper_faithful,iteration_based_paper_interpretation,main,20,5,5,42,1,,0,before_sampling,dropout_1,0,0.1,0.1,1.0,0.125,success
paper_conventional-main-ants20-iterations5-epochs5-seed-42,paper_conventional,paper_faithful,iteration_based_paper_interpretation,main,20,5,5,42,1,,0,before_sampling,dropout_1,1,0.2,0.2,1.0,0.125,success
paper_conventional-main-ants20-iterations5-epochs5-seed-42,paper_conventional,paper_faithful,iteration_based_paper_interpretation,main,20,5,5,42,1,,0,before_sampling,dropout_1,2,0.3,0.3,1.0,0.125,success
paper_conventional-main-ants20-iterations5-epochs5-seed-42,paper_conventional,paper_faithful,iteration_based_paper_interpretation,main,20,5,5,42,1,,0,before_sampling,dropout_1,3,0.4,0.4,1.0,0.125,success
paper_conventional-main-ants20-iterations5-epochs5-seed-42,paper_conventional,paper_faithful,iteration_based_paper_interpretation,main,20,5,5,42,1,,0,before_sampling,dropout_1,4,0.5,0.5,1.0,0.125,success
paper_conventional-main-ants20-iterations5-epochs5-seed-42,paper_conventional,paper_faithful,iteration_based_paper_interpretation,main,20,5,5,42,1,,0,before_sampling,dropout_1,5,0.6,0.6,1.0,0.125,success
paper_conventional-main-ants20-iterations5-epochs5-seed-42,paper_conventional,paper_faithful,iteration_based_paper_interpretation,main,20,5,5,42,1,,0,before_sampling,dropout_1,6,0.7,0.7,1.0,0.125,success
paper_conventional-main-ants20-iterations5-epochs5-seed-42,paper_conventional,paper_faithful,iteration_based_paper_interpretation,main,20,5,5,42,1,,0,before_sampling,dropout_1,7,0.8,0.8,1.0,0.125,success
paper_conventional-main-ants20-iterations5-epochs5-seed-42,paper_conventional,paper_faithful,iteration_based_paper_interpretation,main,20,5,5,42,1,,0,before_sampling,dropout_2,0,0.1,0.1,1.0,0.125,success
paper_conventional-main-ants20-iterations5-epochs5-seed-42,paper_conventional,paper_faithful,iteration_based_paper_interpretation,main,20,5,5,42,1,,0,before_sampling,dropout_2,1,0.2,0.2,1.0,0.125,success
paper_conventional-main-ants20-iterations5-epochs5-seed-42,paper_conventional,paper_faithful,iteration_based_paper_interpretation,main,20,5,5,42,1,,0,before_sampling,dropout_2,2,0.3,0.3,1.0,0.125,success
paper_conventional-main-ants20-iterations5-epochs5-seed-42,paper_conventional,paper_faithful,iteration_based_paper_interpretation,main,20,5,5,42,1,,0,before_sampling,dropout_2,3,0.4,0.4,1.0,0.125,success
paper_conventional-main-ants20-iterations5-epochs5-seed-42,paper_conventional,paper_faithful,iteration_based_paper_interpretation,main,20,5,5,42,1,,0,before_sampling,dropout_2,4,0.5,0.5,1.0,0.125,success
paper_conventional-main-ants20-iterations5-epochs5-seed-42,paper_conventional,paper_faithful,iteration_based_paper_interpretation,main,20,5,5,42,1,,0,before_sampling,dropout_2,5,0.6,0.6,1.0,0.125,success
paper_conventional-main-ants20-iterations5-epochs5-seed-42,paper_conventional,paper_faithful,iteration_based_paper_interpretation,main,20,5,5,42,1,,0,before_sampling,dropout_2,6,0.7,0.7,1.0,0.125,success
paper_conventional-main-ants20-iterations5-epochs5-seed-42,paper_conventional,paper_faithful,iteration_based_paper_interpretation,main,20,5,5,42,1,,0,before_sampling,dropout_2,7,0.8,0.8,1.0,0.125,success
paper_conventional-main-ants20-iterations5-epochs5-seed-42,paper_conventional,paper_faithful,iteration_based_paper_interpretation,main,20,5,5,42,1,,0,before_sampling,batch_size,0,16,16,1.0,0.125,success
paper_conventional-main-ants20-iterations5-epochs5-seed-42,paper_conventional,paper_faithful,iteration_based_paper_interpretation,main,20,5,5,42,1,,0,before_sampling,batch_size,1,32,32,1.0,0.125,success
paper_conventional-main-ants20-iterations5-epochs5-seed-42,paper_conventional,paper_faithful,iteration_based_paper_interpretation,main,20,5,5,42,1,,0,before_sampling,batch_size,2,64,64,1.0,0.125,success
paper_conventional-main-ants20-iterations5-epochs5-seed-42,paper_conventional,paper_faithful,iteration_based_paper_interpretation,main,20,5,5,42,1,,0,before_sampling,batch_size,3,128,128,1.0,0.125,success
paper_conventional-main-ants20-iterations5-epochs5-seed-42,paper_conventional,paper_faithful,iteration_based_paper_interpretation,main,20,5,5,42,1,,0,before_sampling,batch_size,4,256,256,1.0,0.125,success
paper_conventional-main-ants20-iterations5-epochs5-seed-42,paper_conventional,paper_faithful,iteration_based_paper_interpretation,main,20,5,5,42,1,,0,before_sampling,batch_size,5,512,512,1.0,0.125,success
paper_conventional-main-ants20-iterations5-epochs5-seed-42,paper_conventional,paper_faithful,iteration_based_paper_interpretation,main,20,5,5,42,1,,0,before_sampling,batch_size,6,1024,1024,1.0,0.125,success
paper_conventional-main-ants20-iterations5-epochs5-seed-42,paper_conventional,paper_faithful,iteration_based_paper_interpretation,main,20,5,5,42,1,,0,before_sampling,batch_size,7,2048,2048,1.0,0.125,success
paper_conventional-main-ants20-iterations5-epochs5-seed-42,paper_conventional,paper_faithful,iteration_based_paper_interpretation,main,20,5,5,42,1,,0,before_sampling,activation,0,"""relu""","""relu""",1.0,0.125,success
paper_conventional-main-ants20-iterations5-epochs5-seed-42,paper_conventional,paper_faithful,iteration_based_paper_interpretation,main,20,5,5,42,1,,0,before_sampling,activation,1,"""sigmoid""","""sigmoid""",1.0,0.125,success
paper_conventional-main-ants20-iterations5-epochs5-seed-42,paper_conventional,paper_faithful,iteration_based_paper_interpretation,main,20,5,5,42,1,,0,before_sampling,activation,2,"""softplus""","""softplus""",1.0,0.125,success
paper_conventional-main-ants20-iterations5-epochs5-seed-42,paper_conventional,paper_faithful,iteration_based_paper_interpretation,main,20,5,5,42,1,,0,before_sampling,activation,3,"""softsign""","""softsign""",1.0,0.125,success
paper_conventional-main-ants20-iterations5-epochs5-seed-42,paper_conventional,paper_faithful,iteration_based_paper_interpretation,main,20,5,5,42,1,,0,before_sampling,activation,4,"""tanh""","""tanh""",1.0,0.125,success
paper_conventional-main-ants20-iterations5-epochs5-seed-42,paper_conventional,paper_faithful,iteration_based_paper_interpretation,main,20,5,5,42,1,,0,before_sampling,activation,5,"""selu""","""selu""",1.0,0.125,success
paper_conventional-main-ants20-iterations5-epochs5-seed-42,paper_conventional,paper_faithful,iteration_based_paper_interpretation,main,20,5,5,42,1,,0,before_sampling,activation,6,"""gelu""","""gelu""",1.0,0.125,success
paper_conventional-main-ants20-iterations5-epochs5-seed-42,paper_conventional,paper_faithful,iteration_based_paper_interpretation,main,20,5,5,42,1,,0,before_sampling,activation,7,"""linear""","""linier""",1.0,0.125,success
paper_conventional-main-ants20-iterations5-epochs5-seed-42,paper_conventional,paper_faithful,iteration_based_paper_interpretation,main,20,5,5,42,1,,0,before_sampling,optimizer,0,"""adam""","""adam""",1.0,0.125,success
paper_conventional-main-ants20-iterations5-epochs5-seed-42,paper_conventional,paper_faithful,iteration_based_paper_interpretation,main,20,5,5,42,1,,0,before_sampling,optimizer,1,"""rmsprop""","""rmsprop""",1.0,0.125,success
paper_conventional-main-ants20-iterations5-epochs5-seed-42,paper_conventional,paper_faithful,iteration_based_paper_interpretation,main,20,5,5,42,1,,0,before_sampling,optimizer,2,"""sgd""","""sgd""",1.0,0.125,success
paper_conventional-main-ants20-iterations5-epochs5-seed-42,paper_conventional,paper_faithful,iteration_based_paper_interpretation,main,20,5,5,42,1,,0,before_sampling,optimizer,3,"""adadelta""","""adadelta""",1.0,0.125,success
paper_conventional-main-ants20-iterations5-epochs5-seed-42,paper_conventional,paper_faithful,iteration_based_paper_interpretation,main,20,5,5,42,1,,0,before_sampling,optimizer,4,"""adagrad""","""adagrad""",1.0,0.125,success
paper_conventional-main-ants20-iterations5-epochs5-seed-42,paper_conventional,paper_faithful,iteration_based_paper_interpretation,main,20,5,5,42,1,,0,before_sampling,optimizer,5,"""adamax""","""adamax""",1.0,0.125,success
paper_conventional-main-ants20-iterations5-epochs5-seed-42,paper_conventional,paper_faithful,iteration_based_paper_interpretation,main,20,5,5,42,1,,0,before_sampling,optimizer,6,"""ftrl""","""ftrl""",1.0,0.125,success
paper_conventional-main-ants20-iterations5-epochs5-seed-42,paper_conventional,paper_faithful,iteration_based_paper_interpretation,main,20,5,5,42,1,,0,before_sampling,optimizer,7,"""nadam""","""nadam""",1.0,0.125,success
paper_conventional-main-ants20-iterations5-epochs5-seed-42,paper_conventional,paper_faithful,iteration_based_paper_interpretation,main,20,5,5,42,1,,0,before_sampling,loss,0,"""sparse_categorical_crossentropy""","""sparse_categorical_crossentropy""",1.0,0.125,success
paper_conventional-main-ants20-iterations5-epochs5-seed-42,paper_conventional,paper_faithful,iteration_based_paper_interpretation,main,20,5,5,42,1,,0,before_sampling,loss,1,"""categorical_crossentropy""","""categorical_crossentropy""",1.0,0.125,success
paper_conventional-main-ants20-iterations5-epochs5-seed-42,paper_conventional,paper_faithful,iteration_based_paper_interpretation,main,20,5,5,42,1,,0,before_sampling,loss,2,"""binary_crossentropy""","""binary_crossentropy""",1.0,0.125,success
paper_conventional-main-ants20-iterations5-epochs5-seed-42,paper_conventional,paper_faithful,iteration_based_paper_interpretation,main,20,5,5,42,1,,0,before_sampling,loss,3,"""mean_absolute_error""","""mean_absolute_error""",1.0,0.125,success
paper_conventional-main-ants20-iterations5-epochs5-seed-42,paper_conventional,paper_faithful,iteration_based_paper_interpretation,main,20,5,5,42,1,,0,before_sampling,loss,4,"""mean_squared_error""","""mean_squared_error""",1.0,0.125,success
paper_conventional-main-ants20-iterations5-epochs5-seed-42,paper_conventional,paper_faithful,iteration_based_paper_interpretation,main,20,5,5,42,1,,0,before_sampling,loss,5,"""squared_hinge""","""squared_hinge""",1.0,0.125,success
paper_conventional-main-ants20-iterations5-epochs5-seed-42,paper_conventional,paper_faithful,iteration_based_paper_interpretation,main,20,5,5,42,1,,0,before_sampling,loss,6,"""categorical_hinge""","""categorical_hinge""",1.0,0.125,success
paper_conventional-main-ants20-iterations5-epochs5-seed-42,paper_conventional,paper_faithful,iteration_based_paper_interpretation,main,20,5,5,42,1,,0,before_sampling,loss,7,"""cosine_similarity""","""cosine_similarity""",1.0,0.125,success
paper_conventional-main-ants20-iterations5-epochs5-seed-42,paper_conventional,paper_faithful,iteration_based_paper_interpretation,main,20,5,5,42,1,,1,after_update,dense_units_1,0,16,16,1.25,0.078125,success
paper_conventional-main-ants20-iterations5-epochs5-seed-42,paper_conventional,paper_faithful,iteration_based_paper_interpretation,main,20,5,5,42,1,,1,after_update,dense_units_1,1,32,32,2.25,0.140625,success
paper_conventional-main-ants20-iterations5-epochs5-seed-42,paper_conventional,paper_faithful,iteration_based_paper_interpretation,main,20,5,5,42,1,,1,after_update,dense_units_1,2,64,64,2.25,0.140625,success
paper_conventional-main-ants20-iterations5-epochs5-seed-42,paper_conventional,paper_faithful,iteration_based_paper_interpretation,main,20,5,5,42,1,,1,after_update,dense_units_1,3,128,128,2.25,0.140625,success
paper_conventional-main-ants20-iterations5-epochs5-seed-42,paper_conventional,paper_faithful,iteration_based_paper_interpretation,main,20,5,5,42,1,,1,after_update,dense_units_1,4,256,256,1.75,0.109375,success
paper_conventional-main-ants20-iterations5-epochs5-seed-42,paper_conventional,paper_faithful,iteration_based_paper_interpretation,main,20,5,5,42,1,,1,after_update,dense_units_1,5,512,512,2.25,0.140625,success
paper_conventional-main-ants20-iterations5-epochs5-seed-42,paper_conventional,paper_faithful,iteration_based_paper_interpretation,main,20,5,5,42,1,,1,after_update,dense_units_1,6,1024,1024,2.75,0.171875,success
paper_conventional-main-ants20-iterations5-epochs5-seed-42,paper_conventional,paper_faithful,iteration_based_paper_interpretation,main,20,5,5,42,1,,1,after_update,dense_units_1,7,2048,2048,1.25,0.078125,success
paper_conventional-main-ants20-iterations5-epochs5-seed-42,paper_conventional,paper_faithful,iteration_based_paper_interpretation,main,20,5,5,42,1,,1,after_update,dense_units_2,0,16,16,1.75,0.109375,success
paper_conventional-main-ants20-iterations5-epochs5-seed-42,paper_conventional,paper_faithful,iteration_based_paper_interpretation,main,20,5,5,42,1,,1,after_update,dense_units_2,1,32,32,2.25,0.140625,success
paper_conventional-main-ants20-iterations5-epochs5-seed-42,paper_conventional,paper_faithful,iteration_based_paper_interpretation,main,20,5,5,42,1,,1,after_update,dense_units_2,2,64,64,1.75,0.109375,success
paper_conventional-main-ants20-iterations5-epochs5-seed-42,paper_conventional,paper_faithful,iteration_based_paper_interpretation,main,20,5,5,42,1,,1,after_update,dense_units_2,3,128,128,2.75,0.171875,success
paper_conventional-main-ants20-iterations5-epochs5-seed-42,paper_conventional,paper_faithful,iteration_based_paper_interpretation,main,20,5,5,42,1,,1,after_update,dense_units_2,4,256,256,3.75,0.234375,success
paper_conventional-main-ants20-iterations5-epochs5-seed-42,paper_conventional,paper_faithful,iteration_based_paper_interpretation,main,20,5,5,42,1,,1,after_update,dense_units_2,5,512,512,1.75,0.109375,success
paper_conventional-main-ants20-iterations5-epochs5-seed-42,paper_conventional,paper_faithful,iteration_based_paper_interpretation,main,20,5,5,42,1,,1,after_update,dense_units_2,6,1024,1024,1.25,0.078125,success
paper_conventional-main-ants20-iterations5-epochs5-seed-42,paper_conventional,paper_faithful,iteration_based_paper_interpretation,main,20,5,5,42,1,,1,after_update,dense_units_2,7,2048,2048,0.75,0.046875,success
paper_conventional-main-ants20-iterations5-epochs5-seed-42,paper_conventional,paper_faithful,iteration_based_paper_interpretation,main,20,5,5,42,1,,1,after_update,dropout_1,0,0.1,0.1,2.75,0.171875,success
paper_conventional-main-ants20-iterations5-epochs5-seed-42,paper_conventional,paper_faithful,iteration_based_paper_interpretation,main,20,5,5,42,1,,1,after_update,dropout_1,1,0.2,0.2,3.25,0.203125,success
paper_conventional-main-ants20-iterations5-epochs5-seed-42,paper_conventional,paper_faithful,iteration_based_paper_interpretation,main,20,5,5,42,1,,1,after_update,dropout_1,2,0.3,0.3,1.75,0.109375,success
paper_conventional-main-ants20-iterations5-epochs5-seed-42,paper_conventional,paper_faithful,iteration_based_paper_interpretation,main,20,5,5,42,1,,1,after_update,dropout_1,3,0.4,0.4,2.25,0.140625,success
paper_conventional-main-ants20-iterations5-epochs5-seed-42,paper_conventional,paper_faithful,iteration_based_paper_interpretation,main,20,5,5,42,1,,1,after_update,dropout_1,4,0.5,0.5,1.25,0.078125,success
paper_conventional-main-ants20-iterations5-epochs5-seed-42,paper_conventional,paper_faithful,iteration_based_paper_interpretation,main,20,5,5,42,1,,1,after_update,dropout_1,5,0.6,0.6,1.25,0.078125,success
paper_conventional-main-ants20-iterations5-epochs5-seed-42,paper_conventional,paper_faithful,iteration_based_paper_interpretation,main,20,5,5,42,1,,1,after_update,dropout_1,6,0.7,0.7,2.75,0.171875,success
paper_conventional-main-ants20-iterations5-epochs5-seed-42,paper_conventional,paper_faithful,iteration_based_paper_interpretation,main,20,5,5,42,1,,1,after_update,dropout_1,7,0.8,0.8,0.75,0.046875,success
paper_conventional-main-ants20-iterations5-epochs5-seed-42,paper_conventional,paper_faithful,iteration_based_paper_interpretation,main,20,5,5,42,1,,1,after_update,dropout_2,0,0.1,0.1,2.75,0.171875,success
paper_conventional-main-ants20-iterations5-epochs5-seed-42,paper_conventional,paper_faithful,iteration_based_paper_interpretation,main,20,5,5,42,1,,1,after_update,dropout_2,1,0.2,0.2,1.75,0.109375,success
paper_conventional-main-ants20-iterations5-epochs5-seed-42,paper_conventional,paper_faithful,iteration_based_paper_interpretation,main,20,5,5,42,1,,1,after_update,dropout_2,2,0.3,0.3,2.75,0.171875,success
paper_conventional-main-ants20-iterations5-epochs5-seed-42,paper_conventional,paper_faithful,iteration_based_paper_interpretation,main,20,5,5,42,1,,1,after_update,dropout_2,3,0.4,0.4,1.25,0.078125,success
paper_conventional-main-ants20-iterations5-epochs5-seed-42,paper_conventional,paper_faithful,iteration_based_paper_interpretation,main,20,5,5,42,1,,1,after_update,dropout_2,4,0.5,0.5,1.25,0.078125,success
paper_conventional-main-ants20-iterations5-epochs5-seed-42,paper_conventional,paper_faithful,iteration_based_paper_interpretation,main,20,5,5,42,1,,1,after_update,dropout_2,5,0.6,0.6,2.75,0.171875,success
paper_conventional-main-ants20-iterations5-epochs5-seed-42,paper_conventional,paper_faithful,iteration_based_paper_interpretation,main,20,5,5,42,1,,1,after_update,dropout_2,6,0.7,0.7,1.25,0.078125,success
paper_conventional-main-ants20-iterations5-epochs5-seed-42,paper_conventional,paper_faithful,iteration_based_paper_interpretation,main,20,5,5,42,1,,1,after_update,dropout_2,7,0.8,0.8,2.25,0.140625,success
paper_conventional-main-ants20-iterations5-epochs5-seed-42,paper_conventional,paper_faithful,iteration_based_paper_interpretation,main,20,5,5,42,1,,1,after_update,batch_size,0,16,16,3.25,0.203125,success
paper_conventional-main-ants20-iterations5-epochs5-seed-42,paper_conventional,paper_faithful,iteration_based_paper_interpretation,main,20,5,5,42,1,,1,after_update,batch_size,1,32,32,1.75,0.109375,success
paper_conventional-main-ants20-iterations5-epochs5-seed-42,paper_conventional,paper_faithful,iteration_based_paper_interpretation,main,20,5,5,42,1,,1,after_update,batch_size,2,64,64,1.75,0.109375,success
paper_conventional-main-ants20-iterations5-epochs5-seed-42,paper_conventional,paper_faithful,iteration_based_paper_interpretation,main,20,5,5,42,1,,1,after_update,batch_size,3,128,128,2.25,0.140625,success
paper_conventional-main-ants20-iterations5-epochs5-seed-42,paper_conventional,paper_faithful,iteration_based_paper_interpretation,main,20,5,5,42,1,,1,after_update,batch_size,4,256,256,1.25,0.078125,success
paper_conventional-main-ants20-iterations5-epochs5-seed-42,paper_conventional,paper_faithful,iteration_based_paper_interpretation,main,20,5,5,42,1,,1,after_update,batch_size,5,512,512,1.75,0.109375,success
paper_conventional-main-ants20-iterations5-epochs5-seed-42,paper_conventional,paper_faithful,iteration_based_paper_interpretation,main,20,5,5,42,1,,1,after_update,batch_size,6,1024,1024,2.75,0.171875,success
paper_conventional-main-ants20-iterations5-epochs5-seed-42,paper_conventional,paper_faithful,iteration_based_paper_interpretation,main,20,5,5,42,1,,1,after_update,batch_size,7,2048,2048,1.25,0.078125,success
paper_conventional-main-ants20-iterations5-epochs5-seed-42,paper_conventional,paper_faithful,iteration_based_paper_interpretation,main,20,5,5,42,1,,1,after_update,activation,0,"""relu""","""relu""",1.75,0.109375,success
paper_conventional-main-ants20-iterations5-epochs5-seed-42,paper_conventional,paper_faithful,iteration_based_paper_interpretation,main,20,5,5,42,1,,1,after_update,activation,1,"""sigmoid""","""sigmoid""",0.75,0.046875,success
paper_conventional-main-ants20-iterations5-epochs5-seed-42,paper_conventional,paper_faithful,iteration_based_paper_interpretation,main,20,5,5,42,1,,1,after_update,activation,2,"""softplus""","""softplus""",1.75,0.109375,success
paper_conventional-main-ants20-iterations5-epochs5-seed-42,paper_conventional,paper_faithful,iteration_based_paper_interpretation,main,20,5,5,42,1,,1,after_update,activation,3,"""softsign""","""softsign""",3.75,0.234375,success
paper_conventional-main-ants20-iterations5-epochs5-seed-42,paper_conventional,paper_faithful,iteration_based_paper_interpretation,main,20,5,5,42,1,,1,after_update,activation,4,"""tanh""","""tanh""",0.75,0.046875,success
paper_conventional-main-ants20-iterations5-epochs5-seed-42,paper_conventional,paper_faithful,iteration_based_paper_interpretation,main,20,5,5,42,1,,1,after_update,activation,5,"""selu""","""selu""",3.75,0.234375,success
paper_conventional-main-ants20-iterations5-epochs5-seed-42,paper_conventional,paper_faithful,iteration_based_paper_interpretation,main,20,5,5,42,1,,1,after_update,activation,6,"""gelu""","""gelu""",1.75,0.109375,success
paper_conventional-main-ants20-iterations5-epochs5-seed-42,paper_conventional,paper_faithful,iteration_based_paper_interpretation,main,20,5,5,42,1,,1,after_update,activation,7,"""linear""","""linier""",1.75,0.109375,success
paper_conventional-main-ants20-iterations5-epochs5-seed-42,paper_conventional,paper_faithful,iteration_based_paper_interpretation,main,20,5,5,42,1,,1,after_update,optimizer,0,"""adam""","""adam""",0.75,0.046875,success
paper_conventional-main-ants20-iterations5-epochs5-seed-42,paper_conventional,paper_faithful,iteration_based_paper_interpretation,main,20,5,5,42,1,,1,after_update,optimizer,1,"""rmsprop""","""rmsprop""",1.75,0.109375,success
paper_conventional-main-ants20-iterations5-epochs5-seed-42,paper_conventional,paper_faithful,iteration_based_paper_interpretation,main,20,5,5,42,1,,1,after_update,optimizer,2,"""sgd""","""sgd""",2.25,0.140625,success
paper_conventional-main-ants20-iterations5-epochs5-seed-42,paper_conventional,paper_faithful,iteration_based_paper_interpretation,main,20,5,5,42,1,,1,after_update,optimizer,3,"""adadelta""","""adadelta""",2.75,0.171875,success
paper_conventional-main-ants20-iterations5-epochs5-seed-42,paper_conventional,paper_faithful,iteration_based_paper_interpretation,main,20,5,5,42,1,,1,after_update,optimizer,4,"""adagrad""","""adagrad""",2.25,0.140625,success
paper_conventional-main-ants20-iterations5-epochs5-seed-42,paper_conventional,paper_faithful,iteration_based_paper_interpretation,main,20,5,5,42,1,,1,after_update,optimizer,5,"""adamax""","""adamax""",2.75,0.171875,success
paper_conventional-main-ants20-iterations5-epochs5-seed-42,paper_conventional,paper_faithful,iteration_based_paper_interpretation,main,20,5,5,42,1,,1,after_update,optimizer,6,"""ftrl""","""ftrl""",1.75,0.109375,success
paper_conventional-main-ants20-iterations5-epochs5-seed-42,paper_conventional,paper_faithful,iteration_based_paper_interpretation,main,20,5,5,42,1,,1,after_update,optimizer,7,"""nadam""","""nadam""",1.75,0.109375,success
paper_conventional-main-ants20-iterations5-epochs5-seed-42,paper_conventional,paper_faithful,iteration_based_paper_interpretation,main,20,5,5,42,1,,1,after_update,loss,0,"""sparse_categorical_crossentropy""","""sparse_categorical_crossentropy""",1.25,0.078125,success
paper_conventional-main-ants20-iterations5-epochs5-seed-42,paper_conventional,paper_faithful,iteration_based_paper_interpretation,main,20,5,5,42,1,,1,after_update,loss,1,"""categorical_crossentropy""","""categorical_crossentropy""",2.25,0.140625,success
paper_conventional-main-ants20-iterations5-epochs5-seed-42,paper_conventional,paper_faithful,iteration_based_paper_interpretation,main,20,5,5,42,1,,1,after_update,loss,2,"""binary_crossentropy""","""binary_crossentropy""",1.25,0.078125,success
paper_conventional-main-ants20-iterations5-epochs5-seed-42,paper_conventional,paper_faithful,iteration_based_paper_interpretation,main,20,5,5,42,1,,1,after_update,loss,3,"""mean_absolute_error""","""mean_absolute_error""",1.75,0.109375,success
paper_conventional-main-ants20-iterations5-epochs5-seed-42,paper_conventional,paper_faithful,iteration_based_paper_interpretation,main,20,5,5,42,1,,1,after_update,loss,4,"""mean_squared_error""","""mean_squared_error""",1.25,0.078125,success
paper_conventional-main-ants20-iterations5-epochs5-seed-42,paper_conventional,paper_faithful,iteration_based_paper_interpretation,main,20,5,5,42,1,,1,after_update,loss,5,"""squared_hinge""","""squared_hinge""",2.25,0.140625,success
paper_conventional-main-ants20-iterations5-epochs5-seed-42,paper_conventional,paper_faithful,iteration_based_paper_interpretation,main,20,5,5,42,1,,1,after_update,loss,6,"""categorical_hinge""","""categorical_hinge""",3.25,0.203125,success
paper_conventional-main-ants20-iterations5-epochs5-seed-42,paper_conventional,paper_faithful,iteration_based_paper_interpretation,main,20,5,5,42,1,,1,after_update,loss,7,"""cosine_similarity""","""cosine_similarity""",2.75,0.171875,success
paper_conventional-main-ants20-iterations5-epochs5-seed-42,paper_conventional,paper_faithful,iteration_based_paper_interpretation,main,20,5,5,42,2,,2,before_sampling,dense_units_1,0,16,16,1.25,0.078125,success
paper_conventional-main-ants20-iterations5-epochs5-seed-42,paper_conventional,paper_faithful,iteration_based_paper_interpretation,main,20,5,5,42,2,,2,before_sampling,dense_units_1,1,32,32,2.25,0.140625,success
paper_conventional-main-ants20-iterations5-epochs5-seed-42,paper_conventional,paper_faithful,iteration_based_paper_interpretation,main,20,5,5,42,2,,2,before_sampling,dense_units_1,2,64,64,2.25,0.140625,success
paper_conventional-main-ants20-iterations5-epochs5-seed-42,paper_conventional,paper_faithful,iteration_based_paper_interpretation,main,20,5,5,42,2,,2,before_sampling,dense_units_1,3,128,128,2.25,0.140625,success
paper_conventional-main-ants20-iterations5-epochs5-seed-42,paper_conventional,paper_faithful,iteration_based_paper_interpretation,main,20,5,5,42,2,,2,before_sampling,dense_units_1,4,256,256,1.75,0.109375,success
paper_conventional-main-ants20-iterations5-epochs5-seed-42,paper_conventional,paper_faithful,iteration_based_paper_interpretation,main,20,5,5,42,2,,2,before_sampling,dense_units_1,5,512,512,2.25,0.140625,success
paper_conventional-main-ants20-iterations5-epochs5-seed-42,paper_conventional,paper_faithful,iteration_based_paper_interpretation,main,20,5,5,42,2,,2,before_sampling,dense_units_1,6,1024,1024,2.75,0.171875,success
paper_conventional-main-ants20-iterations5-epochs5-seed-42,paper_conventional,paper_faithful,iteration_based_paper_interpretation,main,20,5,5,42,2,,2,before_sampling,dense_units_1,7,2048,2048,1.25,0.078125,success
paper_conventional-main-ants20-iterations5-epochs5-seed-42,paper_conventional,paper_faithful,iteration_based_paper_interpretation,main,20,5,5,42,2,,2,before_sampling,dense_units_2,0,16,16,1.75,0.109375,success
paper_conventional-main-ants20-iterations5-epochs5-seed-42,paper_conventional,paper_faithful,iteration_based_paper_interpretation,main,20,5,5,42,2,,2,before_sampling,dense_units_2,1,32,32,2.25,0.140625,success
paper_conventional-main-ants20-iterations5-epochs5-seed-42,paper_conventional,paper_faithful,iteration_based_paper_interpretation,main,20,5,5,42,2,,2,before_sampling,dense_units_2,2,64,64,1.75,0.109375,success
paper_conventional-main-ants20-iterations5-epochs5-seed-42,paper_conventional,paper_faithful,iteration_based_paper_interpretation,main,20,5,5,42,2,,2,before_sampling,dense_units_2,3,128,128,2.75,0.171875,success
paper_conventional-main-ants20-iterations5-epochs5-seed-42,paper_conventional,paper_faithful,iteration_based_paper_interpretation,main,20,5,5,42,2,,2,before_sampling,dense_units_2,4,256,256,3.75,0.234375,success
paper_conventional-main-ants20-iterations5-epochs5-seed-42,paper_conventional,paper_faithful,iteration_based_paper_interpretation,main,20,5,5,42,2,,2,before_sampling,dense_units_2,5,512,512,1.75,0.109375,success
paper_conventional-main-ants20-iterations5-epochs5-seed-42,paper_conventional,paper_faithful,iteration_based_paper_interpretation,main,20,5,5,42,2,,2,before_sampling,dense_units_2,6,1024,1024,1.25,0.078125,success
paper_conventional-main-ants20-iterations5-epochs5-seed-42,paper_conventional,paper_faithful,iteration_based_paper_interpretation,main,20,5,5,42,2,,2,before_sampling,dense_units_2,7,2048,2048,0.75,0.046875,success
paper_conventional-main-ants20-iterations5-epochs5-seed-42,paper_conventional,paper_faithful,iteration_based_paper_interpretation,main,20,5,5,42,2,,2,before_sampling,dropout_1,0,0.1,0.1,2.75,0.171875,success
paper_conventional-main-ants20-iterations5-epochs5-seed-42,paper_conventional,paper_faithful,iteration_based_paper_interpretation,main,20,5,5,42,2,,2,before_sampling,dropout_1,1,0.2,0.2,3.25,0.203125,success
paper_conventional-main-ants20-iterations5-epochs5-seed-42,paper_conventional,paper_faithful,iteration_based_paper_interpretation,main,20,5,5,42,2,,2,before_sampling,dropout_1,2,0.3,0.3,1.75,0.109375,success
paper_conventional-main-ants20-iterations5-epochs5-seed-42,paper_conventional,paper_faithful,iteration_based_paper_interpretation,main,20,5,5,42,2,,2,before_sampling,dropout_1,3,0.4,0.4,2.25,0.140625,success
paper_conventional-main-ants20-iterations5-epochs5-seed-42,paper_conventional,paper_faithful,iteration_based_paper_interpretation,main,20,5,5,42,2,,2,before_sampling,dropout_1,4,0.5,0.5,1.25,0.078125,success
paper_conventional-main-ants20-iterations5-epochs5-seed-42,paper_conventional,paper_faithful,iteration_based_paper_interpretation,main,20,5,5,42,2,,2,before_sampling,dropout_1,5,0.6,0.6,1.25,0.078125,success
paper_conventional-main-ants20-iterations5-epochs5-seed-42,paper_conventional,paper_faithful,iteration_based_paper_interpretation,main,20,5,5,42,2,,2,before_sampling,dropout_1,6,0.7,0.7,2.75,0.171875,success
paper_conventional-main-ants20-iterations5-epochs5-seed-42,paper_conventional,paper_faithful,iteration_based_paper_interpretation,main,20,5,5,42,2,,2,before_sampling,dropout_1,7,0.8,0.8,0.75,0.046875,success
paper_conventional-main-ants20-iterations5-epochs5-seed-42,paper_conventional,paper_faithful,iteration_based_paper_interpretation,main,20,5,5,42,2,,2,before_sampling,dropout_2,0,0.1,0.1,2.75,0.171875,success
paper_conventional-main-ants20-iterations5-epochs5-seed-42,paper_conventional,paper_faithful,iteration_based_paper_interpretation,main,20,5,5,42,2,,2,before_sampling,dropout_2,1,0.2,0.2,1.75,0.109375,success
paper_conventional-main-ants20-iterations5-epochs5-seed-42,paper_conventional,paper_faithful,iteration_based_paper_interpretation,main,20,5,5,42,2,,2,before_sampling,dropout_2,2,0.3,0.3,2.75,0.171875,success
paper_conventional-main-ants20-iterations5-epochs5-seed-42,paper_conventional,paper_faithful,iteration_based_paper_interpretation,main,20,5,5,42,2,,2,before_sampling,dropout_2,3,0.4,0.4,1.25,0.078125,success
paper_conventional-main-ants20-iterations5-epochs5-seed-42,paper_conventional,paper_faithful,iteration_based_paper_interpretation,main,20,5,5,42,2,,2,before_sampling,dropout_2,4,0.5,0.5,1.25,0.078125,success
paper_conventional-main-ants20-iterations5-epochs5-seed-42,paper_conventional,paper_faithful,iteration_based_paper_interpretation,main,20,5,5,42,2,,2,before_sampling,dropout_2,5,0.6,0.6,2.75,0.171875,success
paper_conventional-main-ants20-iterations5-epochs5-seed-42,paper_conventional,paper_faithful,iteration_based_paper_interpretation,main,20,5,5,42,2,,2,before_sampling,dropout_2,6,0.7,0.7,1.25,0.078125,success
paper_conventional-main-ants20-iterations5-epochs5-seed-42,paper_conventional,paper_faithful,iteration_based_paper_interpretation,main,20,5,5,42,2,,2,before_sampling,dropout_2,7,0.8,0.8,2.25,0.140625,success
paper_conventional-main-ants20-iterations5-epochs5-seed-42,paper_conventional,paper_faithful,iteration_based_paper_interpretation,main,20,5,5,42,2,,2,before_sampling,batch_size,0,16,16,3.25,0.203125,success
paper_conventional-main-ants20-iterations5-epochs5-seed-42,paper_conventional,paper_faithful,iteration_based_paper_interpretation,main,20,5,5,42,2,,2,before_sampling,batch_size,1,32,32,1.75,0.109375,success
paper_conventional-main-ants20-iterations5-epochs5-seed-42,paper_conventional,paper_faithful,iteration_based_paper_interpretation,main,20,5,5,42,2,,2,before_sampling,batch_size,2,64,64,1.75,0.109375,success
paper_conventional-main-ants20-iterations5-epochs5-seed-42,paper_conventional,paper_faithful,iteration_based_paper_interpretation,main,20,5,5,42,2,,2,before_sampling,batch_size,3,128,128,2.25,0.140625,success
paper_conventional-main-ants20-iterations5-epochs5-seed-42,paper_conventional,paper_faithful,iteration_based_paper_interpretation,main,20,5,5,42,2,,2,before_sampling,batch_size,4,256,256,1.25,0.078125,success
paper_conventional-main-ants20-iterations5-epochs5-seed-42,paper_conventional,paper_faithful,iteration_based_paper_interpretation,main,20,5,5,42,2,,2,before_sampling,batch_size,5,512,512,1.75,0.109375,success
paper_conventional-main-ants20-iterations5-epochs5-seed-42,paper_conventional,paper_faithful,iteration_based_paper_interpretation,main,20,5,5,42,2,,2,before_sampling,batch_size,6,1024,1024,2.75,0.171875,success
paper_conventional-main-ants20-iterations5-epochs5-seed-42,paper_conventional,paper_faithful,iteration_based_paper_interpretation,main,20,5,5,42,2,,2,before_sampling,batch_size,7,2048,2048,1.25,0.078125,success
paper_conventional-main-ants20-iterations5-epochs5-seed-42,paper_conventional,paper_faithful,iteration_based_paper_interpretation,main,20,5,5,42,2,,2,before_sampling,activation,0,"""relu""","""relu""",1.75,0.109375,success
paper_conventional-main-ants20-iterations5-epochs5-seed-42,paper_conventional,paper_faithful,iteration_based_paper_interpretation,main,20,5,5,42,2,,2,before_sampling,activation,1,"""sigmoid""","""sigmoid""",0.75,0.046875,success
paper_conventional-main-ants20-iterations5-epochs5-seed-42,paper_conventional,paper_faithful,iteration_based_paper_interpretation,main,20,5,5,42,2,,2,before_sampling,activation,2,"""softplus""","""softplus""",1.75,0.109375,success
paper_conventional-main-ants20-iterations5-epochs5-seed-42,paper_conventional,paper_faithful,iteration_based_paper_interpretation,main,20,5,5,42,2,,2,before_sampling,activation,3,"""softsign""","""softsign""",3.75,0.234375,success
paper_conventional-main-ants20-iterations5-epochs5-seed-42,paper_conventional,paper_faithful,iteration_based_paper_interpretation,main,20,5,5,42,2,,2,before_sampling,activation,4,"""tanh""","""tanh""",0.75,0.046875,success
paper_conventional-main-ants20-iterations5-epochs5-seed-42,paper_conventional,paper_faithful,iteration_based_paper_interpretation,main,20,5,5,42,2,,2,before_sampling,activation,5,"""selu""","""selu""",3.75,0.234375,success
paper_conventional-main-ants20-iterations5-epochs5-seed-42,paper_conventional,paper_faithful,iteration_based_paper_interpretation,main,20,5,5,42,2,,2,before_sampling,activation,6,"""gelu""","""gelu""",1.75,0.109375,success
paper_conventional-main-ants20-iterations5-epochs5-seed-42,paper_conventional,paper_faithful,iteration_based_paper_interpretation,main,20,5,5,42,2,,2,before_sampling,activation,7,"""linear""","""linier""",1.75,0.109375,success
paper_conventional-main-ants20-iterations5-epochs5-seed-42,paper_conventional,paper_faithful,iteration_based_paper_interpretation,main,20,5,5,42,2,,2,before_sampling,optimizer,0,"""adam""","""adam""",0.75,0.046875,success
paper_conventional-main-ants20-iterations5-epochs5-seed-42,paper_conventional,paper_faithful,iteration_based_paper_interpretation,main,20,5,5,42,2,,2,before_sampling,optimizer,1,"""rmsprop""","""rmsprop""",1.75,0.109375,success
paper_conventional-main-ants20-iterations5-epochs5-seed-42,paper_conventional,paper_faithful,iteration_based_paper_interpretation,main,20,5,5,42,2,,2,before_sampling,optimizer,2,"""sgd""","""sgd""",2.25,0.140625,success
paper_conventional-main-ants20-iterations5-epochs5-seed-42,paper_conventional,paper_faithful,iteration_based_paper_interpretation,main,20,5,5,42,2,,2,before_sampling,optimizer,3,"""adadelta""","""adadelta""",2.75,0.171875,success
paper_conventional-main-ants20-iterations5-epochs5-seed-42,paper_conventional,paper_faithful,iteration_based_paper_interpretation,main,20,5,5,42,2,,2,before_sampling,optimizer,4,"""adagrad""","""adagrad""",2.25,0.140625,success
paper_conventional-main-ants20-iterations5-epochs5-seed-42,paper_conventional,paper_faithful,iteration_based_paper_interpretation,main,20,5,5,42,2,,2,before_sampling,optimizer,5,"""adamax""","""adamax""",2.75,0.171875,success
paper_conventional-main-ants20-iterations5-epochs5-seed-42,paper_conventional,paper_faithful,iteration_based_paper_interpretation,main,20,5,5,42,2,,2,before_sampling,optimizer,6,"""ftrl""","""ftrl""",1.75,0.109375,success
paper_conventional-main-ants20-iterations5-epochs5-seed-42,paper_conventional,paper_faithful,iteration_based_paper_interpretation,main,20,5,5,42,2,,2,before_sampling,optimizer,7,"""nadam""","""nadam""",1.75,0.109375,success
paper_conventional-main-ants20-iterations5-epochs5-seed-42,paper_conventional,paper_faithful,iteration_based_paper_interpretation,main,20,5,5,42,2,,2,before_sampling,loss,0,"""sparse_categorical_crossentropy""","""sparse_categorical_crossentropy""",1.25,0.078125,success
paper_conventional-main-ants20-iterations5-epochs5-seed-42,paper_conventional,paper_faithful,iteration_based_paper_interpretation,main,20,5,5,42,2,,2,before_sampling,loss,1,"""categorical_crossentropy""","""categorical_crossentropy""",2.25,0.140625,success
paper_conventional-main-ants20-iterations5-epochs5-seed-42,paper_conventional,paper_faithful,iteration_based_paper_interpretation,main,20,5,5,42,2,,2,before_sampling,loss,2,"""binary_crossentropy""","""binary_crossentropy""",1.25,0.078125,success
paper_conventional-main-ants20-iterations5-epochs5-seed-42,paper_conventional,paper_faithful,iteration_based_paper_interpretation,main,20,5,5,42,2,,2,before_sampling,loss,3,"""mean_absolute_error""","""mean_absolute_error""",1.75,0.109375,success
paper_conventional-main-ants20-iterations5-epochs5-seed-42,paper_conventional,paper_faithful,iteration_based_paper_interpretation,main,20,5,5,42,2,,2,before_sampling,loss,4,"""mean_squared_error""","""mean_squared_error""",1.25,0.078125,success
paper_conventional-main-ants20-iterations5-epochs5-seed-42,paper_conventional,paper_faithful,iteration_based_paper_interpretation,main,20,5,5,42,2,,2,before_sampling,loss,5,"""squared_hinge""","""squared_hinge""",2.25,0.140625,success
paper_conventional-main-ants20-iterations5-epochs5-seed-42,paper_conventional,paper_faithful,iteration_based_paper_interpretation,main,20,5,5,42,2,,2,before_sampling,loss,6,"""categorical_hinge""","""categorical_hinge""",3.25,0.203125,success
paper_conventional-main-ants20-iterations5-epochs5-seed-42,paper_conventional,paper_faithful,iteration_based_paper_interpretation,main,20,5,5,42,2,,2,before_sampling,loss,7,"""cosine_similarity""","""cosine_similarity""",2.75,0.171875,success
paper_conventional-main-ants20-iterations5-epochs5-seed-42,paper_conventional,paper_faithful,iteration_based_paper_interpretation,main,20,5,5,42,2,,3,after_update,dense_units_1,0,16,16,1.9375,0.08806818181818182,success
paper_conventional-main-ants20-iterations5-epochs5-seed-42,paper_conventional,paper_faithful,iteration_based_paper_interpretation,main,20,5,5,42,2,,3,after_update,dense_units_1,1,32,32,3.6875,0.16761363636363635,success
paper_conventional-main-ants20-iterations5-epochs5-seed-42,paper_conventional,paper_faithful,iteration_based_paper_interpretation,main,20,5,5,42,2,,3,after_update,dense_units_1,2,64,64,3.1875,0.14488636363636365,success
paper_conventional-main-ants20-iterations5-epochs5-seed-42,paper_conventional,paper_faithful,iteration_based_paper_interpretation,main,20,5,5,42,2,,3,after_update,dense_units_1,3,128,128,2.6875,0.12215909090909091,success
paper_conventional-main-ants20-iterations5-epochs5-seed-42,paper_conventional,paper_faithful,iteration_based_paper_interpretation,main,20,5,5,42,2,,3,after_update,dense_units_1,4,256,256,1.8125,0.08238636363636363,success
paper_conventional-main-ants20-iterations5-epochs5-seed-42,paper_conventional,paper_faithful,iteration_based_paper_interpretation,main,20,5,5,42,2,,3,after_update,dense_units_1,5,512,512,1.6875,0.07670454545454546,success
paper_conventional-main-ants20-iterations5-epochs5-seed-42,paper_conventional,paper_faithful,iteration_based_paper_interpretation,main,20,5,5,42,2,,3,after_update,dense_units_1,6,1024,1024,5.0625,0.23011363636363635,success
paper_conventional-main-ants20-iterations5-epochs5-seed-42,paper_conventional,paper_faithful,iteration_based_paper_interpretation,main,20,5,5,42,2,,3,after_update,dense_units_1,7,2048,2048,1.9375,0.08806818181818182,success
paper_conventional-main-ants20-iterations5-epochs5-seed-42,paper_conventional,paper_faithful,iteration_based_paper_interpretation,main,20,5,5,42,2,,3,after_update,dense_units_2,0,16,16,2.3125,0.10511363636363637,success
paper_conventional-main-ants20-iterations5-epochs5-seed-42,paper_conventional,paper_faithful,iteration_based_paper_interpretation,main,20,5,5,42,2,,3,after_update,dense_units_2,1,32,32,3.1875,0.14488636363636365,success
paper_conventional-main-ants20-iterations5-epochs5-seed-42,paper_conventional,paper_faithful,iteration_based_paper_interpretation,main,20,5,5,42,2,,3,after_update,dense_units_2,2,64,64,1.3125,0.05965909090909091,success
paper_conventional-main-ants20-iterations5-epochs5-seed-42,paper_conventional,paper_faithful,iteration_based_paper_interpretation,main,20,5,5,42,2,,3,after_update,dense_units_2,3,128,128,4.0625,0.1846590909090909,success
paper_conventional-main-ants20-iterations5-epochs5-seed-42,paper_conventional,paper_faithful,iteration_based_paper_interpretation,main,20,5,5,42,2,,3,after_update,dense_units_2,4,256,256,4.3125,0.19602272727272727,success
paper_conventional-main-ants20-iterations5-epochs5-seed-42,paper_conventional,paper_faithful,iteration_based_paper_interpretation,main,20,5,5,42,2,,3,after_update,dense_units_2,5,512,512,2.8125,0.1278409090909091,success
paper_conventional-main-ants20-iterations5-epochs5-seed-42,paper_conventional,paper_faithful,iteration_based_paper_interpretation,main,20,5,5,42,2,,3,after_update,dense_units_2,6,1024,1024,2.4375,0.11079545454545454,success
paper_conventional-main-ants20-iterations5-epochs5-seed-42,paper_conventional,paper_faithful,iteration_based_paper_interpretation,main,20,5,5,42,2,,3,after_update,dense_units_2,7,2048,2048,1.5625,0.07102272727272728,success
paper_conventional-main-ants20-iterations5-epochs5-seed-42,paper_conventional,paper_faithful,iteration_based_paper_interpretation,main,20,5,5,42,2,,3,after_update,dropout_1,0,0.1,0.1,3.5625,0.16193181818181818,success
paper_conventional-main-ants20-iterations5-epochs5-seed-42,paper_conventional,paper_faithful,iteration_based_paper_interpretation,main,20,5,5,42,2,,3,after_update,dropout_1,1,0.2,0.2,5.9375,0.26988636363636365,success
paper_conventional-main-ants20-iterations5-epochs5-seed-42,paper_conventional,paper_faithful,iteration_based_paper_interpretation,main,20,5,5,42,2,,3,after_update,dropout_1,2,0.3,0.3,1.8125,0.08238636363636363,success
paper_conventional-main-ants20-iterations5-epochs5-seed-42,paper_conventional,paper_faithful,iteration_based_paper_interpretation,main,20,5,5,42,2,,3,after_update,dropout_1,3,0.4,0.4,2.1875,0.09943181818181818,success
paper_conventional-main-ants20-iterations5-epochs5-seed-42,paper_conventional,paper_faithful,iteration_based_paper_interpretation,main,20,5,5,42,2,,3,after_update,dropout_1,4,0.5,0.5,2.4375,0.11079545454545454,success
paper_conventional-main-ants20-iterations5-epochs5-seed-42,paper_conventional,paper_faithful,iteration_based_paper_interpretation,main,20,5,5,42,2,,3,after_update,dropout_1,5,0.6,0.6,1.4375,0.06534090909090909,success
paper_conventional-main-ants20-iterations5-epochs5-seed-42,paper_conventional,paper_faithful,iteration_based_paper_interpretation,main,20,5,5,42,2,,3,after_update,dropout_1,6,0.7,0.7,4.0625,0.1846590909090909,success
paper_conventional-main-ants20-iterations5-epochs5-seed-42,paper_conventional,paper_faithful,iteration_based_paper_interpretation,main,20,5,5,42,2,,3,after_update,dropout_1,7,0.8,0.8,0.5625,0.02556818181818182,success
paper_conventional-main-ants20-iterations5-epochs5-seed-42,paper_conventional,paper_faithful,iteration_based_paper_interpretation,main,20,5,5,42,2,,3,after_update,dropout_2,0,0.1,0.1,4.5625,0.20738636363636365,success
paper_conventional-main-ants20-iterations5-epochs5-seed-42,paper_conventional,paper_faithful,iteration_based_paper_interpretation,main,20,5,5,42,2,,3,after_update,dropout_2,1,0.2,0.2,2.3125,0.10511363636363637,success
paper_conventional-main-ants20-iterations5-epochs5-seed-42,paper_conventional,paper_faithful,iteration_based_paper_interpretation,main,20,5,5,42,2,,3,after_update,dropout_2,2,0.3,0.3,3.5625,0.16193181818181818,success
paper_conventional-main-ants20-iterations5-epochs5-seed-42,paper_conventional,paper_faithful,iteration_based_paper_interpretation,main,20,5,5,42,2,,3,after_update,dropout_2,3,0.4,0.4,1.9375,0.08806818181818182,success
paper_conventional-main-ants20-iterations5-epochs5-seed-42,paper_conventional,paper_faithful,iteration_based_paper_interpretation,main,20,5,5,42,2,,3,after_update,dropout_2,4,0.5,0.5,2.4375,0.11079545454545454,success
paper_conventional-main-ants20-iterations5-epochs5-seed-42,paper_conventional,paper_faithful,iteration_based_paper_interpretation,main,20,5,5,42,2,,3,after_update,dropout_2,5,0.6,0.6,3.5625,0.16193181818181818,success
paper_conventional-main-ants20-iterations5-epochs5-seed-42,paper_conventional,paper_faithful,iteration_based_paper_interpretation,main,20,5,5,42,2,,3,after_update,dropout_2,6,0.7,0.7,1.4375,0.06534090909090909,success
paper_conventional-main-ants20-iterations5-epochs5-seed-42,paper_conventional,paper_faithful,iteration_based_paper_interpretation,main,20,5,5,42,2,,3,after_update,dropout_2,7,0.8,0.8,2.1875,0.09943181818181818,success
paper_conventional-main-ants20-iterations5-epochs5-seed-42,paper_conventional,paper_faithful,iteration_based_paper_interpretation,main,20,5,5,42,2,,3,after_update,batch_size,0,16,16,4.4375,0.20170454545454544,success
paper_conventional-main-ants20-iterations5-epochs5-seed-42,paper_conventional,paper_faithful,iteration_based_paper_interpretation,main,20,5,5,42,2,,3,after_update,batch_size,1,32,32,2.8125,0.1278409090909091,success
paper_conventional-main-ants20-iterations5-epochs5-seed-42,paper_conventional,paper_faithful,iteration_based_paper_interpretation,main,20,5,5,42,2,,3,after_update,batch_size,2,64,64,2.3125,0.10511363636363637,success
paper_conventional-main-ants20-iterations5-epochs5-seed-42,paper_conventional,paper_faithful,iteration_based_paper_interpretation,main,20,5,5,42,2,,3,after_update,batch_size,3,128,128,3.1875,0.14488636363636365,success
paper_conventional-main-ants20-iterations5-epochs5-seed-42,paper_conventional,paper_faithful,iteration_based_paper_interpretation,main,20,5,5,42,2,,3,after_update,batch_size,4,256,256,2.9375,0.13352272727272727,success
paper_conventional-main-ants20-iterations5-epochs5-seed-42,paper_conventional,paper_faithful,iteration_based_paper_interpretation,main,20,5,5,42,2,,3,after_update,batch_size,5,512,512,1.8125,0.08238636363636363,success
paper_conventional-main-ants20-iterations5-epochs5-seed-42,paper_conventional,paper_faithful,iteration_based_paper_interpretation,main,20,5,5,42,2,,3,after_update,batch_size,6,1024,1024,3.0625,0.13920454545454544,success
paper_conventional-main-ants20-iterations5-epochs5-seed-42,paper_conventional,paper_faithful,iteration_based_paper_interpretation,main,20,5,5,42,2,,3,after_update,batch_size,7,2048,2048,1.4375,0.06534090909090909,success
paper_conventional-main-ants20-iterations5-epochs5-seed-42,paper_conventional,paper_faithful,iteration_based_paper_interpretation,main,20,5,5,42,2,,3,after_update,activation,0,"""relu""","""relu""",2.8125,0.1278409090909091,success
paper_conventional-main-ants20-iterations5-epochs5-seed-42,paper_conventional,paper_faithful,iteration_based_paper_interpretation,main,20,5,5,42,2,,3,after_update,activation,1,"""sigmoid""","""sigmoid""",1.5625,0.07102272727272728,success
paper_conventional-main-ants20-iterations5-epochs5-seed-42,paper_conventional,paper_faithful,iteration_based_paper_interpretation,main,20,5,5,42,2,,3,after_update,activation,2,"""softplus""","""softplus""",2.8125,0.1278409090909091,success
paper_conventional-main-ants20-iterations5-epochs5-seed-42,paper_conventional,paper_faithful,iteration_based_paper_interpretation,main,20,5,5,42,2,,3,after_update,activation,3,"""softsign""","""softsign""",4.3125,0.19602272727272727,success
paper_conventional-main-ants20-iterations5-epochs5-seed-42,paper_conventional,paper_faithful,iteration_based_paper_interpretation,main,20,5,5,42,2,,3,after_update,activation,4,"""tanh""","""tanh""",1.0625,0.048295454545454544,success
paper_conventional-main-ants20-iterations5-epochs5-seed-42,paper_conventional,paper_faithful,iteration_based_paper_interpretation,main,20,5,5,42,2,,3,after_update,activation,5,"""selu""","""selu""",3.3125,0.15056818181818182,success
paper_conventional-main-ants20-iterations5-epochs5-seed-42,paper_conventional,paper_faithful,iteration_based_paper_interpretation,main,20,5,5,42,2,,3,after_update,activation,6,"""gelu""","""gelu""",3.8125,0.17329545454545456,success
paper_conventional-main-ants20-iterations5-epochs5-seed-42,paper_conventional,paper_faithful,iteration_based_paper_interpretation,main,20,5,5,42,2,,3,after_update,activation,7,"""linear""","""linier""",2.3125,0.10511363636363637,success
paper_conventional-main-ants20-iterations5-epochs5-seed-42,paper_conventional,paper_faithful,iteration_based_paper_interpretation,main,20,5,5,42,2,,3,after_update,optimizer,0,"""adam""","""adam""",1.0625,0.048295454545454544,success
paper_conventional-main-ants20-iterations5-epochs5-seed-42,paper_conventional,paper_faithful,iteration_based_paper_interpretation,main,20,5,5,42,2,,3,after_update,optimizer,1,"""rmsprop""","""rmsprop""",3.3125,0.15056818181818182,success
paper_conventional-main-ants20-iterations5-epochs5-seed-42,paper_conventional,paper_faithful,iteration_based_paper_interpretation,main,20,5,5,42,2,,3,after_update,optimizer,2,"""sgd""","""sgd""",3.1875,0.14488636363636365,success
paper_conventional-main-ants20-iterations5-epochs5-seed-42,paper_conventional,paper_faithful,iteration_based_paper_interpretation,main,20,5,5,42,2,,3,after_update,optimizer,3,"""adadelta""","""adadelta""",3.0625,0.13920454545454544,success
paper_conventional-main-ants20-iterations5-epochs5-seed-42,paper_conventional,paper_faithful,iteration_based_paper_interpretation,main,20,5,5,42,2,,3,after_update,optimizer,4,"""adagrad""","""adagrad""",3.6875,0.16761363636363635,success
paper_conventional-main-ants20-iterations5-epochs5-seed-42,paper_conventional,paper_faithful,iteration_based_paper_interpretation,main,20,5,5,42,2,,3,after_update,optimizer,5,"""adamax""","""adamax""",3.0625,0.13920454545454544,success
paper_conventional-main-ants20-iterations5-epochs5-seed-42,paper_conventional,paper_faithful,iteration_based_paper_interpretation,main,20,5,5,42,2,,3,after_update,optimizer,6,"""ftrl""","""ftrl""",2.8125,0.1278409090909091,success
paper_conventional-main-ants20-iterations5-epochs5-seed-42,paper_conventional,paper_faithful,iteration_based_paper_interpretation,main,20,5,5,42,2,,3,after_update,optimizer,7,"""nadam""","""nadam""",1.8125,0.08238636363636363,success
paper_conventional-main-ants20-iterations5-epochs5-seed-42,paper_conventional,paper_faithful,iteration_based_paper_interpretation,main,20,5,5,42,2,,3,after_update,loss,0,"""sparse_categorical_crossentropy""","""sparse_categorical_crossentropy""",1.4375,0.06534090909090909,success
paper_conventional-main-ants20-iterations5-epochs5-seed-42,paper_conventional,paper_faithful,iteration_based_paper_interpretation,main,20,5,5,42,2,,3,after_update,loss,1,"""categorical_crossentropy""","""categorical_crossentropy""",3.1875,0.14488636363636365,success
paper_conventional-main-ants20-iterations5-epochs5-seed-42,paper_conventional,paper_faithful,iteration_based_paper_interpretation,main,20,5,5,42,2,,3,after_update,loss,2,"""binary_crossentropy""","""binary_crossentropy""",1.4375,0.06534090909090909,success
paper_conventional-main-ants20-iterations5-epochs5-seed-42,paper_conventional,paper_faithful,iteration_based_paper_interpretation,main,20,5,5,42,2,,3,after_update,loss,3,"""mean_absolute_error""","""mean_absolute_error""",2.8125,0.1278409090909091,success
paper_conventional-main-ants20-iterations5-epochs5-seed-42,paper_conventional,paper_faithful,iteration_based_paper_interpretation,main,20,5,5,42,2,,3,after_update,loss,4,"""mean_squared_error""","""mean_squared_error""",2.4375,0.11079545454545454,success
paper_conventional-main-ants20-iterations5-epochs5-seed-42,paper_conventional,paper_faithful,iteration_based_paper_interpretation,main,20,5,5,42,2,,3,after_update,loss,5,"""squared_hinge""","""squared_hinge""",2.1875,0.09943181818181818,success
paper_conventional-main-ants20-iterations5-epochs5-seed-42,paper_conventional,paper_faithful,iteration_based_paper_interpretation,main,20,5,5,42,2,,3,after_update,loss,6,"""categorical_hinge""","""categorical_hinge""",4.4375,0.20170454545454544,success
paper_conventional-main-ants20-iterations5-epochs5-seed-42,paper_conventional,paper_faithful,iteration_based_paper_interpretation,main,20,5,5,42,2,,3,after_update,loss,7,"""cosine_similarity""","""cosine_similarity""",4.0625,0.1846590909090909,success
paper_conventional-main-ants20-iterations5-epochs5-seed-42,paper_conventional,paper_faithful,iteration_based_paper_interpretation,main,20,5,5,42,3,,4,before_sampling,dense_units_1,0,16,16,1.9375,0.08806818181818182,success
paper_conventional-main-ants20-iterations5-epochs5-seed-42,paper_conventional,paper_faithful,iteration_based_paper_interpretation,main,20,5,5,42,3,,4,before_sampling,dense_units_1,1,32,32,3.6875,0.16761363636363635,success
paper_conventional-main-ants20-iterations5-epochs5-seed-42,paper_conventional,paper_faithful,iteration_based_paper_interpretation,main,20,5,5,42,3,,4,before_sampling,dense_units_1,2,64,64,3.1875,0.14488636363636365,success
paper_conventional-main-ants20-iterations5-epochs5-seed-42,paper_conventional,paper_faithful,iteration_based_paper_interpretation,main,20,5,5,42,3,,4,before_sampling,dense_units_1,3,128,128,2.6875,0.12215909090909091,success
paper_conventional-main-ants20-iterations5-epochs5-seed-42,paper_conventional,paper_faithful,iteration_based_paper_interpretation,main,20,5,5,42,3,,4,before_sampling,dense_units_1,4,256,256,1.8125,0.08238636363636363,success
paper_conventional-main-ants20-iterations5-epochs5-seed-42,paper_conventional,paper_faithful,iteration_based_paper_interpretation,main,20,5,5,42,3,,4,before_sampling,dense_units_1,5,512,512,1.6875,0.07670454545454546,success
paper_conventional-main-ants20-iterations5-epochs5-seed-42,paper_conventional,paper_faithful,iteration_based_paper_interpretation,main,20,5,5,42,3,,4,before_sampling,dense_units_1,6,1024,1024,5.0625,0.23011363636363635,success
paper_conventional-main-ants20-iterations5-epochs5-seed-42,paper_conventional,paper_faithful,iteration_based_paper_interpretation,main,20,5,5,42,3,,4,before_sampling,dense_units_1,7,2048,2048,1.9375,0.08806818181818182,success
paper_conventional-main-ants20-iterations5-epochs5-seed-42,paper_conventional,paper_faithful,iteration_based_paper_interpretation,main,20,5,5,42,3,,4,before_sampling,dense_units_2,0,16,16,2.3125,0.10511363636363637,success
paper_conventional-main-ants20-iterations5-epochs5-seed-42,paper_conventional,paper_faithful,iteration_based_paper_interpretation,main,20,5,5,42,3,,4,before_sampling,dense_units_2,1,32,32,3.1875,0.14488636363636365,success
paper_conventional-main-ants20-iterations5-epochs5-seed-42,paper_conventional,paper_faithful,iteration_based_paper_interpretation,main,20,5,5,42,3,,4,before_sampling,dense_units_2,2,64,64,1.3125,0.05965909090909091,success
paper_conventional-main-ants20-iterations5-epochs5-seed-42,paper_conventional,paper_faithful,iteration_based_paper_interpretation,main,20,5,5,42,3,,4,before_sampling,dense_units_2,3,128,128,4.0625,0.1846590909090909,success
paper_conventional-main-ants20-iterations5-epochs5-seed-42,paper_conventional,paper_faithful,iteration_based_paper_interpretation,main,20,5,5,42,3,,4,before_sampling,dense_units_2,4,256,256,4.3125,0.19602272727272727,success
paper_conventional-main-ants20-iterations5-epochs5-seed-42,paper_conventional,paper_faithful,iteration_based_paper_interpretation,main,20,5,5,42,3,,4,before_sampling,dense_units_2,5,512,512,2.8125,0.1278409090909091,success
paper_conventional-main-ants20-iterations5-epochs5-seed-42,paper_conventional,paper_faithful,iteration_based_paper_interpretation,main,20,5,5,42,3,,4,before_sampling,dense_units_2,6,1024,1024,2.4375,0.11079545454545454,success
paper_conventional-main-ants20-iterations5-epochs5-seed-42,paper_conventional,paper_faithful,iteration_based_paper_interpretation,main,20,5,5,42,3,,4,before_sampling,dense_units_2,7,2048,2048,1.5625,0.07102272727272728,success
paper_conventional-main-ants20-iterations5-epochs5-seed-42,paper_conventional,paper_faithful,iteration_based_paper_interpretation,main,20,5,5,42,3,,4,before_sampling,dropout_1,0,0.1,0.1,3.5625,0.16193181818181818,success
paper_conventional-main-ants20-iterations5-epochs5-seed-42,paper_conventional,paper_faithful,iteration_based_paper_interpretation,main,20,5,5,42,3,,4,before_sampling,dropout_1,1,0.2,0.2,5.9375,0.26988636363636365,success
paper_conventional-main-ants20-iterations5-epochs5-seed-42,paper_conventional,paper_faithful,iteration_based_paper_interpretation,main,20,5,5,42,3,,4,before_sampling,dropout_1,2,0.3,0.3,1.8125,0.08238636363636363,success
paper_conventional-main-ants20-iterations5-epochs5-seed-42,paper_conventional,paper_faithful,iteration_based_paper_interpretation,main,20,5,5,42,3,,4,before_sampling,dropout_1,3,0.4,0.4,2.1875,0.09943181818181818,success
paper_conventional-main-ants20-iterations5-epochs5-seed-42,paper_conventional,paper_faithful,iteration_based_paper_interpretation,main,20,5,5,42,3,,4,before_sampling,dropout_1,4,0.5,0.5,2.4375,0.11079545454545454,success
paper_conventional-main-ants20-iterations5-epochs5-seed-42,paper_conventional,paper_faithful,iteration_based_paper_interpretation,main,20,5,5,42,3,,4,before_sampling,dropout_1,5,0.6,0.6,1.4375,0.06534090909090909,success
paper_conventional-main-ants20-iterations5-epochs5-seed-42,paper_conventional,paper_faithful,iteration_based_paper_interpretation,main,20,5,5,42,3,,4,before_sampling,dropout_1,6,0.7,0.7,4.0625,0.1846590909090909,success
paper_conventional-main-ants20-iterations5-epochs5-seed-42,paper_conventional,paper_faithful,iteration_based_paper_interpretation,main,20,5,5,42,3,,4,before_sampling,dropout_1,7,0.8,0.8,0.5625,0.02556818181818182,success
paper_conventional-main-ants20-iterations5-epochs5-seed-42,paper_conventional,paper_faithful,iteration_based_paper_interpretation,main,20,5,5,42,3,,4,before_sampling,dropout_2,0,0.1,0.1,4.5625,0.20738636363636365,success
paper_conventional-main-ants20-iterations5-epochs5-seed-42,paper_conventional,paper_faithful,iteration_based_paper_interpretation,main,20,5,5,42,3,,4,before_sampling,dropout_2,1,0.2,0.2,2.3125,0.10511363636363637,success
paper_conventional-main-ants20-iterations5-epochs5-seed-42,paper_conventional,paper_faithful,iteration_based_paper_interpretation,main,20,5,5,42,3,,4,before_sampling,dropout_2,2,0.3,0.3,3.5625,0.16193181818181818,success
paper_conventional-main-ants20-iterations5-epochs5-seed-42,paper_conventional,paper_faithful,iteration_based_paper_interpretation,main,20,5,5,42,3,,4,before_sampling,dropout_2,3,0.4,0.4,1.9375,0.08806818181818182,success
paper_conventional-main-ants20-iterations5-epochs5-seed-42,paper_conventional,paper_faithful,iteration_based_paper_interpretation,main,20,5,5,42,3,,4,before_sampling,dropout_2,4,0.5,0.5,2.4375,0.11079545454545454,success
paper_conventional-main-ants20-iterations5-epochs5-seed-42,paper_conventional,paper_faithful,iteration_based_paper_interpretation,main,20,5,5,42,3,,4,before_sampling,dropout_2,5,0.6,0.6,3.5625,0.16193181818181818,success
paper_conventional-main-ants20-iterations5-epochs5-seed-42,paper_conventional,paper_faithful,iteration_based_paper_interpretation,main,20,5,5,42,3,,4,before_sampling,dropout_2,6,0.7,0.7,1.4375,0.06534090909090909,success
paper_conventional-main-ants20-iterations5-epochs5-seed-42,paper_conventional,paper_faithful,iteration_based_paper_interpretation,main,20,5,5,42,3,,4,before_sampling,dropout_2,7,0.8,0.8,2.1875,0.09943181818181818,success
paper_conventional-main-ants20-iterations5-epochs5-seed-42,paper_conventional,paper_faithful,iteration_based_paper_interpretation,main,20,5,5,42,3,,4,before_sampling,batch_size,0,16,16,4.4375,0.20170454545454544,success
paper_conventional-main-ants20-iterations5-epochs5-seed-42,paper_conventional,paper_faithful,iteration_based_paper_interpretation,main,20,5,5,42,3,,4,before_sampling,batch_size,1,32,32,2.8125,0.1278409090909091,success
paper_conventional-main-ants20-iterations5-epochs5-seed-42,paper_conventional,paper_faithful,iteration_based_paper_interpretation,main,20,5,5,42,3,,4,before_sampling,batch_size,2,64,64,2.3125,0.10511363636363637,success
paper_conventional-main-ants20-iterations5-epochs5-seed-42,paper_conventional,paper_faithful,iteration_based_paper_interpretation,main,20,5,5,42,3,,4,before_sampling,batch_size,3,128,128,3.1875,0.14488636363636365,success
paper_conventional-main-ants20-iterations5-epochs5-seed-42,paper_conventional,paper_faithful,iteration_based_paper_interpretation,main,20,5,5,42,3,,4,before_sampling,batch_size,4,256,256,2.9375,0.13352272727272727,success
paper_conventional-main-ants20-iterations5-epochs5-seed-42,paper_conventional,paper_faithful,iteration_based_paper_interpretation,main,20,5,5,42,3,,4,before_sampling,batch_size,5,512,512,1.8125,0.08238636363636363,success
paper_conventional-main-ants20-iterations5-epochs5-seed-42,paper_conventional,paper_faithful,iteration_based_paper_interpretation,main,20,5,5,42,3,,4,before_sampling,batch_size,6,1024,1024,3.0625,0.13920454545454544,success
paper_conventional-main-ants20-iterations5-epochs5-seed-42,paper_conventional,paper_faithful,iteration_based_paper_interpretation,main,20,5,5,42,3,,4,before_sampling,batch_size,7,2048,2048,1.4375,0.06534090909090909,success
paper_conventional-main-ants20-iterations5-epochs5-seed-42,paper_conventional,paper_faithful,iteration_based_paper_interpretation,main,20,5,5,42,3,,4,before_sampling,activation,0,"""relu""","""relu""",2.8125,0.1278409090909091,success
paper_conventional-main-ants20-iterations5-epochs5-seed-42,paper_conventional,paper_faithful,iteration_based_paper_interpretation,main,20,5,5,42,3,,4,before_sampling,activation,1,"""sigmoid""","""sigmoid""",1.5625,0.07102272727272728,success
paper_conventional-main-ants20-iterations5-epochs5-seed-42,paper_conventional,paper_faithful,iteration_based_paper_interpretation,main,20,5,5,42,3,,4,before_sampling,activation,2,"""softplus""","""softplus""",2.8125,0.1278409090909091,success
paper_conventional-main-ants20-iterations5-epochs5-seed-42,paper_conventional,paper_faithful,iteration_based_paper_interpretation,main,20,5,5,42,3,,4,before_sampling,activation,3,"""softsign""","""softsign""",4.3125,0.19602272727272727,success
paper_conventional-main-ants20-iterations5-epochs5-seed-42,paper_conventional,paper_faithful,iteration_based_paper_interpretation,main,20,5,5,42,3,,4,before_sampling,activation,4,"""tanh""","""tanh""",1.0625,0.048295454545454544,success
paper_conventional-main-ants20-iterations5-epochs5-seed-42,paper_conventional,paper_faithful,iteration_based_paper_interpretation,main,20,5,5,42,3,,4,before_sampling,activation,5,"""selu""","""selu""",3.3125,0.15056818181818182,success
paper_conventional-main-ants20-iterations5-epochs5-seed-42,paper_conventional,paper_faithful,iteration_based_paper_interpretation,main,20,5,5,42,3,,4,before_sampling,activation,6,"""gelu""","""gelu""",3.8125,0.17329545454545456,success
paper_conventional-main-ants20-iterations5-epochs5-seed-42,paper_conventional,paper_faithful,iteration_based_paper_interpretation,main,20,5,5,42,3,,4,before_sampling,activation,7,"""linear""","""linier""",2.3125,0.10511363636363637,success
paper_conventional-main-ants20-iterations5-epochs5-seed-42,paper_conventional,paper_faithful,iteration_based_paper_interpretation,main,20,5,5,42,3,,4,before_sampling,optimizer,0,"""adam""","""adam""",1.0625,0.048295454545454544,success
paper_conventional-main-ants20-iterations5-epochs5-seed-42,paper_conventional,paper_faithful,iteration_based_paper_interpretation,main,20,5,5,42,3,,4,before_sampling,optimizer,1,"""rmsprop""","""rmsprop""",3.3125,0.15056818181818182,success
paper_conventional-main-ants20-iterations5-epochs5-seed-42,paper_conventional,paper_faithful,iteration_based_paper_interpretation,main,20,5,5,42,3,,4,before_sampling,optimizer,2,"""sgd""","""sgd""",3.1875,0.14488636363636365,success
paper_conventional-main-ants20-iterations5-epochs5-seed-42,paper_conventional,paper_faithful,iteration_based_paper_interpretation,main,20,5,5,42,3,,4,before_sampling,optimizer,3,"""adadelta""","""adadelta""",3.0625,0.13920454545454544,success
paper_conventional-main-ants20-iterations5-epochs5-seed-42,paper_conventional,paper_faithful,iteration_based_paper_interpretation,main,20,5,5,42,3,,4,before_sampling,optimizer,4,"""adagrad""","""adagrad""",3.6875,0.16761363636363635,success
paper_conventional-main-ants20-iterations5-epochs5-seed-42,paper_conventional,paper_faithful,iteration_based_paper_interpretation,main,20,5,5,42,3,,4,before_sampling,optimizer,5,"""adamax""","""adamax""",3.0625,0.13920454545454544,success
paper_conventional-main-ants20-iterations5-epochs5-seed-42,paper_conventional,paper_faithful,iteration_based_paper_interpretation,main,20,5,5,42,3,,4,before_sampling,optimizer,6,"""ftrl""","""ftrl""",2.8125,0.1278409090909091,success
paper_conventional-main-ants20-iterations5-epochs5-seed-42,paper_conventional,paper_faithful,iteration_based_paper_interpretation,main,20,5,5,42,3,,4,before_sampling,optimizer,7,"""nadam""","""nadam""",1.8125,0.08238636363636363,success
paper_conventional-main-ants20-iterations5-epochs5-seed-42,paper_conventional,paper_faithful,iteration_based_paper_interpretation,main,20,5,5,42,3,,4,before_sampling,loss,0,"""sparse_categorical_crossentropy""","""sparse_categorical_crossentropy""",1.4375,0.06534090909090909,success
paper_conventional-main-ants20-iterations5-epochs5-seed-42,paper_conventional,paper_faithful,iteration_based_paper_interpretation,main,20,5,5,42,3,,4,before_sampling,loss,1,"""categorical_crossentropy""","""categorical_crossentropy""",3.1875,0.14488636363636365,success
paper_conventional-main-ants20-iterations5-epochs5-seed-42,paper_conventional,paper_faithful,iteration_based_paper_interpretation,main,20,5,5,42,3,,4,before_sampling,loss,2,"""binary_crossentropy""","""binary_crossentropy""",1.4375,0.06534090909090909,success
paper_conventional-main-ants20-iterations5-epochs5-seed-42,paper_conventional,paper_faithful,iteration_based_paper_interpretation,main,20,5,5,42,3,,4,before_sampling,loss,3,"""mean_absolute_error""","""mean_absolute_error""",2.8125,0.1278409090909091,success
paper_conventional-main-ants20-iterations5-epochs5-seed-42,paper_conventional,paper_faithful,iteration_based_paper_interpretation,main,20,5,5,42,3,,4,before_sampling,loss,4,"""mean_squared_error""","""mean_squared_error""",2.4375,0.11079545454545454,success
paper_conventional-main-ants20-iterations5-epochs5-seed-42,paper_conventional,paper_faithful,iteration_based_paper_interpretation,main,20,5,5,42,3,,4,before_sampling,loss,5,"""squared_hinge""","""squared_hinge""",2.1875,0.09943181818181818,success
paper_conventional-main-ants20-iterations5-epochs5-seed-42,paper_conventional,paper_faithful,iteration_based_paper_interpretation,main,20,5,5,42,3,,4,before_sampling,loss,6,"""categorical_hinge""","""categorical_hinge""",4.4375,0.20170454545454544,success
paper_conventional-main-ants20-iterations5-epochs5-seed-42,paper_conventional,paper_faithful,iteration_based_paper_interpretation,main,20,5,5,42,3,,4,before_sampling,loss,7,"""cosine_similarity""","""cosine_similarity""",4.0625,0.1846590909090909,success
paper_conventional-main-ants20-iterations5-epochs5-seed-42,paper_conventional,paper_faithful,iteration_based_paper_interpretation,main,20,5,5,42,3,,5,after_update,dense_units_1,0,16,16,1.953125,0.07370283018867925,success
paper_conventional-main-ants20-iterations5-epochs5-seed-42,paper_conventional,paper_faithful,iteration_based_paper_interpretation,main,20,5,5,42,3,,5,after_update,dense_units_1,1,32,32,4.765625,0.17983490566037735,success
paper_conventional-main-ants20-iterations5-epochs5-seed-42,paper_conventional,paper_faithful,iteration_based_paper_interpretation,main,20,5,5,42,3,,5,after_update,dense_units_1,2,64,64,3.890625,0.14681603773584906,success
paper_conventional-main-ants20-iterations5-epochs5-seed-42,paper_conventional,paper_faithful,iteration_based_paper_interpretation,main,20,5,5,42,3,,5,after_update,dense_units_1,3,128,128,2.015625,0.07606132075471699,success
paper_conventional-main-ants20-iterations5-epochs5-seed-42,paper_conventional,paper_faithful,iteration_based_paper_interpretation,main,20,5,5,42,3,,5,after_update,dense_units_1,4,256,256,2.859375,0.10790094339622641,success
paper_conventional-main-ants20-iterations5-epochs5-seed-42,paper_conventional,paper_faithful,iteration_based_paper_interpretation,main,20,5,5,42,3,,5,after_update,dense_units_1,5,512,512,2.265625,0.08549528301886793,success
paper_conventional-main-ants20-iterations5-epochs5-seed-42,paper_conventional,paper_faithful,iteration_based_paper_interpretation,main,20,5,5,42,3,,5,after_update,dense_units_1,6,1024,1024,5.296875,0.19988207547169812,success
paper_conventional-main-ants20-iterations5-epochs5-seed-42,paper_conventional,paper_faithful,iteration_based_paper_interpretation,main,20,5,5,42,3,,5,after_update,dense_units_1,7,2048,2048,3.453125,0.1303066037735849,success
paper_conventional-main-ants20-iterations5-epochs5-seed-42,paper_conventional,paper_faithful,iteration_based_paper_interpretation,main,20,5,5,42,3,,5,after_update,dense_units_2,0,16,16,1.734375,0.06544811320754718,success
paper_conventional-main-ants20-iterations5-epochs5-seed-42,paper_conventional,paper_faithful,iteration_based_paper_interpretation,main,20,5,5,42,3,,5,after_update,dense_units_2,1,32,32,3.890625,0.14681603773584906,success
paper_conventional-main-ants20-iterations5-epochs5-seed-42,paper_conventional,paper_faithful,iteration_based_paper_interpretation,main,20,5,5,42,3,,5,after_update,dense_units_2,2,64,64,1.484375,0.05601415094339623,success
paper_conventional-main-ants20-iterations5-epochs5-seed-42,paper_conventional,paper_faithful,iteration_based_paper_interpretation,main,20,5,5,42,3,,5,after_update,dense_units_2,3,128,128,4.546875,0.1715801886792453,success
paper_conventional-main-ants20-iterations5-epochs5-seed-42,paper_conventional,paper_faithful,iteration_based_paper_interpretation,main,20,5,5,42,3,,5,after_update,dense_units_2,4,256,256,4.734375,0.1786556603773585,success
paper_conventional-main-ants20-iterations5-epochs5-seed-42,paper_conventional,paper_faithful,iteration_based_paper_interpretation,main,20,5,5,42,3,,5,after_update,dense_units_2,5,512,512,4.609375,0.17393867924528303,success
paper_conventional-main-ants20-iterations5-epochs5-seed-42,paper_conventional,paper_faithful,iteration_based_paper_interpretation,main,20,5,5,42,3,,5,after_update,dense_units_2,6,1024,1024,3.328125,0.12558962264150944,success
paper_conventional-main-ants20-iterations5-epochs5-seed-42,paper_conventional,paper_faithful,iteration_based_paper_interpretation,main,20,5,5,42,3,,5,after_update,dense_units_2,7,2048,2048,2.171875,0.08195754716981132,success
paper_conventional-main-ants20-iterations5-epochs5-seed-42,paper_conventional,paper_faithful,iteration_based_paper_interpretation,main,20,5,5,42,3,,5,after_update,dropout_1,0,0.1,0.1,5.171875,0.19516509433962265,success
paper_conventional-main-ants20-iterations5-epochs5-seed-42,paper_conventional,paper_faithful,iteration_based_paper_interpretation,main,20,5,5,42,3,,5,after_update,dropout_1,1,0.2,0.2,6.953125,0.2623820754716981,success
paper_conventional-main-ants20-iterations5-epochs5-seed-42,paper_conventional,paper_faithful,iteration_based_paper_interpretation,main,20,5,5,42,3,,5,after_update,dropout_1,2,0.3,0.3,1.859375,0.07016509433962265,success
paper_conventional-main-ants20-iterations5-epochs5-seed-42,paper_conventional,paper_faithful,iteration_based_paper_interpretation,main,20,5,5,42,3,,5,after_update,dropout_1,3,0.4,0.4,1.640625,0.061910377358490566,success
paper_conventional-main-ants20-iterations5-epochs5-seed-42,paper_conventional,paper_faithful,iteration_based_paper_interpretation,main,20,5,5,42,3,,5,after_update,dropout_1,4,0.5,0.5,3.328125,0.12558962264150944,success
paper_conventional-main-ants20-iterations5-epochs5-seed-42,paper_conventional,paper_faithful,iteration_based_paper_interpretation,main,20,5,5,42,3,,5,after_update,dropout_1,5,0.6,0.6,3.578125,0.13502358490566038,success
paper_conventional-main-ants20-iterations5-epochs5-seed-42,paper_conventional,paper_faithful,iteration_based_paper_interpretation,main,20,5,5,42,3,,5,after_update,dropout_1,6,0.7,0.7,3.546875,0.1338443396226415,success
paper_conventional-main-ants20-iterations5-epochs5-seed-42,paper_conventional,paper_faithful,iteration_based_paper_interpretation,main,20,5,5,42,3,,5,after_update,dropout_1,7,0.8,0.8,0.421875,0.015919811320754717,success
paper_conventional-main-ants20-iterations5-epochs5-seed-42,paper_conventional,paper_faithful,iteration_based_paper_interpretation,main,20,5,5,42,3,,5,after_update,dropout_2,0,0.1,0.1,5.921875,0.22346698113207547,success
paper_conventional-main-ants20-iterations5-epochs5-seed-42,paper_conventional,paper_faithful,iteration_based_paper_interpretation,main,20,5,5,42,3,,5,after_update,dropout_2,1,0.2,0.2,3.234375,0.12205188679245282,success
paper_conventional-main-ants20-iterations5-epochs5-seed-42,paper_conventional,paper_faithful,iteration_based_paper_interpretation,main,20,5,5,42,3,,5,after_update,dropout_2,2,0.3,0.3,3.171875,0.11969339622641509,success
paper_conventional-main-ants20-iterations5-epochs5-seed-42,paper_conventional,paper_faithful,iteration_based_paper_interpretation,main,20,5,5,42,3,,5,after_update,dropout_2,3,0.4,0.4,2.453125,0.09257075471698113,success
paper_conventional-main-ants20-iterations5-epochs5-seed-42,paper_conventional,paper_faithful,iteration_based_paper_interpretation,main,20,5,5,42,3,,5,after_update,dropout_2,4,0.5,0.5,2.828125,0.10672169811320754,success
paper_conventional-main-ants20-iterations5-epochs5-seed-42,paper_conventional,paper_faithful,iteration_based_paper_interpretation,main,20,5,5,42,3,,5,after_update,dropout_2,5,0.6,0.6,3.171875,0.11969339622641509,success
paper_conventional-main-ants20-iterations5-epochs5-seed-42,paper_conventional,paper_faithful,iteration_based_paper_interpretation,main,20,5,5,42,3,,5,after_update,dropout_2,6,0.7,0.7,2.078125,0.07841981132075472,success
paper_conventional-main-ants20-iterations5-epochs5-seed-42,paper_conventional,paper_faithful,iteration_based_paper_interpretation,main,20,5,5,42,3,,5,after_update,dropout_2,7,0.8,0.8,3.640625,0.13738207547169812,success
paper_conventional-main-ants20-iterations5-epochs5-seed-42,paper_conventional,paper_faithful,iteration_based_paper_interpretation,main,20,5,5,42,3,,5,after_update,batch_size,0,16,16,6.328125,0.23879716981132076,success
paper_conventional-main-ants20-iterations5-epochs5-seed-42,paper_conventional,paper_faithful,iteration_based_paper_interpretation,main,20,5,5,42,3,,5,after_update,batch_size,1,32,32,2.609375,0.09846698113207547,success
paper_conventional-main-ants20-iterations5-epochs5-seed-42,paper_conventional,paper_faithful,iteration_based_paper_interpretation,main,20,5,5,42,3,,5,after_update,batch_size,2,64,64,2.734375,0.10318396226415094,success
paper_conventional-main-ants20-iterations5-epochs5-seed-42,paper_conventional,paper_faithful,iteration_based_paper_interpretation,main,20,5,5,42,3,,5,after_update,batch_size,3,128,128,3.390625,0.12794811320754718,success
paper_conventional-main-ants20-iterations5-epochs5-seed-42,paper_conventional,paper_faithful,iteration_based_paper_interpretation,main,20,5,5,42,3,,5,after_update,batch_size,4,256,256,4.703125,0.17747641509433962,success
paper_conventional-main-ants20-iterations5-epochs5-seed-42,paper_conventional,paper_faithful,iteration_based_paper_interpretation,main,20,5,5,42,3,,5,after_update,batch_size,5,512,512,1.859375,0.07016509433962265,success
paper_conventional-main-ants20-iterations5-epochs5-seed-42,paper_conventional,paper_faithful,iteration_based_paper_interpretation,main,20,5,5,42,3,,5,after_update,batch_size,6,1024,1024,3.296875,0.12441037735849056,success
paper_conventional-main-ants20-iterations5-epochs5-seed-42,paper_conventional,paper_faithful,iteration_based_paper_interpretation,main,20,5,5,42,3,,5,after_update,batch_size,7,2048,2048,1.578125,0.05955188679245283,success
paper_conventional-main-ants20-iterations5-epochs5-seed-42,paper_conventional,paper_faithful,iteration_based_paper_interpretation,main,20,5,5,42,3,,5,after_update,activation,0,"""relu""","""relu""",3.109375,0.11733490566037735,success
paper_conventional-main-ants20-iterations5-epochs5-seed-42,paper_conventional,paper_faithful,iteration_based_paper_interpretation,main,20,5,5,42,3,,5,after_update,activation,1,"""sigmoid""","""sigmoid""",2.171875,0.08195754716981132,success
paper_conventional-main-ants20-iterations5-epochs5-seed-42,paper_conventional,paper_faithful,iteration_based_paper_interpretation,main,20,5,5,42,3,,5,after_update,activation,2,"""softplus""","""softplus""",3.109375,0.11733490566037735,success
paper_conventional-main-ants20-iterations5-epochs5-seed-42,paper_conventional,paper_faithful,iteration_based_paper_interpretation,main,20,5,5,42,3,,5,after_update,activation,3,"""softsign""","""softsign""",4.734375,0.1786556603773585,success
paper_conventional-main-ants20-iterations5-epochs5-seed-42,paper_conventional,paper_faithful,iteration_based_paper_interpretation,main,20,5,5,42,3,,5,after_update,activation,4,"""tanh""","""tanh""",0.796875,0.030070754716981132,success
paper_conventional-main-ants20-iterations5-epochs5-seed-42,paper_conventional,paper_faithful,iteration_based_paper_interpretation,main,20,5,5,42,3,,5,after_update,activation,5,"""selu""","""selu""",3.984375,0.15035377358490565,success
paper_conventional-main-ants20-iterations5-epochs5-seed-42,paper_conventional,paper_faithful,iteration_based_paper_interpretation,main,20,5,5,42,3,,5,after_update,activation,6,"""gelu""","""gelu""",5.359375,0.20224056603773585,success
paper_conventional-main-ants20-iterations5-epochs5-seed-42,paper_conventional,paper_faithful,iteration_based_paper_interpretation,main,20,5,5,42,3,,5,after_update,activation,7,"""linear""","""linier""",3.234375,0.12205188679245282,success
paper_conventional-main-ants20-iterations5-epochs5-seed-42,paper_conventional,paper_faithful,iteration_based_paper_interpretation,main,20,5,5,42,3,,5,after_update,optimizer,0,"""adam""","""adam""",1.796875,0.06780660377358491,success
paper_conventional-main-ants20-iterations5-epochs5-seed-42,paper_conventional,paper_faithful,iteration_based_paper_interpretation,main,20,5,5,42,3,,5,after_update,optimizer,1,"""rmsprop""","""rmsprop""",3.984375,0.15035377358490565,success
paper_conventional-main-ants20-iterations5-epochs5-seed-42,paper_conventional,paper_faithful,iteration_based_paper_interpretation,main,20,5,5,42,3,,5,after_update,optimizer,2,"""sgd""","""sgd""",2.890625,0.10908018867924528,success
paper_conventional-main-ants20-iterations5-epochs5-seed-42,paper_conventional,paper_faithful,iteration_based_paper_interpretation,main,20,5,5,42,3,,5,after_update,optimizer,3,"""adadelta""","""adadelta""",3.296875,0.12441037735849056,success
paper_conventional-main-ants20-iterations5-epochs5-seed-42,paper_conventional,paper_faithful,iteration_based_paper_interpretation,main,20,5,5,42,3,,5,after_update,optimizer,4,"""adagrad""","""adagrad""",4.765625,0.17983490566037735,success
paper_conventional-main-ants20-iterations5-epochs5-seed-42,paper_conventional,paper_faithful,iteration_based_paper_interpretation,main,20,5,5,42,3,,5,after_update,optimizer,5,"""adamax""","""adamax""",3.796875,0.14327830188679244,success
paper_conventional-main-ants20-iterations5-epochs5-seed-42,paper_conventional,paper_faithful,iteration_based_paper_interpretation,main,20,5,5,42,3,,5,after_update,optimizer,6,"""ftrl""","""ftrl""",3.109375,0.11733490566037735,success
paper_conventional-main-ants20-iterations5-epochs5-seed-42,paper_conventional,paper_faithful,iteration_based_paper_interpretation,main,20,5,5,42,3,,5,after_update,optimizer,7,"""nadam""","""nadam""",2.859375,0.10790094339622641,success
paper_conventional-main-ants20-iterations5-epochs5-seed-42,paper_conventional,paper_faithful,iteration_based_paper_interpretation,main,20,5,5,42,3,,5,after_update,loss,0,"""sparse_categorical_crossentropy""","""sparse_categorical_crossentropy""",1.578125,0.05955188679245283,success
paper_conventional-main-ants20-iterations5-epochs5-seed-42,paper_conventional,paper_faithful,iteration_based_paper_interpretation,main,20,5,5,42,3,,5,after_update,loss,1,"""categorical_crossentropy""","""categorical_crossentropy""",4.390625,0.16568396226415094,success
paper_conventional-main-ants20-iterations5-epochs5-seed-42,paper_conventional,paper_faithful,iteration_based_paper_interpretation,main,20,5,5,42,3,,5,after_update,loss,2,"""binary_crossentropy""","""binary_crossentropy""",1.578125,0.05955188679245283,success
paper_conventional-main-ants20-iterations5-epochs5-seed-42,paper_conventional,paper_faithful,iteration_based_paper_interpretation,main,20,5,5,42,3,,5,after_update,loss,3,"""mean_absolute_error""","""mean_absolute_error""",2.609375,0.09846698113207547,success
paper_conventional-main-ants20-iterations5-epochs5-seed-42,paper_conventional,paper_faithful,iteration_based_paper_interpretation,main,20,5,5,42,3,,5,after_update,loss,4,"""mean_squared_error""","""mean_squared_error""",3.828125,0.14445754716981132,success
paper_conventional-main-ants20-iterations5-epochs5-seed-42,paper_conventional,paper_faithful,iteration_based_paper_interpretation,main,20,5,5,42,3,,5,after_update,loss,5,"""squared_hinge""","""squared_hinge""",3.640625,0.13738207547169812,success
paper_conventional-main-ants20-iterations5-epochs5-seed-42,paper_conventional,paper_faithful,iteration_based_paper_interpretation,main,20,5,5,42,3,,5,after_update,loss,6,"""categorical_hinge""","""categorical_hinge""",5.328125,0.20106132075471697,success
paper_conventional-main-ants20-iterations5-epochs5-seed-42,paper_conventional,paper_faithful,iteration_based_paper_interpretation,main,20,5,5,42,3,,5,after_update,loss,7,"""cosine_similarity""","""cosine_similarity""",3.546875,0.1338443396226415,success
paper_conventional-main-ants20-iterations5-epochs5-seed-42,paper_conventional,paper_faithful,iteration_based_paper_interpretation,main,20,5,5,42,4,,6,before_sampling,dense_units_1,0,16,16,1.953125,0.07370283018867925,success
paper_conventional-main-ants20-iterations5-epochs5-seed-42,paper_conventional,paper_faithful,iteration_based_paper_interpretation,main,20,5,5,42,4,,6,before_sampling,dense_units_1,1,32,32,4.765625,0.17983490566037735,success
paper_conventional-main-ants20-iterations5-epochs5-seed-42,paper_conventional,paper_faithful,iteration_based_paper_interpretation,main,20,5,5,42,4,,6,before_sampling,dense_units_1,2,64,64,3.890625,0.14681603773584906,success
paper_conventional-main-ants20-iterations5-epochs5-seed-42,paper_conventional,paper_faithful,iteration_based_paper_interpretation,main,20,5,5,42,4,,6,before_sampling,dense_units_1,3,128,128,2.015625,0.07606132075471699,success
paper_conventional-main-ants20-iterations5-epochs5-seed-42,paper_conventional,paper_faithful,iteration_based_paper_interpretation,main,20,5,5,42,4,,6,before_sampling,dense_units_1,4,256,256,2.859375,0.10790094339622641,success
paper_conventional-main-ants20-iterations5-epochs5-seed-42,paper_conventional,paper_faithful,iteration_based_paper_interpretation,main,20,5,5,42,4,,6,before_sampling,dense_units_1,5,512,512,2.265625,0.08549528301886793,success
paper_conventional-main-ants20-iterations5-epochs5-seed-42,paper_conventional,paper_faithful,iteration_based_paper_interpretation,main,20,5,5,42,4,,6,before_sampling,dense_units_1,6,1024,1024,5.296875,0.19988207547169812,success
paper_conventional-main-ants20-iterations5-epochs5-seed-42,paper_conventional,paper_faithful,iteration_based_paper_interpretation,main,20,5,5,42,4,,6,before_sampling,dense_units_1,7,2048,2048,3.453125,0.1303066037735849,success
paper_conventional-main-ants20-iterations5-epochs5-seed-42,paper_conventional,paper_faithful,iteration_based_paper_interpretation,main,20,5,5,42,4,,6,before_sampling,dense_units_2,0,16,16,1.734375,0.06544811320754718,success
paper_conventional-main-ants20-iterations5-epochs5-seed-42,paper_conventional,paper_faithful,iteration_based_paper_interpretation,main,20,5,5,42,4,,6,before_sampling,dense_units_2,1,32,32,3.890625,0.14681603773584906,success
paper_conventional-main-ants20-iterations5-epochs5-seed-42,paper_conventional,paper_faithful,iteration_based_paper_interpretation,main,20,5,5,42,4,,6,before_sampling,dense_units_2,2,64,64,1.484375,0.05601415094339623,success
paper_conventional-main-ants20-iterations5-epochs5-seed-42,paper_conventional,paper_faithful,iteration_based_paper_interpretation,main,20,5,5,42,4,,6,before_sampling,dense_units_2,3,128,128,4.546875,0.1715801886792453,success
paper_conventional-main-ants20-iterations5-epochs5-seed-42,paper_conventional,paper_faithful,iteration_based_paper_interpretation,main,20,5,5,42,4,,6,before_sampling,dense_units_2,4,256,256,4.734375,0.1786556603773585,success
paper_conventional-main-ants20-iterations5-epochs5-seed-42,paper_conventional,paper_faithful,iteration_based_paper_interpretation,main,20,5,5,42,4,,6,before_sampling,dense_units_2,5,512,512,4.609375,0.17393867924528303,success
paper_conventional-main-ants20-iterations5-epochs5-seed-42,paper_conventional,paper_faithful,iteration_based_paper_interpretation,main,20,5,5,42,4,,6,before_sampling,dense_units_2,6,1024,1024,3.328125,0.12558962264150944,success
paper_conventional-main-ants20-iterations5-epochs5-seed-42,paper_conventional,paper_faithful,iteration_based_paper_interpretation,main,20,5,5,42,4,,6,before_sampling,dense_units_2,7,2048,2048,2.171875,0.08195754716981132,success
paper_conventional-main-ants20-iterations5-epochs5-seed-42,paper_conventional,paper_faithful,iteration_based_paper_interpretation,main,20,5,5,42,4,,6,before_sampling,dropout_1,0,0.1,0.1,5.171875,0.19516509433962265,success
paper_conventional-main-ants20-iterations5-epochs5-seed-42,paper_conventional,paper_faithful,iteration_based_paper_interpretation,main,20,5,5,42,4,,6,before_sampling,dropout_1,1,0.2,0.2,6.953125,0.2623820754716981,success
paper_conventional-main-ants20-iterations5-epochs5-seed-42,paper_conventional,paper_faithful,iteration_based_paper_interpretation,main,20,5,5,42,4,,6,before_sampling,dropout_1,2,0.3,0.3,1.859375,0.07016509433962265,success
paper_conventional-main-ants20-iterations5-epochs5-seed-42,paper_conventional,paper_faithful,iteration_based_paper_interpretation,main,20,5,5,42,4,,6,before_sampling,dropout_1,3,0.4,0.4,1.640625,0.061910377358490566,success
paper_conventional-main-ants20-iterations5-epochs5-seed-42,paper_conventional,paper_faithful,iteration_based_paper_interpretation,main,20,5,5,42,4,,6,before_sampling,dropout_1,4,0.5,0.5,3.328125,0.12558962264150944,success
paper_conventional-main-ants20-iterations5-epochs5-seed-42,paper_conventional,paper_faithful,iteration_based_paper_interpretation,main,20,5,5,42,4,,6,before_sampling,dropout_1,5,0.6,0.6,3.578125,0.13502358490566038,success
paper_conventional-main-ants20-iterations5-epochs5-seed-42,paper_conventional,paper_faithful,iteration_based_paper_interpretation,main,20,5,5,42,4,,6,before_sampling,dropout_1,6,0.7,0.7,3.546875,0.1338443396226415,success
paper_conventional-main-ants20-iterations5-epochs5-seed-42,paper_conventional,paper_faithful,iteration_based_paper_interpretation,main,20,5,5,42,4,,6,before_sampling,dropout_1,7,0.8,0.8,0.421875,0.015919811320754717,success
paper_conventional-main-ants20-iterations5-epochs5-seed-42,paper_conventional,paper_faithful,iteration_based_paper_interpretation,main,20,5,5,42,4,,6,before_sampling,dropout_2,0,0.1,0.1,5.921875,0.22346698113207547,success
paper_conventional-main-ants20-iterations5-epochs5-seed-42,paper_conventional,paper_faithful,iteration_based_paper_interpretation,main,20,5,5,42,4,,6,before_sampling,dropout_2,1,0.2,0.2,3.234375,0.12205188679245282,success
paper_conventional-main-ants20-iterations5-epochs5-seed-42,paper_conventional,paper_faithful,iteration_based_paper_interpretation,main,20,5,5,42,4,,6,before_sampling,dropout_2,2,0.3,0.3,3.171875,0.11969339622641509,success
paper_conventional-main-ants20-iterations5-epochs5-seed-42,paper_conventional,paper_faithful,iteration_based_paper_interpretation,main,20,5,5,42,4,,6,before_sampling,dropout_2,3,0.4,0.4,2.453125,0.09257075471698113,success
paper_conventional-main-ants20-iterations5-epochs5-seed-42,paper_conventional,paper_faithful,iteration_based_paper_interpretation,main,20,5,5,42,4,,6,before_sampling,dropout_2,4,0.5,0.5,2.828125,0.10672169811320754,success
paper_conventional-main-ants20-iterations5-epochs5-seed-42,paper_conventional,paper_faithful,iteration_based_paper_interpretation,main,20,5,5,42,4,,6,before_sampling,dropout_2,5,0.6,0.6,3.171875,0.11969339622641509,success
paper_conventional-main-ants20-iterations5-epochs5-seed-42,paper_conventional,paper_faithful,iteration_based_paper_interpretation,main,20,5,5,42,4,,6,before_sampling,dropout_2,6,0.7,0.7,2.078125,0.07841981132075472,success
paper_conventional-main-ants20-iterations5-epochs5-seed-42,paper_conventional,paper_faithful,iteration_based_paper_interpretation,main,20,5,5,42,4,,6,before_sampling,dropout_2,7,0.8,0.8,3.640625,0.13738207547169812,success
paper_conventional-main-ants20-iterations5-epochs5-seed-42,paper_conventional,paper_faithful,iteration_based_paper_interpretation,main,20,5,5,42,4,,6,before_sampling,batch_size,0,16,16,6.328125,0.23879716981132076,success
paper_conventional-main-ants20-iterations5-epochs5-seed-42,paper_conventional,paper_faithful,iteration_based_paper_interpretation,main,20,5,5,42,4,,6,before_sampling,batch_size,1,32,32,2.609375,0.09846698113207547,success
paper_conventional-main-ants20-iterations5-epochs5-seed-42,paper_conventional,paper_faithful,iteration_based_paper_interpretation,main,20,5,5,42,4,,6,before_sampling,batch_size,2,64,64,2.734375,0.10318396226415094,success
paper_conventional-main-ants20-iterations5-epochs5-seed-42,paper_conventional,paper_faithful,iteration_based_paper_interpretation,main,20,5,5,42,4,,6,before_sampling,batch_size,3,128,128,3.390625,0.12794811320754718,success
paper_conventional-main-ants20-iterations5-epochs5-seed-42,paper_conventional,paper_faithful,iteration_based_paper_interpretation,main,20,5,5,42,4,,6,before_sampling,batch_size,4,256,256,4.703125,0.17747641509433962,success
paper_conventional-main-ants20-iterations5-epochs5-seed-42,paper_conventional,paper_faithful,iteration_based_paper_interpretation,main,20,5,5,42,4,,6,before_sampling,batch_size,5,512,512,1.859375,0.07016509433962265,success
paper_conventional-main-ants20-iterations5-epochs5-seed-42,paper_conventional,paper_faithful,iteration_based_paper_interpretation,main,20,5,5,42,4,,6,before_sampling,batch_size,6,1024,1024,3.296875,0.12441037735849056,success
paper_conventional-main-ants20-iterations5-epochs5-seed-42,paper_conventional,paper_faithful,iteration_based_paper_interpretation,main,20,5,5,42,4,,6,before_sampling,batch_size,7,2048,2048,1.578125,0.05955188679245283,success
paper_conventional-main-ants20-iterations5-epochs5-seed-42,paper_conventional,paper_faithful,iteration_based_paper_interpretation,main,20,5,5,42,4,,6,before_sampling,activation,0,"""relu""","""relu""",3.109375,0.11733490566037735,success
paper_conventional-main-ants20-iterations5-epochs5-seed-42,paper_conventional,paper_faithful,iteration_based_paper_interpretation,main,20,5,5,42,4,,6,before_sampling,activation,1,"""sigmoid""","""sigmoid""",2.171875,0.08195754716981132,success
paper_conventional-main-ants20-iterations5-epochs5-seed-42,paper_conventional,paper_faithful,iteration_based_paper_interpretation,main,20,5,5,42,4,,6,before_sampling,activation,2,"""softplus""","""softplus""",3.109375,0.11733490566037735,success
paper_conventional-main-ants20-iterations5-epochs5-seed-42,paper_conventional,paper_faithful,iteration_based_paper_interpretation,main,20,5,5,42,4,,6,before_sampling,activation,3,"""softsign""","""softsign""",4.734375,0.1786556603773585,success
paper_conventional-main-ants20-iterations5-epochs5-seed-42,paper_conventional,paper_faithful,iteration_based_paper_interpretation,main,20,5,5,42,4,,6,before_sampling,activation,4,"""tanh""","""tanh""",0.796875,0.030070754716981132,success
paper_conventional-main-ants20-iterations5-epochs5-seed-42,paper_conventional,paper_faithful,iteration_based_paper_interpretation,main,20,5,5,42,4,,6,before_sampling,activation,5,"""selu""","""selu""",3.984375,0.15035377358490565,success
paper_conventional-main-ants20-iterations5-epochs5-seed-42,paper_conventional,paper_faithful,iteration_based_paper_interpretation,main,20,5,5,42,4,,6,before_sampling,activation,6,"""gelu""","""gelu""",5.359375,0.20224056603773585,success
paper_conventional-main-ants20-iterations5-epochs5-seed-42,paper_conventional,paper_faithful,iteration_based_paper_interpretation,main,20,5,5,42,4,,6,before_sampling,activation,7,"""linear""","""linier""",3.234375,0.12205188679245282,success
paper_conventional-main-ants20-iterations5-epochs5-seed-42,paper_conventional,paper_faithful,iteration_based_paper_interpretation,main,20,5,5,42,4,,6,before_sampling,optimizer,0,"""adam""","""adam""",1.796875,0.06780660377358491,success
paper_conventional-main-ants20-iterations5-epochs5-seed-42,paper_conventional,paper_faithful,iteration_based_paper_interpretation,main,20,5,5,42,4,,6,before_sampling,optimizer,1,"""rmsprop""","""rmsprop""",3.984375,0.15035377358490565,success
paper_conventional-main-ants20-iterations5-epochs5-seed-42,paper_conventional,paper_faithful,iteration_based_paper_interpretation,main,20,5,5,42,4,,6,before_sampling,optimizer,2,"""sgd""","""sgd""",2.890625,0.10908018867924528,success
paper_conventional-main-ants20-iterations5-epochs5-seed-42,paper_conventional,paper_faithful,iteration_based_paper_interpretation,main,20,5,5,42,4,,6,before_sampling,optimizer,3,"""adadelta""","""adadelta""",3.296875,0.12441037735849056,success
paper_conventional-main-ants20-iterations5-epochs5-seed-42,paper_conventional,paper_faithful,iteration_based_paper_interpretation,main,20,5,5,42,4,,6,before_sampling,optimizer,4,"""adagrad""","""adagrad""",4.765625,0.17983490566037735,success
paper_conventional-main-ants20-iterations5-epochs5-seed-42,paper_conventional,paper_faithful,iteration_based_paper_interpretation,main,20,5,5,42,4,,6,before_sampling,optimizer,5,"""adamax""","""adamax""",3.796875,0.14327830188679244,success
paper_conventional-main-ants20-iterations5-epochs5-seed-42,paper_conventional,paper_faithful,iteration_based_paper_interpretation,main,20,5,5,42,4,,6,before_sampling,optimizer,6,"""ftrl""","""ftrl""",3.109375,0.11733490566037735,success
paper_conventional-main-ants20-iterations5-epochs5-seed-42,paper_conventional,paper_faithful,iteration_based_paper_interpretation,main,20,5,5,42,4,,6,before_sampling,optimizer,7,"""nadam""","""nadam""",2.859375,0.10790094339622641,success
paper_conventional-main-ants20-iterations5-epochs5-seed-42,paper_conventional,paper_faithful,iteration_based_paper_interpretation,main,20,5,5,42,4,,6,before_sampling,loss,0,"""sparse_categorical_crossentropy""","""sparse_categorical_crossentropy""",1.578125,0.05955188679245283,success
paper_conventional-main-ants20-iterations5-epochs5-seed-42,paper_conventional,paper_faithful,iteration_based_paper_interpretation,main,20,5,5,42,4,,6,before_sampling,loss,1,"""categorical_crossentropy""","""categorical_crossentropy""",4.390625,0.16568396226415094,success
paper_conventional-main-ants20-iterations5-epochs5-seed-42,paper_conventional,paper_faithful,iteration_based_paper_interpretation,main,20,5,5,42,4,,6,before_sampling,loss,2,"""binary_crossentropy""","""binary_crossentropy""",1.578125,0.05955188679245283,success
paper_conventional-main-ants20-iterations5-epochs5-seed-42,paper_conventional,paper_faithful,iteration_based_paper_interpretation,main,20,5,5,42,4,,6,before_sampling,loss,3,"""mean_absolute_error""","""mean_absolute_error""",2.609375,0.09846698113207547,success
paper_conventional-main-ants20-iterations5-epochs5-seed-42,paper_conventional,paper_faithful,iteration_based_paper_interpretation,main,20,5,5,42,4,,6,before_sampling,loss,4,"""mean_squared_error""","""mean_squared_error""",3.828125,0.14445754716981132,success
paper_conventional-main-ants20-iterations5-epochs5-seed-42,paper_conventional,paper_faithful,iteration_based_paper_interpretation,main,20,5,5,42,4,,6,before_sampling,loss,5,"""squared_hinge""","""squared_hinge""",3.640625,0.13738207547169812,success
paper_conventional-main-ants20-iterations5-epochs5-seed-42,paper_conventional,paper_faithful,iteration_based_paper_interpretation,main,20,5,5,42,4,,6,before_sampling,loss,6,"""categorical_hinge""","""categorical_hinge""",5.328125,0.20106132075471697,success
paper_conventional-main-ants20-iterations5-epochs5-seed-42,paper_conventional,paper_faithful,iteration_based_paper_interpretation,main,20,5,5,42,4,,6,before_sampling,loss,7,"""cosine_similarity""","""cosine_similarity""",3.546875,0.1338443396226415,success
paper_conventional-main-ants20-iterations5-epochs5-seed-42,paper_conventional,paper_faithful,iteration_based_paper_interpretation,main,20,5,5,42,4,,7,after_update,dense_units_1,0,16,16,2.46484375,0.08250523012552301,success
paper_conventional-main-ants20-iterations5-epochs5-seed-42,paper_conventional,paper_faithful,iteration_based_paper_interpretation,main,20,5,5,42,4,,7,after_update,dense_units_1,1,32,32,5.07421875,0.16984832635983263,success
paper_conventional-main-ants20-iterations5-epochs5-seed-42,paper_conventional,paper_faithful,iteration_based_paper_interpretation,main,20,5,5,42,4,,7,after_update,dense_units_1,2,64,64,3.91796875,0.13114539748953974,success
paper_conventional-main-ants20-iterations5-epochs5-seed-42,paper_conventional,paper_faithful,iteration_based_paper_interpretation,main,20,5,5,42,4,,7,after_update,dense_units_1,3,128,128,2.51171875,0.08407426778242678,success
paper_conventional-main-ants20-iterations5-epochs5-seed-42,paper_conventional,paper_faithful,iteration_based_paper_interpretation,main,20,5,5,42,4,,7,after_update,dense_units_1,4,256,256,4.14453125,0.13872907949790794,success
paper_conventional-main-ants20-iterations5-epochs5-seed-42,paper_conventional,paper_faithful,iteration_based_paper_interpretation,main,20,5,5,42,4,,7,after_update,dense_units_1,5,512,512,1.69921875,0.056877615062761504,success
paper_conventional-main-ants20-iterations5-epochs5-seed-42,paper_conventional,paper_faithful,iteration_based_paper_interpretation,main,20,5,5,42,4,,7,after_update,dense_units_1,6,1024,1024,5.97265625,0.19992154811715482,success
paper_conventional-main-ants20-iterations5-epochs5-seed-42,paper_conventional,paper_faithful,iteration_based_paper_interpretation,main,20,5,5,42,4,,7,after_update,dense_units_1,7,2048,2048,4.08984375,0.13689853556485357,success
paper_conventional-main-ants20-iterations5-epochs5-seed-42,paper_conventional,paper_faithful,iteration_based_paper_interpretation,main,20,5,5,42,4,,7,after_update,dense_units_2,0,16,16,1.30078125,0.0435407949790795,success
paper_conventional-main-ants20-iterations5-epochs5-seed-42,paper_conventional,paper_faithful,iteration_based_paper_interpretation,main,20,5,5,42,4,,7,after_update,dense_units_2,1,32,32,3.41796875,0.11440899581589958,success
paper_conventional-main-ants20-iterations5-epochs5-seed-42,paper_conventional,paper_faithful,iteration_based_paper_interpretation,main,20,5,5,42,4,,7,after_update,dense_units_2,2,64,64,2.11328125,0.07073744769874477,success
paper_conventional-main-ants20-iterations5-epochs5-seed-42,paper_conventional,paper_faithful,iteration_based_paper_interpretation,main,20,5,5,42,4,,7,after_update,dense_units_2,3,128,128,6.41015625,0.21456589958158995,success
paper_conventional-main-ants20-iterations5-epochs5-seed-42,paper_conventional,paper_faithful,iteration_based_paper_interpretation,main,20,5,5,42,4,,7,after_update,dense_units_2,4,256,256,6.55078125,0.21927301255230125,success
paper_conventional-main-ants20-iterations5-epochs5-seed-42,paper_conventional,paper_faithful,iteration_based_paper_interpretation,main,20,5,5,42,4,,7,after_update,dense_units_2,5,512,512,4.95703125,0.16592573221757323,success
paper_conventional-main-ants20-iterations5-epochs5-seed-42,paper_conventional,paper_faithful,iteration_based_paper_interpretation,main,20,5,5,42,4,,7,after_update,dense_units_2,6,1024,1024,3.49609375,0.11702405857740586,success
paper_conventional-main-ants20-iterations5-epochs5-seed-42,paper_conventional,paper_faithful,iteration_based_paper_interpretation,main,20,5,5,42,4,,7,after_update,dense_units_2,7,2048,2048,1.62890625,0.05452405857740586,success
paper_conventional-main-ants20-iterations5-epochs5-seed-42,paper_conventional,paper_faithful,iteration_based_paper_interpretation,main,20,5,5,42,4,,7,after_update,dropout_1,0,0.1,0.1,7.37890625,0.2469926778242678,success
paper_conventional-main-ants20-iterations5-epochs5-seed-42,paper_conventional,paper_faithful,iteration_based_paper_interpretation,main,20,5,5,42,4,,7,after_update,dropout_1,1,0.2,0.2,7.71484375,0.2582374476987448,success
paper_conventional-main-ants20-iterations5-epochs5-seed-42,paper_conventional,paper_faithful,iteration_based_paper_interpretation,main,20,5,5,42,4,,7,after_update,dropout_1,2,0.3,0.3,1.39453125,0.04667887029288703,success
paper_conventional-main-ants20-iterations5-epochs5-seed-42,paper_conventional,paper_faithful,iteration_based_paper_interpretation,main,20,5,5,42,4,,7,after_update,dropout_1,3,0.4,0.4,2.23046875,0.07466004184100418,success
paper_conventional-main-ants20-iterations5-epochs5-seed-42,paper_conventional,paper_faithful,iteration_based_paper_interpretation,main,20,5,5,42,4,,7,after_update,dropout_1,4,0.5,0.5,3.49609375,0.11702405857740586,success
paper_conventional-main-ants20-iterations5-epochs5-seed-42,paper_conventional,paper_faithful,iteration_based_paper_interpretation,main,20,5,5,42,4,,7,after_update,dropout_1,5,0.6,0.6,3.68359375,0.12330020920502092,success
paper_conventional-main-ants20-iterations5-epochs5-seed-42,paper_conventional,paper_faithful,iteration_based_paper_interpretation,main,20,5,5,42,4,,7,after_update,dropout_1,6,0.7,0.7,3.66015625,0.12251569037656904,success
paper_conventional-main-ants20-iterations5-epochs5-seed-42,paper_conventional,paper_faithful,iteration_based_paper_interpretation,main,20,5,5,42,4,,7,after_update,dropout_1,7,0.8,0.8,0.31640625,0.010591004184100418,success
paper_conventional-main-ants20-iterations5-epochs5-seed-42,paper_conventional,paper_faithful,iteration_based_paper_interpretation,main,20,5,5,42,4,,7,after_update,dropout_2,0,0.1,0.1,6.94140625,0.23234832635983263,success
paper_conventional-main-ants20-iterations5-epochs5-seed-42,paper_conventional,paper_faithful,iteration_based_paper_interpretation,main,20,5,5,42,4,,7,after_update,dropout_2,1,0.2,0.2,4.92578125,0.1648797071129707,success
paper_conventional-main-ants20-iterations5-epochs5-seed-42,paper_conventional,paper_faithful,iteration_based_paper_interpretation,main,20,5,5,42,4,,7,after_update,dropout_2,2,0.3,0.3,2.37890625,0.0796286610878661,success
paper_conventional-main-ants20-iterations5-epochs5-seed-42,paper_conventional,paper_faithful,iteration_based_paper_interpretation,main,20,5,5,42,4,,7,after_update,dropout_2,3,0.4,0.4,2.33984375,0.07832112970711297,success
paper_conventional-main-ants20-iterations5-epochs5-seed-42,paper_conventional,paper_faithful,iteration_based_paper_interpretation,main,20,5,5,42,4,,7,after_update,dropout_2,4,0.5,0.5,4.12109375,0.13794456066945607,success
paper_conventional-main-ants20-iterations5-epochs5-seed-42,paper_conventional,paper_faithful,iteration_based_paper_interpretation,main,20,5,5,42,4,,7,after_update,dropout_2,5,0.6,0.6,3.37890625,0.11310146443514645,success
paper_conventional-main-ants20-iterations5-epochs5-seed-42,paper_conventional,paper_faithful,iteration_based_paper_interpretation,main,20,5,5,42,4,,7,after_update,dropout_2,6,0.7,0.7,3.05859375,0.10237970711297072,success
paper_conventional-main-ants20-iterations5-epochs5-seed-42,paper_conventional,paper_faithful,iteration_based_paper_interpretation,main,20,5,5,42,4,,7,after_update,dropout_2,7,0.8,0.8,2.73046875,0.09139644351464435,success
paper_conventional-main-ants20-iterations5-epochs5-seed-42,paper_conventional,paper_faithful,iteration_based_paper_interpretation,main,20,5,5,42,4,,7,after_update,batch_size,0,16,16,6.24609375,0.20907426778242677,success
paper_conventional-main-ants20-iterations5-epochs5-seed-42,paper_conventional,paper_faithful,iteration_based_paper_interpretation,main,20,5,5,42,4,,7,after_update,batch_size,1,32,32,2.95703125,0.09898012552301255,success
paper_conventional-main-ants20-iterations5-epochs5-seed-42,paper_conventional,paper_faithful,iteration_based_paper_interpretation,main,20,5,5,42,4,,7,after_update,batch_size,2,64,64,2.55078125,0.08538179916317992,success
paper_conventional-main-ants20-iterations5-epochs5-seed-42,paper_conventional,paper_faithful,iteration_based_paper_interpretation,main,20,5,5,42,4,,7,after_update,batch_size,3,128,128,4.54296875,0.15206589958158995,success
paper_conventional-main-ants20-iterations5-epochs5-seed-42,paper_conventional,paper_faithful,iteration_based_paper_interpretation,main,20,5,5,42,4,,7,after_update,batch_size,4,256,256,6.02734375,0.2017520920502092,success
paper_conventional-main-ants20-iterations5-epochs5-seed-42,paper_conventional,paper_faithful,iteration_based_paper_interpretation,main,20,5,5,42,4,,7,after_update,batch_size,5,512,512,2.39453125,0.08015167364016737,success
paper_conventional-main-ants20-iterations5-epochs5-seed-42,paper_conventional,paper_faithful,iteration_based_paper_interpretation,main,20,5,5,42,4,,7,after_update,batch_size,6,1024,1024,2.47265625,0.08276673640167365,success
paper_conventional-main-ants20-iterations5-epochs5-seed-42,paper_conventional,paper_faithful,iteration_based_paper_interpretation,main,20,5,5,42,4,,7,after_update,batch_size,7,2048,2048,2.68359375,0.08982740585774059,success
paper_conventional-main-ants20-iterations5-epochs5-seed-42,paper_conventional,paper_faithful,iteration_based_paper_interpretation,main,20,5,5,42,4,,7,after_update,activation,0,"""relu""","""relu""",3.33203125,0.11153242677824268,success
paper_conventional-main-ants20-iterations5-epochs5-seed-42,paper_conventional,paper_faithful,iteration_based_paper_interpretation,main,20,5,5,42,4,,7,after_update,activation,1,"""sigmoid""","""sigmoid""",1.62890625,0.05452405857740586,success
paper_conventional-main-ants20-iterations5-epochs5-seed-42,paper_conventional,paper_faithful,iteration_based_paper_interpretation,main,20,5,5,42,4,,7,after_update,activation,2,"""softplus""","""softplus""",2.83203125,0.09479602510460251,success
paper_conventional-main-ants20-iterations5-epochs5-seed-42,paper_conventional,paper_faithful,iteration_based_paper_interpretation,main,20,5,5,42,4,,7,after_update,activation,3,"""softsign""","""softsign""",6.05078125,0.2025366108786611,success
paper_conventional-main-ants20-iterations5-epochs5-seed-42,paper_conventional,paper_faithful,iteration_based_paper_interpretation,main,20,5,5,42,4,,7,after_update,activation,4,"""tanh""","""tanh""",0.59765625,0.02000523012552301,success
paper_conventional-main-ants20-iterations5-epochs5-seed-42,paper_conventional,paper_faithful,iteration_based_paper_interpretation,main,20,5,5,42,4,,7,after_update,activation,5,"""selu""","""selu""",5.48828125,0.1837081589958159,success
paper_conventional-main-ants20-iterations5-epochs5-seed-42,paper_conventional,paper_faithful,iteration_based_paper_interpretation,main,20,5,5,42,4,,7,after_update,activation,6,"""gelu""","""gelu""",6.51953125,0.21822698744769875,success
paper_conventional-main-ants20-iterations5-epochs5-seed-42,paper_conventional,paper_faithful,iteration_based_paper_interpretation,main,20,5,5,42,4,,7,after_update,activation,7,"""linear""","""linier""",3.42578125,0.11467050209205021,success
paper_conventional-main-ants20-iterations5-epochs5-seed-42,paper_conventional,paper_faithful,iteration_based_paper_interpretation,main,20,5,5,42,4,,7,after_update,optimizer,0,"""adam""","""adam""",2.34765625,0.0785826359832636,success
paper_conventional-main-ants20-iterations5-epochs5-seed-42,paper_conventional,paper_faithful,iteration_based_paper_interpretation,main,20,5,5,42,4,,7,after_update,optimizer,1,"""rmsprop""","""rmsprop""",3.98828125,0.1334989539748954,success
paper_conventional-main-ants20-iterations5-epochs5-seed-42,paper_conventional,paper_faithful,iteration_based_paper_interpretation,main,20,5,5,42,4,,7,after_update,optimizer,2,"""sgd""","""sgd""",2.66796875,0.08930439330543934,success
paper_conventional-main-ants20-iterations5-epochs5-seed-42,paper_conventional,paper_faithful,iteration_based_paper_interpretation,main,20,5,5,42,4,,7,after_update,optimizer,3,"""adadelta""","""adadelta""",2.47265625,0.08276673640167365,success
paper_conventional-main-ants20-iterations5-epochs5-seed-42,paper_conventional,paper_faithful,iteration_based_paper_interpretation,main,20,5,5,42,4,,7,after_update,optimizer,4,"""adagrad""","""adagrad""",5.07421875,0.16984832635983263,success
paper_conventional-main-ants20-iterations5-epochs5-seed-42,paper_conventional,paper_faithful,iteration_based_paper_interpretation,main,20,5,5,42,4,,7,after_update,optimizer,5,"""adamax""","""adamax""",3.84765625,0.1287918410041841,success
paper_conventional-main-ants20-iterations5-epochs5-seed-42,paper_conventional,paper_faithful,iteration_based_paper_interpretation,main,20,5,5,42,4,,7,after_update,optimizer,6,"""ftrl""","""ftrl""",4.33203125,0.14500523012552302,success
paper_conventional-main-ants20-iterations5-epochs5-seed-42,paper_conventional,paper_faithful,iteration_based_paper_interpretation,main,20,5,5,42,4,,7,after_update,optimizer,7,"""nadam""","""nadam""",5.14453125,0.17220188284518828,success
paper_conventional-main-ants20-iterations5-epochs5-seed-42,paper_conventional,paper_faithful,iteration_based_paper_interpretation,main,20,5,5,42,4,,7,after_update,loss,0,"""sparse_categorical_crossentropy""","""sparse_categorical_crossentropy""",1.68359375,0.056354602510460254,success
paper_conventional-main-ants20-iterations5-epochs5-seed-42,paper_conventional,paper_faithful,iteration_based_paper_interpretation,main,20,5,5,42,4,,7,after_update,loss,1,"""categorical_crossentropy""","""categorical_crossentropy""",4.79296875,0.16043410041841005,success
paper_conventional-main-ants20-iterations5-epochs5-seed-42,paper_conventional,paper_faithful,iteration_based_paper_interpretation,main,20,5,5,42,4,,7,after_update,loss,2,"""binary_crossentropy""","""binary_crossentropy""",1.68359375,0.056354602510460254,success
paper_conventional-main-ants20-iterations5-epochs5-seed-42,paper_conventional,paper_faithful,iteration_based_paper_interpretation,main,20,5,5,42,4,,7,after_update,loss,3,"""mean_absolute_error""","""mean_absolute_error""",1.95703125,0.06550732217573221,success
paper_conventional-main-ants20-iterations5-epochs5-seed-42,paper_conventional,paper_faithful,iteration_based_paper_interpretation,main,20,5,5,42,4,,7,after_update,loss,4,"""mean_squared_error""","""mean_squared_error""",5.87109375,0.19652196652719664,success
paper_conventional-main-ants20-iterations5-epochs5-seed-42,paper_conventional,paper_faithful,iteration_based_paper_interpretation,main,20,5,5,42,4,,7,after_update,loss,5,"""squared_hinge""","""squared_hinge""",3.73046875,0.12486924686192469,success
paper_conventional-main-ants20-iterations5-epochs5-seed-42,paper_conventional,paper_faithful,iteration_based_paper_interpretation,main,20,5,5,42,4,,7,after_update,loss,6,"""categorical_hinge""","""categorical_hinge""",6.49609375,0.21744246861924685,success
paper_conventional-main-ants20-iterations5-epochs5-seed-42,paper_conventional,paper_faithful,iteration_based_paper_interpretation,main,20,5,5,42,4,,7,after_update,loss,7,"""cosine_similarity""","""cosine_similarity""",3.66015625,0.12251569037656904,success
paper_conventional-main-ants20-iterations5-epochs5-seed-42,paper_conventional,paper_faithful,iteration_based_paper_interpretation,main,20,5,5,42,5,,8,before_sampling,dense_units_1,0,16,16,2.46484375,0.08250523012552301,success
paper_conventional-main-ants20-iterations5-epochs5-seed-42,paper_conventional,paper_faithful,iteration_based_paper_interpretation,main,20,5,5,42,5,,8,before_sampling,dense_units_1,1,32,32,5.07421875,0.16984832635983263,success
paper_conventional-main-ants20-iterations5-epochs5-seed-42,paper_conventional,paper_faithful,iteration_based_paper_interpretation,main,20,5,5,42,5,,8,before_sampling,dense_units_1,2,64,64,3.91796875,0.13114539748953974,success
paper_conventional-main-ants20-iterations5-epochs5-seed-42,paper_conventional,paper_faithful,iteration_based_paper_interpretation,main,20,5,5,42,5,,8,before_sampling,dense_units_1,3,128,128,2.51171875,0.08407426778242678,success
paper_conventional-main-ants20-iterations5-epochs5-seed-42,paper_conventional,paper_faithful,iteration_based_paper_interpretation,main,20,5,5,42,5,,8,before_sampling,dense_units_1,4,256,256,4.14453125,0.13872907949790794,success
paper_conventional-main-ants20-iterations5-epochs5-seed-42,paper_conventional,paper_faithful,iteration_based_paper_interpretation,main,20,5,5,42,5,,8,before_sampling,dense_units_1,5,512,512,1.69921875,0.056877615062761504,success
paper_conventional-main-ants20-iterations5-epochs5-seed-42,paper_conventional,paper_faithful,iteration_based_paper_interpretation,main,20,5,5,42,5,,8,before_sampling,dense_units_1,6,1024,1024,5.97265625,0.19992154811715482,success
paper_conventional-main-ants20-iterations5-epochs5-seed-42,paper_conventional,paper_faithful,iteration_based_paper_interpretation,main,20,5,5,42,5,,8,before_sampling,dense_units_1,7,2048,2048,4.08984375,0.13689853556485357,success
paper_conventional-main-ants20-iterations5-epochs5-seed-42,paper_conventional,paper_faithful,iteration_based_paper_interpretation,main,20,5,5,42,5,,8,before_sampling,dense_units_2,0,16,16,1.30078125,0.0435407949790795,success
paper_conventional-main-ants20-iterations5-epochs5-seed-42,paper_conventional,paper_faithful,iteration_based_paper_interpretation,main,20,5,5,42,5,,8,before_sampling,dense_units_2,1,32,32,3.41796875,0.11440899581589958,success
paper_conventional-main-ants20-iterations5-epochs5-seed-42,paper_conventional,paper_faithful,iteration_based_paper_interpretation,main,20,5,5,42,5,,8,before_sampling,dense_units_2,2,64,64,2.11328125,0.07073744769874477,success
paper_conventional-main-ants20-iterations5-epochs5-seed-42,paper_conventional,paper_faithful,iteration_based_paper_interpretation,main,20,5,5,42,5,,8,before_sampling,dense_units_2,3,128,128,6.41015625,0.21456589958158995,success
paper_conventional-main-ants20-iterations5-epochs5-seed-42,paper_conventional,paper_faithful,iteration_based_paper_interpretation,main,20,5,5,42,5,,8,before_sampling,dense_units_2,4,256,256,6.55078125,0.21927301255230125,success
paper_conventional-main-ants20-iterations5-epochs5-seed-42,paper_conventional,paper_faithful,iteration_based_paper_interpretation,main,20,5,5,42,5,,8,before_sampling,dense_units_2,5,512,512,4.95703125,0.16592573221757323,success
paper_conventional-main-ants20-iterations5-epochs5-seed-42,paper_conventional,paper_faithful,iteration_based_paper_interpretation,main,20,5,5,42,5,,8,before_sampling,dense_units_2,6,1024,1024,3.49609375,0.11702405857740586,success
paper_conventional-main-ants20-iterations5-epochs5-seed-42,paper_conventional,paper_faithful,iteration_based_paper_interpretation,main,20,5,5,42,5,,8,before_sampling,dense_units_2,7,2048,2048,1.62890625,0.05452405857740586,success
paper_conventional-main-ants20-iterations5-epochs5-seed-42,paper_conventional,paper_faithful,iteration_based_paper_interpretation,main,20,5,5,42,5,,8,before_sampling,dropout_1,0,0.1,0.1,7.37890625,0.2469926778242678,success
paper_conventional-main-ants20-iterations5-epochs5-seed-42,paper_conventional,paper_faithful,iteration_based_paper_interpretation,main,20,5,5,42,5,,8,before_sampling,dropout_1,1,0.2,0.2,7.71484375,0.2582374476987448,success
paper_conventional-main-ants20-iterations5-epochs5-seed-42,paper_conventional,paper_faithful,iteration_based_paper_interpretation,main,20,5,5,42,5,,8,before_sampling,dropout_1,2,0.3,0.3,1.39453125,0.04667887029288703,success
paper_conventional-main-ants20-iterations5-epochs5-seed-42,paper_conventional,paper_faithful,iteration_based_paper_interpretation,main,20,5,5,42,5,,8,before_sampling,dropout_1,3,0.4,0.4,2.23046875,0.07466004184100418,success
paper_conventional-main-ants20-iterations5-epochs5-seed-42,paper_conventional,paper_faithful,iteration_based_paper_interpretation,main,20,5,5,42,5,,8,before_sampling,dropout_1,4,0.5,0.5,3.49609375,0.11702405857740586,success
paper_conventional-main-ants20-iterations5-epochs5-seed-42,paper_conventional,paper_faithful,iteration_based_paper_interpretation,main,20,5,5,42,5,,8,before_sampling,dropout_1,5,0.6,0.6,3.68359375,0.12330020920502092,success
paper_conventional-main-ants20-iterations5-epochs5-seed-42,paper_conventional,paper_faithful,iteration_based_paper_interpretation,main,20,5,5,42,5,,8,before_sampling,dropout_1,6,0.7,0.7,3.66015625,0.12251569037656904,success
paper_conventional-main-ants20-iterations5-epochs5-seed-42,paper_conventional,paper_faithful,iteration_based_paper_interpretation,main,20,5,5,42,5,,8,before_sampling,dropout_1,7,0.8,0.8,0.31640625,0.010591004184100418,success
paper_conventional-main-ants20-iterations5-epochs5-seed-42,paper_conventional,paper_faithful,iteration_based_paper_interpretation,main,20,5,5,42,5,,8,before_sampling,dropout_2,0,0.1,0.1,6.94140625,0.23234832635983263,success
paper_conventional-main-ants20-iterations5-epochs5-seed-42,paper_conventional,paper_faithful,iteration_based_paper_interpretation,main,20,5,5,42,5,,8,before_sampling,dropout_2,1,0.2,0.2,4.92578125,0.1648797071129707,success
paper_conventional-main-ants20-iterations5-epochs5-seed-42,paper_conventional,paper_faithful,iteration_based_paper_interpretation,main,20,5,5,42,5,,8,before_sampling,dropout_2,2,0.3,0.3,2.37890625,0.0796286610878661,success
paper_conventional-main-ants20-iterations5-epochs5-seed-42,paper_conventional,paper_faithful,iteration_based_paper_interpretation,main,20,5,5,42,5,,8,before_sampling,dropout_2,3,0.4,0.4,2.33984375,0.07832112970711297,success
paper_conventional-main-ants20-iterations5-epochs5-seed-42,paper_conventional,paper_faithful,iteration_based_paper_interpretation,main,20,5,5,42,5,,8,before_sampling,dropout_2,4,0.5,0.5,4.12109375,0.13794456066945607,success
paper_conventional-main-ants20-iterations5-epochs5-seed-42,paper_conventional,paper_faithful,iteration_based_paper_interpretation,main,20,5,5,42,5,,8,before_sampling,dropout_2,5,0.6,0.6,3.37890625,0.11310146443514645,success
paper_conventional-main-ants20-iterations5-epochs5-seed-42,paper_conventional,paper_faithful,iteration_based_paper_interpretation,main,20,5,5,42,5,,8,before_sampling,dropout_2,6,0.7,0.7,3.05859375,0.10237970711297072,success
paper_conventional-main-ants20-iterations5-epochs5-seed-42,paper_conventional,paper_faithful,iteration_based_paper_interpretation,main,20,5,5,42,5,,8,before_sampling,dropout_2,7,0.8,0.8,2.73046875,0.09139644351464435,success
paper_conventional-main-ants20-iterations5-epochs5-seed-42,paper_conventional,paper_faithful,iteration_based_paper_interpretation,main,20,5,5,42,5,,8,before_sampling,batch_size,0,16,16,6.24609375,0.20907426778242677,success
paper_conventional-main-ants20-iterations5-epochs5-seed-42,paper_conventional,paper_faithful,iteration_based_paper_interpretation,main,20,5,5,42,5,,8,before_sampling,batch_size,1,32,32,2.95703125,0.09898012552301255,success
paper_conventional-main-ants20-iterations5-epochs5-seed-42,paper_conventional,paper_faithful,iteration_based_paper_interpretation,main,20,5,5,42,5,,8,before_sampling,batch_size,2,64,64,2.55078125,0.08538179916317992,success
paper_conventional-main-ants20-iterations5-epochs5-seed-42,paper_conventional,paper_faithful,iteration_based_paper_interpretation,main,20,5,5,42,5,,8,before_sampling,batch_size,3,128,128,4.54296875,0.15206589958158995,success
paper_conventional-main-ants20-iterations5-epochs5-seed-42,paper_conventional,paper_faithful,iteration_based_paper_interpretation,main,20,5,5,42,5,,8,before_sampling,batch_size,4,256,256,6.02734375,0.2017520920502092,success
paper_conventional-main-ants20-iterations5-epochs5-seed-42,paper_conventional,paper_faithful,iteration_based_paper_interpretation,main,20,5,5,42,5,,8,before_sampling,batch_size,5,512,512,2.39453125,0.08015167364016737,success
paper_conventional-main-ants20-iterations5-epochs5-seed-42,paper_conventional,paper_faithful,iteration_based_paper_interpretation,main,20,5,5,42,5,,8,before_sampling,batch_size,6,1024,1024,2.47265625,0.08276673640167365,success
paper_conventional-main-ants20-iterations5-epochs5-seed-42,paper_conventional,paper_faithful,iteration_based_paper_interpretation,main,20,5,5,42,5,,8,before_sampling,batch_size,7,2048,2048,2.68359375,0.08982740585774059,success
paper_conventional-main-ants20-iterations5-epochs5-seed-42,paper_conventional,paper_faithful,iteration_based_paper_interpretation,main,20,5,5,42,5,,8,before_sampling,activation,0,"""relu""","""relu""",3.33203125,0.11153242677824268,success
paper_conventional-main-ants20-iterations5-epochs5-seed-42,paper_conventional,paper_faithful,iteration_based_paper_interpretation,main,20,5,5,42,5,,8,before_sampling,activation,1,"""sigmoid""","""sigmoid""",1.62890625,0.05452405857740586,success
paper_conventional-main-ants20-iterations5-epochs5-seed-42,paper_conventional,paper_faithful,iteration_based_paper_interpretation,main,20,5,5,42,5,,8,before_sampling,activation,2,"""softplus""","""softplus""",2.83203125,0.09479602510460251,success
paper_conventional-main-ants20-iterations5-epochs5-seed-42,paper_conventional,paper_faithful,iteration_based_paper_interpretation,main,20,5,5,42,5,,8,before_sampling,activation,3,"""softsign""","""softsign""",6.05078125,0.2025366108786611,success
paper_conventional-main-ants20-iterations5-epochs5-seed-42,paper_conventional,paper_faithful,iteration_based_paper_interpretation,main,20,5,5,42,5,,8,before_sampling,activation,4,"""tanh""","""tanh""",0.59765625,0.02000523012552301,success
paper_conventional-main-ants20-iterations5-epochs5-seed-42,paper_conventional,paper_faithful,iteration_based_paper_interpretation,main,20,5,5,42,5,,8,before_sampling,activation,5,"""selu""","""selu""",5.48828125,0.1837081589958159,success
paper_conventional-main-ants20-iterations5-epochs5-seed-42,paper_conventional,paper_faithful,iteration_based_paper_interpretation,main,20,5,5,42,5,,8,before_sampling,activation,6,"""gelu""","""gelu""",6.51953125,0.21822698744769875,success
paper_conventional-main-ants20-iterations5-epochs5-seed-42,paper_conventional,paper_faithful,iteration_based_paper_interpretation,main,20,5,5,42,5,,8,before_sampling,activation,7,"""linear""","""linier""",3.42578125,0.11467050209205021,success
paper_conventional-main-ants20-iterations5-epochs5-seed-42,paper_conventional,paper_faithful,iteration_based_paper_interpretation,main,20,5,5,42,5,,8,before_sampling,optimizer,0,"""adam""","""adam""",2.34765625,0.0785826359832636,success
paper_conventional-main-ants20-iterations5-epochs5-seed-42,paper_conventional,paper_faithful,iteration_based_paper_interpretation,main,20,5,5,42,5,,8,before_sampling,optimizer,1,"""rmsprop""","""rmsprop""",3.98828125,0.1334989539748954,success
paper_conventional-main-ants20-iterations5-epochs5-seed-42,paper_conventional,paper_faithful,iteration_based_paper_interpretation,main,20,5,5,42,5,,8,before_sampling,optimizer,2,"""sgd""","""sgd""",2.66796875,0.08930439330543934,success
paper_conventional-main-ants20-iterations5-epochs5-seed-42,paper_conventional,paper_faithful,iteration_based_paper_interpretation,main,20,5,5,42,5,,8,before_sampling,optimizer,3,"""adadelta""","""adadelta""",2.47265625,0.08276673640167365,success
paper_conventional-main-ants20-iterations5-epochs5-seed-42,paper_conventional,paper_faithful,iteration_based_paper_interpretation,main,20,5,5,42,5,,8,before_sampling,optimizer,4,"""adagrad""","""adagrad""",5.07421875,0.16984832635983263,success
paper_conventional-main-ants20-iterations5-epochs5-seed-42,paper_conventional,paper_faithful,iteration_based_paper_interpretation,main,20,5,5,42,5,,8,before_sampling,optimizer,5,"""adamax""","""adamax""",3.84765625,0.1287918410041841,success
paper_conventional-main-ants20-iterations5-epochs5-seed-42,paper_conventional,paper_faithful,iteration_based_paper_interpretation,main,20,5,5,42,5,,8,before_sampling,optimizer,6,"""ftrl""","""ftrl""",4.33203125,0.14500523012552302,success
paper_conventional-main-ants20-iterations5-epochs5-seed-42,paper_conventional,paper_faithful,iteration_based_paper_interpretation,main,20,5,5,42,5,,8,before_sampling,optimizer,7,"""nadam""","""nadam""",5.14453125,0.17220188284518828,success
paper_conventional-main-ants20-iterations5-epochs5-seed-42,paper_conventional,paper_faithful,iteration_based_paper_interpretation,main,20,5,5,42,5,,8,before_sampling,loss,0,"""sparse_categorical_crossentropy""","""sparse_categorical_crossentropy""",1.68359375,0.056354602510460254,success
paper_conventional-main-ants20-iterations5-epochs5-seed-42,paper_conventional,paper_faithful,iteration_based_paper_interpretation,main,20,5,5,42,5,,8,before_sampling,loss,1,"""categorical_crossentropy""","""categorical_crossentropy""",4.79296875,0.16043410041841005,success
paper_conventional-main-ants20-iterations5-epochs5-seed-42,paper_conventional,paper_faithful,iteration_based_paper_interpretation,main,20,5,5,42,5,,8,before_sampling,loss,2,"""binary_crossentropy""","""binary_crossentropy""",1.68359375,0.056354602510460254,success
paper_conventional-main-ants20-iterations5-epochs5-seed-42,paper_conventional,paper_faithful,iteration_based_paper_interpretation,main,20,5,5,42,5,,8,before_sampling,loss,3,"""mean_absolute_error""","""mean_absolute_error""",1.95703125,0.06550732217573221,success
paper_conventional-main-ants20-iterations5-epochs5-seed-42,paper_conventional,paper_faithful,iteration_based_paper_interpretation,main,20,5,5,42,5,,8,before_sampling,loss,4,"""mean_squared_error""","""mean_squared_error""",5.87109375,0.19652196652719664,success
paper_conventional-main-ants20-iterations5-epochs5-seed-42,paper_conventional,paper_faithful,iteration_based_paper_interpretation,main,20,5,5,42,5,,8,before_sampling,loss,5,"""squared_hinge""","""squared_hinge""",3.73046875,0.12486924686192469,success
paper_conventional-main-ants20-iterations5-epochs5-seed-42,paper_conventional,paper_faithful,iteration_based_paper_interpretation,main,20,5,5,42,5,,8,before_sampling,loss,6,"""categorical_hinge""","""categorical_hinge""",6.49609375,0.21744246861924685,success
paper_conventional-main-ants20-iterations5-epochs5-seed-42,paper_conventional,paper_faithful,iteration_based_paper_interpretation,main,20,5,5,42,5,,8,before_sampling,loss,7,"""cosine_similarity""","""cosine_similarity""",3.66015625,0.12251569037656904,success
paper_conventional-main-ants20-iterations5-epochs5-seed-42,paper_conventional,paper_faithful,iteration_based_paper_interpretation,main,20,5,5,42,5,,9,after_update,dense_units_1,0,16,16,2.3486328125,0.07247468659594986,success
paper_conventional-main-ants20-iterations5-epochs5-seed-42,paper_conventional,paper_faithful,iteration_based_paper_interpretation,main,20,5,5,42,5,,9,after_update,dense_units_1,1,32,32,5.3056640625,0.163723481195757,success
paper_conventional-main-ants20-iterations5-epochs5-seed-42,paper_conventional,paper_faithful,iteration_based_paper_interpretation,main,20,5,5,42,5,,9,after_update,dense_units_1,2,64,64,4.4384765625,0.1369635969141755,success
paper_conventional-main-ants20-iterations5-epochs5-seed-42,paper_conventional,paper_faithful,iteration_based_paper_interpretation,main,20,5,5,42,5,,9,after_update,dense_units_1,3,128,128,2.3837890625,0.07355954676952749,success
paper_conventional-main-ants20-iterations5-epochs5-seed-42,paper_conventional,paper_faithful,iteration_based_paper_interpretation,main,20,5,5,42,5,,9,after_update,dense_units_1,4,256,256,4.1083984375,0.12677796528447444,success
paper_conventional-main-ants20-iterations5-epochs5-seed-42,paper_conventional,paper_faithful,iteration_based_paper_interpretation,main,20,5,5,42,5,,9,after_update,dense_units_1,5,512,512,1.7744140625,0.054755303760848605,success
paper_conventional-main-ants20-iterations5-epochs5-seed-42,paper_conventional,paper_faithful,iteration_based_paper_interpretation,main,20,5,5,42,5,,9,after_update,dense_units_1,6,1024,1024,7.9794921875,0.2462331243972999,success
paper_conventional-main-ants20-iterations5-epochs5-seed-42,paper_conventional,paper_faithful,iteration_based_paper_interpretation,main,20,5,5,42,5,,9,after_update,dense_units_1,7,2048,2048,4.0673828125,0.1255122950819672,success
paper_conventional-main-ants20-iterations5-epochs5-seed-42,paper_conventional,paper_faithful,iteration_based_paper_interpretation,main,20,5,5,42,5,,9,after_update,dense_units_2,0,16,16,1.4755859375,0.045533992285438765,success
paper_conventional-main-ants20-iterations5-epochs5-seed-42,paper_conventional,paper_faithful,iteration_based_paper_interpretation,main,20,5,5,42,5,,9,after_update,dense_units_2,1,32,32,3.5634765625,0.10996263259402121,success
paper_conventional-main-ants20-iterations5-epochs5-seed-42,paper_conventional,paper_faithful,iteration_based_paper_interpretation,main,20,5,5,42,5,,9,after_update,dense_units_2,2,64,64,2.5849609375,0.07976735776277724,success
paper_conventional-main-ants20-iterations5-epochs5-seed-42,paper_conventional,paper_faithful,iteration_based_paper_interpretation,main,20,5,5,42,5,,9,after_update,dense_units_2,3,128,128,6.8076171875,0.21007111861137898,success
paper_conventional-main-ants20-iterations5-epochs5-seed-42,paper_conventional,paper_faithful,iteration_based_paper_interpretation,main,20,5,5,42,5,,9,after_update,dense_units_2,4,256,256,8.4130859375,0.25961306653809063,success
paper_conventional-main-ants20-iterations5-epochs5-seed-42,paper_conventional,paper_faithful,iteration_based_paper_interpretation,main,20,5,5,42,5,,9,after_update,dense_units_2,5,512,512,5.2177734375,0.16101133076181293,success
paper_conventional-main-ants20-iterations5-epochs5-seed-42,paper_conventional,paper_faithful,iteration_based_paper_interpretation,main,20,5,5,42,5,,9,after_update,dense_units_2,6,1024,1024,3.1220703125,0.09634161041465766,success
paper_conventional-main-ants20-iterations5-epochs5-seed-42,paper_conventional,paper_faithful,iteration_based_paper_interpretation,main,20,5,5,42,5,,9,after_update,dense_units_2,7,2048,2048,1.2216796875,0.037698891031822564,success
paper_conventional-main-ants20-iterations5-epochs5-seed-42,paper_conventional,paper_faithful,iteration_based_paper_interpretation,main,20,5,5,42,5,,9,after_update,dropout_1,0,0.1,0.1,8.5341796875,0.2633498071359691,success
paper_conventional-main-ants20-iterations5-epochs5-seed-42,paper_conventional,paper_faithful,iteration_based_paper_interpretation,main,20,5,5,42,5,,9,after_update,dropout_1,1,0.2,0.2,8.2861328125,0.25569551591128253,success
paper_conventional-main-ants20-iterations5-epochs5-seed-42,paper_conventional,paper_faithful,iteration_based_paper_interpretation,main,20,5,5,42,5,,9,after_update,dropout_1,2,0.3,0.3,1.0458984375,0.03227459016393443,success
paper_conventional-main-ants20-iterations5-epochs5-seed-42,paper_conventional,paper_faithful,iteration_based_paper_interpretation,main,20,5,5,42,5,,9,after_update,dropout_1,3,0.4,0.4,2.6728515625,0.08247950819672131,success
paper_conventional-main-ants20-iterations5-epochs5-seed-42,paper_conventional,paper_faithful,iteration_based_paper_interpretation,main,20,5,5,42,5,,9,after_update,dropout_1,4,0.5,0.5,3.6220703125,0.11177073288331726,success
paper_conventional-main-ants20-iterations5-epochs5-seed-42,paper_conventional,paper_faithful,iteration_based_paper_interpretation,main,20,5,5,42,5,,9,after_update,dropout_1,5,0.6,0.6,5.2626953125,0.16239754098360656,success
paper_conventional-main-ants20-iterations5-epochs5-seed-42,paper_conventional,paper_faithful,iteration_based_paper_interpretation,main,20,5,5,42,5,,9,after_update,dropout_1,6,0.7,0.7,2.7451171875,0.08470949855351977,success
paper_conventional-main-ants20-iterations5-epochs5-seed-42,paper_conventional,paper_faithful,iteration_based_paper_interpretation,main,20,5,5,42,5,,9,after_update,dropout_1,7,0.8,0.8,0.2373046875,0.007322806171648988,success
paper_conventional-main-ants20-iterations5-epochs5-seed-42,paper_conventional,paper_faithful,iteration_based_paper_interpretation,main,20,5,5,42,5,,9,after_update,dropout_2,0,0.1,0.1,7.2060546875,0.2223662005785921,success
paper_conventional-main-ants20-iterations5-epochs5-seed-42,paper_conventional,paper_faithful,iteration_based_paper_interpretation,main,20,5,5,42,5,,9,after_update,dropout_2,1,0.2,0.2,6.6943359375,0.20657545805207328,success
paper_conventional-main-ants20-iterations5-epochs5-seed-42,paper_conventional,paper_faithful,iteration_based_paper_interpretation,main,20,5,5,42,5,,9,after_update,dropout_2,2,0.3,0.3,3.2841796875,0.10134402121504339,success
paper_conventional-main-ants20-iterations5-epochs5-seed-42,paper_conventional,paper_faithful,iteration_based_paper_interpretation,main,20,5,5,42,5,,9,after_update,dropout_2,3,0.4,0.4,1.7548828125,0.054152603664416585,success
paper_conventional-main-ants20-iterations5-epochs5-seed-42,paper_conventional,paper_faithful,iteration_based_paper_interpretation,main,20,5,5,42,5,,9,after_update,dropout_2,4,0.5,0.5,3.5908203125,0.11080641272902604,success
paper_conventional-main-ants20-iterations5-epochs5-seed-42,paper_conventional,paper_faithful,iteration_based_paper_interpretation,main,20,5,5,42,5,,9,after_update,dropout_2,5,0.6,0.6,3.0341796875,0.09362945998071359,success
paper_conventional-main-ants20-iterations5-epochs5-seed-42,paper_conventional,paper_faithful,iteration_based_paper_interpretation,main,20,5,5,42,5,,9,after_update,dropout_2,6,0.7,0.7,3.7939453125,0.117074493731919,success
paper_conventional-main-ants20-iterations5-epochs5-seed-42,paper_conventional,paper_faithful,iteration_based_paper_interpretation,main,20,5,5,42,5,,9,after_update,dropout_2,7,0.8,0.8,3.0478515625,0.094051350048216,success
paper_conventional-main-ants20-iterations5-epochs5-seed-42,paper_conventional,paper_faithful,iteration_based_paper_interpretation,main,20,5,5,42,5,,9,after_update,batch_size,0,16,16,6.6845703125,0.2062741080038573,success
paper_conventional-main-ants20-iterations5-epochs5-seed-42,paper_conventional,paper_faithful,iteration_based_paper_interpretation,main,20,5,5,42,5,,9,after_update,batch_size,1,32,32,4.7177734375,0.14558220829315333,success
paper_conventional-main-ants20-iterations5-epochs5-seed-42,paper_conventional,paper_faithful,iteration_based_paper_interpretation,main,20,5,5,42,5,,9,after_update,batch_size,2,64,64,2.4130859375,0.0744635969141755,success
paper_conventional-main-ants20-iterations5-epochs5-seed-42,paper_conventional,paper_faithful,iteration_based_paper_interpretation,main,20,5,5,42,5,,9,after_update,batch_size,3,128,128,3.9072265625,0.12057015429122468,success
paper_conventional-main-ants20-iterations5-epochs5-seed-42,paper_conventional,paper_faithful,iteration_based_paper_interpretation,main,20,5,5,42,5,,9,after_update,batch_size,4,256,256,7.0205078125,0.21664054966248794,success
paper_conventional-main-ants20-iterations5-epochs5-seed-42,paper_conventional,paper_faithful,iteration_based_paper_interpretation,main,20,5,5,42,5,,9,after_update,batch_size,5,512,512,2.7958984375,0.086276518804243,success
paper_conventional-main-ants20-iterations5-epochs5-seed-42,paper_conventional,paper_faithful,iteration_based_paper_interpretation,main,20,5,5,42,5,,9,after_update,batch_size,6,1024,1024,1.8544921875,0.05722637415621987,success
paper_conventional-main-ants20-iterations5-epochs5-seed-42,paper_conventional,paper_faithful,iteration_based_paper_interpretation,main,20,5,5,42,5,,9,after_update,batch_size,7,2048,2048,3.0126953125,0.09296648987463837,success
paper_conventional-main-ants20-iterations5-epochs5-seed-42,paper_conventional,paper_faithful,iteration_based_paper_interpretation,main,20,5,5,42,5,,9,after_update,activation,0,"""relu""","""relu""",3.9990234375,0.12340284474445516,success
paper_conventional-main-ants20-iterations5-epochs5-seed-42,paper_conventional,paper_faithful,iteration_based_paper_interpretation,main,20,5,5,42,5,,9,after_update,activation,1,"""sigmoid""","""sigmoid""",2.2216796875,0.06855713596914176,success
paper_conventional-main-ants20-iterations5-epochs5-seed-42,paper_conventional,paper_faithful,iteration_based_paper_interpretation,main,20,5,5,42,5,,9,after_update,activation,2,"""softplus""","""softplus""",2.6240234375,0.08097275795564127,success
paper_conventional-main-ants20-iterations5-epochs5-seed-42,paper_conventional,paper_faithful,iteration_based_paper_interpretation,main,20,5,5,42,5,,9,after_update,activation,3,"""softsign""","""softsign""",7.0380859375,0.21718297974927675,success
paper_conventional-main-ants20-iterations5-epochs5-seed-42,paper_conventional,paper_faithful,iteration_based_paper_interpretation,main,20,5,5,42,5,,9,after_update,activation,4,"""tanh""","""tanh""",0.9482421875,0.02926108968177435,success
paper_conventional-main-ants20-iterations5-epochs5-seed-42,paper_conventional,paper_faithful,iteration_based_paper_interpretation,main,20,5,5,42,5,,9,after_update,activation,5,"""selu""","""selu""",5.1162109375,0.15787729026036645,success
paper_conventional-main-ants20-iterations5-epochs5-seed-42,paper_conventional,paper_faithful,iteration_based_paper_interpretation,main,20,5,5,42,5,,9,after_update,activation,6,"""gelu""","""gelu""",6.3896484375,0.19717333654773384,success
paper_conventional-main-ants20-iterations5-epochs5-seed-42,paper_conventional,paper_faithful,iteration_based_paper_interpretation,main,20,5,5,42,5,,9,after_update,activation,7,"""linear""","""linier""",4.0693359375,0.1255725650916104,success
paper_conventional-main-ants20-iterations5-epochs5-seed-42,paper_conventional,paper_faithful,iteration_based_paper_interpretation,main,20,5,5,42,5,,9,after_update,optimizer,0,"""adam""","""adam""",3.7607421875,0.11604990356798457,success
paper_conventional-main-ants20-iterations5-epochs5-seed-42,paper_conventional,paper_faithful,iteration_based_paper_interpretation,main,20,5,5,42,5,,9,after_update,optimizer,1,"""rmsprop""","""rmsprop""",5.4912109375,0.16944913211186113,success
paper_conventional-main-ants20-iterations5-epochs5-seed-42,paper_conventional,paper_faithful,iteration_based_paper_interpretation,main,20,5,5,42,5,,9,after_update,optimizer,2,"""sgd""","""sgd""",3.5009765625,0.10803399228543877,success
paper_conventional-main-ants20-iterations5-epochs5-seed-42,paper_conventional,paper_faithful,iteration_based_paper_interpretation,main,20,5,5,42,5,,9,after_update,optimizer,3,"""adadelta""","""adadelta""",1.8544921875,0.05722637415621987,success
paper_conventional-main-ants20-iterations5-epochs5-seed-42,paper_conventional,paper_faithful,iteration_based_paper_interpretation,main,20,5,5,42,5,,9,after_update,optimizer,4,"""adagrad""","""adagrad""",4.8056640625,0.1482943587270974,success
paper_conventional-main-ants20-iterations5-epochs5-seed-42,paper_conventional,paper_faithful,iteration_based_paper_interpretation,main,20,5,5,42,5,,9,after_update,optimizer,5,"""adamax""","""adamax""",3.3857421875,0.10447806171648988,success
paper_conventional-main-ants20-iterations5-epochs5-seed-42,paper_conventional,paper_faithful,iteration_based_paper_interpretation,main,20,5,5,42,5,,9,after_update,optimizer,6,"""ftrl""","""ftrl""",3.7490234375,0.11568828351012536,success
paper_conventional-main-ants20-iterations5-epochs5-seed-42,paper_conventional,paper_faithful,iteration_based_paper_interpretation,main,20,5,5,42,5,,9,after_update,optimizer,7,"""nadam""","""nadam""",5.8583984375,0.18077989392478302,success
paper_conventional-main-ants20-iterations5-epochs5-seed-42,paper_conventional,paper_faithful,iteration_based_paper_interpretation,main,20,5,5,42,5,,9,after_update,loss,0,"""sparse_categorical_crossentropy""","""sparse_categorical_crossentropy""",2.2626953125,0.06982280617164899,success
paper_conventional-main-ants20-iterations5-epochs5-seed-42,paper_conventional,paper_faithful,iteration_based_paper_interpretation,main,20,5,5,42,5,,9,after_update,loss,1,"""categorical_crossentropy""","""categorical_crossentropy""",4.5947265625,0.14178519768563164,success
paper_conventional-main-ants20-iterations5-epochs5-seed-42,paper_conventional,paper_faithful,iteration_based_paper_interpretation,main,20,5,5,42,5,,9,after_update,loss,2,"""binary_crossentropy""","""binary_crossentropy""",1.2626953125,0.0389645612343298,success
paper_conventional-main-ants20-iterations5-epochs5-seed-42,paper_conventional,paper_faithful,iteration_based_paper_interpretation,main,20,5,5,42,5,,9,after_update,loss,3,"""mean_absolute_error""","""mean_absolute_error""",1.9677734375,0.06072203471552556,success
paper_conventional-main-ants20-iterations5-epochs5-seed-42,paper_conventional,paper_faithful,iteration_based_paper_interpretation,main,20,5,5,42,5,,9,after_update,loss,4,"""mean_squared_error""","""mean_squared_error""",7.4033203125,0.22845347155255544,success
paper_conventional-main-ants20-iterations5-epochs5-seed-42,paper_conventional,paper_faithful,iteration_based_paper_interpretation,main,20,5,5,42,5,,9,after_update,loss,5,"""squared_hinge""","""squared_hinge""",3.7978515625,0.1171950337512054,success
paper_conventional-main-ants20-iterations5-epochs5-seed-42,paper_conventional,paper_faithful,iteration_based_paper_interpretation,main,20,5,5,42,5,,9,after_update,loss,6,"""categorical_hinge""","""categorical_hinge""",7.3720703125,0.22748915139826423,success
paper_conventional-main-ants20-iterations5-epochs5-seed-42,paper_conventional,paper_faithful,iteration_based_paper_interpretation,main,20,5,5,42,5,,9,after_update,loss,7,"""cosine_similarity""","""cosine_similarity""",3.7451171875,0.11556774349083895,success
