run_id,mode,family,mode_interpretation,budget,effective_ants,effective_iterations,effective_max_epochs,seed,iteration,ant_id,candidate_id,dense_units_1,dense_units_2,dropout_1,dropout_2,batch_size,activation,optimizer,loss,learning_rate,fitness,train_accuracy,validation_accuracy,validation_loss,best_epoch,actual_epochs_completed,training_time_seconds,status,failure_reason,semantic_warning,effective_learning_rate,cache_hit,selection_probabilities,is_iteration_best,is_global_best,paper_label_activation,run_status
paper_conventional-main-ants20-iterations5-epochs5-seed-43,paper_conventional,paper_faithful,iteration_based_paper_interpretation,main,20,5,5,43,1,1,5df6bbe21840fed4,512,16,0.1,0.7,256,sigmoid,ftrl,binary_crossentropy,,0.10000000149011612,0.10000000149011612,0.10000000149011612,0.6355481147766113,5,5,6.812452611000481,cached,,nonstandard_loss_for_multiclass_sparse_labels,0.0010000000474974513,True,"{""activation"": [0.125, 0.125, 0.125, 0.125, 0.125, 0.125, 0.125, 0.125], ""batch_size"": [0.125, 0.125, 0.125, 0.125, 0.125, 0.125, 0.125, 0.125], ""dense_units_1"": [0.125, 0.125, 0.125, 0.125, 0.125, 0.125, 0.125, 0.125], ""dense_units_2"": [0.125, 0.125, 0.125, 0.125, 0.125, 0.125, 0.125, 0.125], ""dropout_1"": [0.125, 0.125, 0.125, 0.125, 0.125, 0.125, 0.125, 0.125], ""dropout_2"": [0.125, 0.125, 0.125, 0.125, 0.125, 0.125, 0.125, 0.125], ""loss"": [0.125, 0.125, 0.125, 0.125, 0.125, 0.125, 0.125, 0.125], ""optimizer"": [0.125, 0.125, 0.125, 0.125, 0.125, 0.125, 0.125, 0.125]}",False,False,sigmoid,success
paper_conventional-main-ants20-iterations5-epochs5-seed-43,paper_conventional,paper_faithful,iteration_based_paper_interpretation,main,20,5,5,43,1,2,de6f77c4f690b239,128,128,0.8,0.8,64,softplus,adadelta,sparse_categorical_crossentropy,,0.10000000149011612,0.09962499886751175,0.10000000149011612,2.6100804805755615,2,5,9.739567954002268,cached,,,0.0010000000474974513,True,"{""activation"": [0.125, 0.125, 0.125, 0.125, 0.125, 0.125, 0.125, 0.125], ""batch_size"": [0.125, 0.125, 0.125, 0.125, 0.125, 0.125, 0.125, 0.125], ""dense_units_1"": [0.125, 0.125, 0.125, 0.125, 0.125, 0.125, 0.125, 0.125], ""dense_units_2"": [0.125, 0.125, 0.125, 0.125, 0.125, 0.125, 0.125, 0.125], ""dropout_1"": [0.125, 0.125, 0.125, 0.125, 0.125, 0.125, 0.125, 0.125], ""dropout_2"": [0.125, 0.125, 0.125, 0.125, 0.125, 0.125, 0.125, 0.125], ""loss"": [0.125, 0.125, 0.125, 0.125, 0.125, 0.125, 0.125, 0.125], ""optimizer"": [0.125, 0.125, 0.125, 0.125, 0.125, 0.125, 0.125, 0.125]}",False,False,softplus,success
paper_conventional-main-ants20-iterations5-epochs5-seed-43,paper_conventional,paper_faithful,iteration_based_paper_interpretation,main,20,5,5,43,1,3,f1650ee1a275ed65,64,2048,0.7,0.5,128,linear,adagrad,cosine_similarity,,0.3070000112056732,0.3192499876022339,0.3070000112056732,-0.34805113077163696,2,5,5.9164713290010695,cached,,nonstandard_loss_for_multiclass_sparse_labels,0.0010000000474974513,True,"{""activation"": [0.125, 0.125, 0.125, 0.125, 0.125, 0.125, 0.125, 0.125], ""batch_size"": [0.125, 0.125, 0.125, 0.125, 0.125, 0.125, 0.125, 0.125], ""dense_units_1"": [0.125, 0.125, 0.125, 0.125, 0.125, 0.125, 0.125, 0.125], ""dense_units_2"": [0.125, 0.125, 0.125, 0.125, 0.125, 0.125, 0.125, 0.125], ""dropout_1"": [0.125, 0.125, 0.125, 0.125, 0.125, 0.125, 0.125, 0.125], ""dropout_2"": [0.125, 0.125, 0.125, 0.125, 0.125, 0.125, 0.125, 0.125], ""loss"": [0.125, 0.125, 0.125, 0.125, 0.125, 0.125, 0.125, 0.125], ""optimizer"": [0.125, 0.125, 0.125, 0.125, 0.125, 0.125, 0.125, 0.125]}",False,False,linier,success
paper_conventional-main-ants20-iterations5-epochs5-seed-43,paper_conventional,paper_faithful,iteration_based_paper_interpretation,main,20,5,5,43,1,4,556956ad4918123e,2048,16,0.1,0.7,32,softplus,sgd,mean_squared_error,,0.5389999747276306,0.3151249885559082,0.5389999747276306,0.07072737067937851,5,5,12.151093275999301,cached,,nonstandard_loss_for_multiclass_sparse_labels,0.009999999776482582,True,"{""activation"": [0.125, 0.125, 0.125, 0.125, 0.125, 0.125, 0.125, 0.125], ""batch_size"": [0.125, 0.125, 0.125, 0.125, 0.125, 0.125, 0.125, 0.125], ""dense_units_1"": [0.125, 0.125, 0.125, 0.125, 0.125, 0.125, 0.125, 0.125], ""dense_units_2"": [0.125, 0.125, 0.125, 0.125, 0.125, 0.125, 0.125, 0.125], ""dropout_1"": [0.125, 0.125, 0.125, 0.125, 0.125, 0.125, 0.125, 0.125], ""dropout_2"": [0.125, 0.125, 0.125, 0.125, 0.125, 0.125, 0.125, 0.125], ""loss"": [0.125, 0.125, 0.125, 0.125, 0.125, 0.125, 0.125, 0.125], ""optimizer"": [0.125, 0.125, 0.125, 0.125, 0.125, 0.125, 0.125, 0.125]}",False,False,softplus,success
paper_conventional-main-ants20-iterations5-epochs5-seed-43,paper_conventional,paper_faithful,iteration_based_paper_interpretation,main,20,5,5,43,1,5,a15fd46afa8befbb,16,128,0.5,0.1,64,tanh,sgd,mean_absolute_error,,0.23399999737739563,0.18012499809265137,0.23399999737739563,0.17895038425922394,2,5,7.051909937999881,cached,,nonstandard_loss_for_multiclass_sparse_labels,0.009999999776482582,True,"{""activation"": [0.125, 0.125, 0.125, 0.125, 0.125, 0.125, 0.125, 0.125], ""batch_size"": [0.125, 0.125, 0.125, 0.125, 0.125, 0.125, 0.125, 0.125], ""dense_units_1"": [0.125, 0.125, 0.125, 0.125, 0.125, 0.125, 0.125, 0.125], ""dense_units_2"": [0.125, 0.125, 0.125, 0.125, 0.125, 0.125, 0.125, 0.125], ""dropout_1"": [0.125, 0.125, 0.125, 0.125, 0.125, 0.125, 0.125, 0.125], ""dropout_2"": [0.125, 0.125, 0.125, 0.125, 0.125, 0.125, 0.125, 0.125], ""loss"": [0.125, 0.125, 0.125, 0.125, 0.125, 0.125, 0.125, 0.125], ""optimizer"": [0.125, 0.125, 0.125, 0.125, 0.125, 0.125, 0.125, 0.125]}",False,False,tanh,success
paper_conventional-main-ants20-iterations5-epochs5-seed-43,paper_conventional,paper_faithful,iteration_based_paper_interpretation,main,20,5,5,43,1,6,35829b9117e13b43,128,16,0.5,0.1,256,relu,adagrad,categorical_hinge,,0.265500009059906,0.2618750035762787,0.265500009059906,1.0069595575332642,3,5,5.708212836001621,cached,,nonstandard_loss_for_multiclass_sparse_labels,0.0010000000474974513,True,"{""activation"": [0.125, 0.125, 0.125, 0.125, 0.125, 0.125, 0.125, 0.125], ""batch_size"": [0.125, 0.125, 0.125, 0.125, 0.125, 0.125, 0.125, 0.125], ""dense_units_1"": [0.125, 0.125, 0.125, 0.125, 0.125, 0.125, 0.125, 0.125], ""dense_units_2"": [0.125, 0.125, 0.125, 0.125, 0.125, 0.125, 0.125, 0.125], ""dropout_1"": [0.125, 0.125, 0.125, 0.125, 0.125, 0.125, 0.125, 0.125], ""dropout_2"": [0.125, 0.125, 0.125, 0.125, 0.125, 0.125, 0.125, 0.125], ""loss"": [0.125, 0.125, 0.125, 0.125, 0.125, 0.125, 0.125, 0.125], ""optimizer"": [0.125, 0.125, 0.125, 0.125, 0.125, 0.125, 0.125, 0.125]}",False,False,relu,success
paper_conventional-main-ants20-iterations5-epochs5-seed-43,paper_conventional,paper_faithful,iteration_based_paper_interpretation,main,20,5,5,43,1,7,a95716a8e2ca5616,64,16,0.3,0.4,256,sigmoid,adam,categorical_hinge,,0.9265000224113464,0.9326249957084656,0.9265000224113464,0.5189209580421448,5,5,7.495970017000218,cached,,nonstandard_loss_for_multiclass_sparse_labels,0.0010000000474974513,True,"{""activation"": [0.125, 0.125, 0.125, 0.125, 0.125, 0.125, 0.125, 0.125], ""batch_size"": [0.125, 0.125, 0.125, 0.125, 0.125, 0.125, 0.125, 0.125], ""dense_units_1"": [0.125, 0.125, 0.125, 0.125, 0.125, 0.125, 0.125, 0.125], ""dense_units_2"": [0.125, 0.125, 0.125, 0.125, 0.125, 0.125, 0.125, 0.125], ""dropout_1"": [0.125, 0.125, 0.125, 0.125, 0.125, 0.125, 0.125, 0.125], ""dropout_2"": [0.125, 0.125, 0.125, 0.125, 0.125, 0.125, 0.125, 0.125], ""loss"": [0.125, 0.125, 0.125, 0.125, 0.125, 0.125, 0.125, 0.125], ""optimizer"": [0.125, 0.125, 0.125, 0.125, 0.125, 0.125, 0.125, 0.125]}",False,False,sigmoid,success
paper_conventional-main-ants20-iterations5-epochs5-seed-43,paper_conventional,paper_faithful,iteration_based_paper_interpretation,main,20,5,5,43,1,8,04e6a982f469cb85,128,256,0.7,0.7,1024,softplus,rmsprop,sparse_categorical_crossentropy,,0.890500009059906,0.8946250081062317,0.890500009059906,1.123274564743042,4,5,5.9103813100009575,cached,,,0.0010000000474974513,True,"{""activation"": [0.125, 0.125, 0.125, 0.125, 0.125, 0.125, 0.125, 0.125], ""batch_size"": [0.125, 0.125, 0.125, 0.125, 0.125, 0.125, 0.125, 0.125], ""dense_units_1"": [0.125, 0.125, 0.125, 0.125, 0.125, 0.125, 0.125, 0.125], ""dense_units_2"": [0.125, 0.125, 0.125, 0.125, 0.125, 0.125, 0.125, 0.125], ""dropout_1"": [0.125, 0.125, 0.125, 0.125, 0.125, 0.125, 0.125, 0.125], ""dropout_2"": [0.125, 0.125, 0.125, 0.125, 0.125, 0.125, 0.125, 0.125], ""loss"": [0.125, 0.125, 0.125, 0.125, 0.125, 0.125, 0.125, 0.125], ""optimizer"": [0.125, 0.125, 0.125, 0.125, 0.125, 0.125, 0.125, 0.125]}",False,False,softplus,success
paper_conventional-main-ants20-iterations5-epochs5-seed-43,paper_conventional,paper_faithful,iteration_based_paper_interpretation,main,20,5,5,43,1,9,e50a19a8b25005d4,128,256,0.5,0.8,1024,softsign,adam,mean_squared_error,,0.9185000061988831,0.8537499904632568,0.9185000061988831,0.01601245068013668,2,5,6.551599163998617,cached,,nonstandard_loss_for_multiclass_sparse_labels,0.0010000000474974513,True,"{""activation"": [0.125, 0.125, 0.125, 0.125, 0.125, 0.125, 0.125, 0.125], ""batch_size"": [0.125, 0.125, 0.125, 0.125, 0.125, 0.125, 0.125, 0.125], ""dense_units_1"": [0.125, 0.125, 0.125, 0.125, 0.125, 0.125, 0.125, 0.125], ""dense_units_2"": [0.125, 0.125, 0.125, 0.125, 0.125, 0.125, 0.125, 0.125], ""dropout_1"": [0.125, 0.125, 0.125, 0.125, 0.125, 0.125, 0.125, 0.125], ""dropout_2"": [0.125, 0.125, 0.125, 0.125, 0.125, 0.125, 0.125, 0.125], ""loss"": [0.125, 0.125, 0.125, 0.125, 0.125, 0.125, 0.125, 0.125], ""optimizer"": [0.125, 0.125, 0.125, 0.125, 0.125, 0.125, 0.125, 0.125]}",False,False,softsign,success
paper_conventional-main-ants20-iterations5-epochs5-seed-43,paper_conventional,paper_faithful,iteration_based_paper_interpretation,main,20,5,5,43,1,10,8105634acbbb89b2,2048,2048,0.6,0.6,1024,selu,adagrad,mean_absolute_error,,0.1340000033378601,0.1391250044107437,0.1340000033378601,0.1774240881204605,4,5,5.930010136999044,cached,,nonstandard_loss_for_multiclass_sparse_labels,0.0010000000474974513,True,"{""activation"": [0.125, 0.125, 0.125, 0.125, 0.125, 0.125, 0.125, 0.125], ""batch_size"": [0.125, 0.125, 0.125, 0.125, 0.125, 0.125, 0.125, 0.125], ""dense_units_1"": [0.125, 0.125, 0.125, 0.125, 0.125, 0.125, 0.125, 0.125], ""dense_units_2"": [0.125, 0.125, 0.125, 0.125, 0.125, 0.125, 0.125, 0.125], ""dropout_1"": [0.125, 0.125, 0.125, 0.125, 0.125, 0.125, 0.125, 0.125], ""dropout_2"": [0.125, 0.125, 0.125, 0.125, 0.125, 0.125, 0.125, 0.125], ""loss"": [0.125, 0.125, 0.125, 0.125, 0.125, 0.125, 0.125, 0.125], ""optimizer"": [0.125, 0.125, 0.125, 0.125, 0.125, 0.125, 0.125, 0.125]}",False,False,selu,success
paper_conventional-main-ants20-iterations5-epochs5-seed-43,paper_conventional,paper_faithful,iteration_based_paper_interpretation,main,20,5,5,43,1,11,f4aa42fd11e9d741,128,128,0.8,0.6,1024,tanh,adagrad,squared_hinge,,0.11150000244379044,0.15162500739097595,0.11150000244379044,1.171151876449585,5,5,5.892879915001686,cached,,nonstandard_loss_for_multiclass_sparse_labels,0.0010000000474974513,True,"{""activation"": [0.125, 0.125, 0.125, 0.125, 0.125, 0.125, 0.125, 0.125], ""batch_size"": [0.125, 0.125, 0.125, 0.125, 0.125, 0.125, 0.125, 0.125], ""dense_units_1"": [0.125, 0.125, 0.125, 0.125, 0.125, 0.125, 0.125, 0.125], ""dense_units_2"": [0.125, 0.125, 0.125, 0.125, 0.125, 0.125, 0.125, 0.125], ""dropout_1"": [0.125, 0.125, 0.125, 0.125, 0.125, 0.125, 0.125, 0.125], ""dropout_2"": [0.125, 0.125, 0.125, 0.125, 0.125, 0.125, 0.125, 0.125], ""loss"": [0.125, 0.125, 0.125, 0.125, 0.125, 0.125, 0.125, 0.125], ""optimizer"": [0.125, 0.125, 0.125, 0.125, 0.125, 0.125, 0.125, 0.125]}",False,False,tanh,success
paper_conventional-main-ants20-iterations5-epochs5-seed-43,paper_conventional,paper_faithful,iteration_based_paper_interpretation,main,20,5,5,43,1,12,81394ffee53a9460,512,32,0.8,0.2,512,softplus,sgd,cosine_similarity,,0.28600001335144043,0.49912500381469727,0.28600001335144043,-0.3687003254890442,3,5,5.964884387001803,cached,,nonstandard_loss_for_multiclass_sparse_labels,0.009999999776482582,True,"{""activation"": [0.125, 0.125, 0.125, 0.125, 0.125, 0.125, 0.125, 0.125], ""batch_size"": [0.125, 0.125, 0.125, 0.125, 0.125, 0.125, 0.125, 0.125], ""dense_units_1"": [0.125, 0.125, 0.125, 0.125, 0.125, 0.125, 0.125, 0.125], ""dense_units_2"": [0.125, 0.125, 0.125, 0.125, 0.125, 0.125, 0.125, 0.125], ""dropout_1"": [0.125, 0.125, 0.125, 0.125, 0.125, 0.125, 0.125, 0.125], ""dropout_2"": [0.125, 0.125, 0.125, 0.125, 0.125, 0.125, 0.125, 0.125], ""loss"": [0.125, 0.125, 0.125, 0.125, 0.125, 0.125, 0.125, 0.125], ""optimizer"": [0.125, 0.125, 0.125, 0.125, 0.125, 0.125, 0.125, 0.125]}",False,False,softplus,success
paper_conventional-main-ants20-iterations5-epochs5-seed-43,paper_conventional,paper_faithful,iteration_based_paper_interpretation,main,20,5,5,43,1,13,3d602c6b65394576,512,64,0.6,0.7,64,linear,nadam,binary_crossentropy,,0.953499972820282,0.949999988079071,0.953499972820282,0.06137751415371895,5,5,12.275353354998515,cached,,nonstandard_loss_for_multiclass_sparse_labels,0.0010000000474974513,True,"{""activation"": [0.125, 0.125, 0.125, 0.125, 0.125, 0.125, 0.125, 0.125], ""batch_size"": [0.125, 0.125, 0.125, 0.125, 0.125, 0.125, 0.125, 0.125], ""dense_units_1"": [0.125, 0.125, 0.125, 0.125, 0.125, 0.125, 0.125, 0.125], ""dense_units_2"": [0.125, 0.125, 0.125, 0.125, 0.125, 0.125, 0.125, 0.125], ""dropout_1"": [0.125, 0.125, 0.125, 0.125, 0.125, 0.125, 0.125, 0.125], ""dropout_2"": [0.125, 0.125, 0.125, 0.125, 0.125, 0.125, 0.125, 0.125], ""loss"": [0.125, 0.125, 0.125, 0.125, 0.125, 0.125, 0.125, 0.125], ""optimizer"": [0.125, 0.125, 0.125, 0.125, 0.125, 0.125, 0.125, 0.125]}",True,False,linier,success
paper_conventional-main-ants20-iterations5-epochs5-seed-43,paper_conventional,paper_faithful,iteration_based_paper_interpretation,main,20,5,5,43,1,14,363a25b9cad1f4bd,512,32,0.2,0.7,2048,softsign,sgd,binary_crossentropy,,0.6265000104904175,0.4671249985694885,0.6265000104904175,0.5456068515777588,5,5,5.893527833002736,cached,,nonstandard_loss_for_multiclass_sparse_labels,0.009999999776482582,True,"{""activation"": [0.125, 0.125, 0.125, 0.125, 0.125, 0.125, 0.125, 0.125], ""batch_size"": [0.125, 0.125, 0.125, 0.125, 0.125, 0.125, 0.125, 0.125], ""dense_units_1"": [0.125, 0.125, 0.125, 0.125, 0.125, 0.125, 0.125, 0.125], ""dense_units_2"": [0.125, 0.125, 0.125, 0.125, 0.125, 0.125, 0.125, 0.125], ""dropout_1"": [0.125, 0.125, 0.125, 0.125, 0.125, 0.125, 0.125, 0.125], ""dropout_2"": [0.125, 0.125, 0.125, 0.125, 0.125, 0.125, 0.125, 0.125], ""loss"": [0.125, 0.125, 0.125, 0.125, 0.125, 0.125, 0.125, 0.125], ""optimizer"": [0.125, 0.125, 0.125, 0.125, 0.125, 0.125, 0.125, 0.125]}",False,False,softsign,success
paper_conventional-main-ants20-iterations5-epochs5-seed-43,paper_conventional,paper_faithful,iteration_based_paper_interpretation,main,20,5,5,43,1,15,baf9938b60305c52,128,512,0.8,0.6,2048,gelu,adadelta,cosine_similarity,,0.08100000023841858,0.10125000029802322,0.08100000023841858,-0.3132651150226593,5,5,7.228039317000366,cached,,nonstandard_loss_for_multiclass_sparse_labels,0.0010000000474974513,True,"{""activation"": [0.125, 0.125, 0.125, 0.125, 0.125, 0.125, 0.125, 0.125], ""batch_size"": [0.125, 0.125, 0.125, 0.125, 0.125, 0.125, 0.125, 0.125], ""dense_units_1"": [0.125, 0.125, 0.125, 0.125, 0.125, 0.125, 0.125, 0.125], ""dense_units_2"": [0.125, 0.125, 0.125, 0.125, 0.125, 0.125, 0.125, 0.125], ""dropout_1"": [0.125, 0.125, 0.125, 0.125, 0.125, 0.125, 0.125, 0.125], ""dropout_2"": [0.125, 0.125, 0.125, 0.125, 0.125, 0.125, 0.125, 0.125], ""loss"": [0.125, 0.125, 0.125, 0.125, 0.125, 0.125, 0.125, 0.125], ""optimizer"": [0.125, 0.125, 0.125, 0.125, 0.125, 0.125, 0.125, 0.125]}",False,False,gelu,success
paper_conventional-main-ants20-iterations5-epochs5-seed-43,paper_conventional,paper_faithful,iteration_based_paper_interpretation,main,20,5,5,43,1,16,64b7c52a61e56c29,256,128,0.6,0.7,256,softsign,nadam,mean_squared_error,,0.8629999756813049,0.8893749713897705,0.8629999756813049,0.02368091605603695,2,5,7.565183478000108,cached,,nonstandard_loss_for_multiclass_sparse_labels,0.0010000000474974513,True,"{""activation"": [0.125, 0.125, 0.125, 0.125, 0.125, 0.125, 0.125, 0.125], ""batch_size"": [0.125, 0.125, 0.125, 0.125, 0.125, 0.125, 0.125, 0.125], ""dense_units_1"": [0.125, 0.125, 0.125, 0.125, 0.125, 0.125, 0.125, 0.125], ""dense_units_2"": [0.125, 0.125, 0.125, 0.125, 0.125, 0.125, 0.125, 0.125], ""dropout_1"": [0.125, 0.125, 0.125, 0.125, 0.125, 0.125, 0.125, 0.125], ""dropout_2"": [0.125, 0.125, 0.125, 0.125, 0.125, 0.125, 0.125, 0.125], ""loss"": [0.125, 0.125, 0.125, 0.125, 0.125, 0.125, 0.125, 0.125], ""optimizer"": [0.125, 0.125, 0.125, 0.125, 0.125, 0.125, 0.125, 0.125]}",False,False,softsign,success
paper_conventional-main-ants20-iterations5-epochs5-seed-43,paper_conventional,paper_faithful,iteration_based_paper_interpretation,main,20,5,5,43,1,17,da97641c92ced10c,256,2048,0.8,0.6,128,sigmoid,adam,binary_crossentropy,,0.9010000228881836,0.840499997138977,0.9010000228881836,0.1300225853919983,2,5,6.197191728999314,cached,,nonstandard_loss_for_multiclass_sparse_labels,0.0010000000474974513,True,"{""activation"": [0.125, 0.125, 0.125, 0.125, 0.125, 0.125, 0.125, 0.125], ""batch_size"": [0.125, 0.125, 0.125, 0.125, 0.125, 0.125, 0.125, 0.125], ""dense_units_1"": [0.125, 0.125, 0.125, 0.125, 0.125, 0.125, 0.125, 0.125], ""dense_units_2"": [0.125, 0.125, 0.125, 0.125, 0.125, 0.125, 0.125, 0.125], ""dropout_1"": [0.125, 0.125, 0.125, 0.125, 0.125, 0.125, 0.125, 0.125], ""dropout_2"": [0.125, 0.125, 0.125, 0.125, 0.125, 0.125, 0.125, 0.125], ""loss"": [0.125, 0.125, 0.125, 0.125, 0.125, 0.125, 0.125, 0.125], ""optimizer"": [0.125, 0.125, 0.125, 0.125, 0.125, 0.125, 0.125, 0.125]}",False,False,sigmoid,success
paper_conventional-main-ants20-iterations5-epochs5-seed-43,paper_conventional,paper_faithful,iteration_based_paper_interpretation,main,20,5,5,43,1,18,243658f741b74be0,16,1024,0.2,0.2,128,selu,adam,categorical_crossentropy,,0.9459999799728394,0.969124972820282,0.9459999799728394,0.238800510764122,5,5,5.9016023199983465,cached,,nonstandard_loss_for_multiclass_sparse_labels,0.0010000000474974513,True,"{""activation"": [0.125, 0.125, 0.125, 0.125, 0.125, 0.125, 0.125, 0.125], ""batch_size"": [0.125, 0.125, 0.125, 0.125, 0.125, 0.125, 0.125, 0.125], ""dense_units_1"": [0.125, 0.125, 0.125, 0.125, 0.125, 0.125, 0.125, 0.125], ""dense_units_2"": [0.125, 0.125, 0.125, 0.125, 0.125, 0.125, 0.125, 0.125], ""dropout_1"": [0.125, 0.125, 0.125, 0.125, 0.125, 0.125, 0.125, 0.125], ""dropout_2"": [0.125, 0.125, 0.125, 0.125, 0.125, 0.125, 0.125, 0.125], ""loss"": [0.125, 0.125, 0.125, 0.125, 0.125, 0.125, 0.125, 0.125], ""optimizer"": [0.125, 0.125, 0.125, 0.125, 0.125, 0.125, 0.125, 0.125]}",False,False,selu,success
paper_conventional-main-ants20-iterations5-epochs5-seed-43,paper_conventional,paper_faithful,iteration_based_paper_interpretation,main,20,5,5,43,1,19,f1fc6a581eefa3f8,2048,256,0.8,0.2,1024,sigmoid,adagrad,categorical_hinge,,0.14650000631809235,0.1366250067949295,0.14650000631809235,1.0120989084243774,3,5,5.031200961999275,cached,,nonstandard_loss_for_multiclass_sparse_labels,0.0010000000474974513,True,"{""activation"": [0.125, 0.125, 0.125, 0.125, 0.125, 0.125, 0.125, 0.125], ""batch_size"": [0.125, 0.125, 0.125, 0.125, 0.125, 0.125, 0.125, 0.125], ""dense_units_1"": [0.125, 0.125, 0.125, 0.125, 0.125, 0.125, 0.125, 0.125], ""dense_units_2"": [0.125, 0.125, 0.125, 0.125, 0.125, 0.125, 0.125, 0.125], ""dropout_1"": [0.125, 0.125, 0.125, 0.125, 0.125, 0.125, 0.125, 0.125], ""dropout_2"": [0.125, 0.125, 0.125, 0.125, 0.125, 0.125, 0.125, 0.125], ""loss"": [0.125, 0.125, 0.125, 0.125, 0.125, 0.125, 0.125, 0.125], ""optimizer"": [0.125, 0.125, 0.125, 0.125, 0.125, 0.125, 0.125, 0.125]}",False,False,sigmoid,success
paper_conventional-main-ants20-iterations5-epochs5-seed-43,paper_conventional,paper_faithful,iteration_based_paper_interpretation,main,20,5,5,43,1,20,48f9416de63e0112,32,16,0.6,0.4,256,selu,ftrl,squared_hinge,,0.10000000149011612,0.08962500095367432,0.10000000149011612,1.1700000762939453,1,5,6.544890802997543,cached,,nonstandard_loss_for_multiclass_sparse_labels,0.0010000000474974513,True,"{""activation"": [0.125, 0.125, 0.125, 0.125, 0.125, 0.125, 0.125, 0.125], ""batch_size"": [0.125, 0.125, 0.125, 0.125, 0.125, 0.125, 0.125, 0.125], ""dense_units_1"": [0.125, 0.125, 0.125, 0.125, 0.125, 0.125, 0.125, 0.125], ""dense_units_2"": [0.125, 0.125, 0.125, 0.125, 0.125, 0.125, 0.125, 0.125], ""dropout_1"": [0.125, 0.125, 0.125, 0.125, 0.125, 0.125, 0.125, 0.125], ""dropout_2"": [0.125, 0.125, 0.125, 0.125, 0.125, 0.125, 0.125, 0.125], ""loss"": [0.125, 0.125, 0.125, 0.125, 0.125, 0.125, 0.125, 0.125], ""optimizer"": [0.125, 0.125, 0.125, 0.125, 0.125, 0.125, 0.125, 0.125]}",False,False,selu,success
paper_conventional-main-ants20-iterations5-epochs5-seed-43,paper_conventional,paper_faithful,iteration_based_paper_interpretation,main,20,5,5,43,2,1,36d1f9cae765002f,1024,2048,0.8,0.4,64,gelu,sgd,categorical_hinge,,0.4819999933242798,0.768875002861023,0.4819999933242798,0.9433855414390564,5,5,6.191108977000113,cached,,nonstandard_loss_for_multiclass_sparse_labels,0.009999999776482582,True,"{""activation"": [0.078125, 0.171875, 0.171875, 0.140625, 0.109375, 0.140625, 0.078125, 0.109375], ""batch_size"": [0.046875, 0.078125, 0.140625, 0.140625, 0.203125, 0.078125, 0.203125, 0.109375], ""dense_units_1"": [0.109375, 0.078125, 0.109375, 0.234375, 0.109375, 0.171875, 0.046875, 0.140625], ""dense_units_2"": [0.203125, 0.109375, 0.078125, 0.171875, 0.140625, 0.078125, 0.078125, 0.140625], ""dropout_1"": [0.109375, 0.109375, 0.078125, 0.046875, 0.140625, 0.171875, 0.109375, 0.234375], ""dropout_2"": [0.109375, 0.140625, 0.046875, 0.109375, 0.078125, 0.171875, 0.234375, 0.109375], ""loss"": [0.109375, 0.078125, 0.171875, 0.109375, 0.140625, 0.109375, 0.140625, 0.140625], ""optimizer"": [0.171875, 0.078125, 0.171875, 0.109375, 0.203125, 0.046875, 0.109375, 0.109375]}",False,False,gelu,success
paper_conventional-main-ants20-iterations5-epochs5-seed-43,paper_conventional,paper_faithful,iteration_based_paper_interpretation,main,20,5,5,43,2,2,9c00dbda35091a62,64,16,0.5,0.4,32,linear,sgd,categorical_crossentropy,,0.9490000009536743,0.9286249876022339,0.9490000009536743,0.17844025790691376,4,5,11.94852036500015,cached,,nonstandard_loss_for_multiclass_sparse_labels,0.009999999776482582,True,"{""activation"": [0.078125, 0.171875, 0.171875, 0.140625, 0.109375, 0.140625, 0.078125, 0.109375], ""batch_size"": [0.046875, 0.078125, 0.140625, 0.140625, 0.203125, 0.078125, 0.203125, 0.109375], ""dense_units_1"": [0.109375, 0.078125, 0.109375, 0.234375, 0.109375, 0.171875, 0.046875, 0.140625], ""dense_units_2"": [0.203125, 0.109375, 0.078125, 0.171875, 0.140625, 0.078125, 0.078125, 0.140625], ""dropout_1"": [0.109375, 0.109375, 0.078125, 0.046875, 0.140625, 0.171875, 0.109375, 0.234375], ""dropout_2"": [0.109375, 0.140625, 0.046875, 0.109375, 0.078125, 0.171875, 0.234375, 0.109375], ""loss"": [0.109375, 0.078125, 0.171875, 0.109375, 0.140625, 0.109375, 0.140625, 0.140625], ""optimizer"": [0.171875, 0.078125, 0.171875, 0.109375, 0.203125, 0.046875, 0.109375, 0.109375]}",False,False,linier,success
paper_conventional-main-ants20-iterations5-epochs5-seed-43,paper_conventional,paper_faithful,iteration_based_paper_interpretation,main,20,5,5,43,2,3,9dd5b03e050ca8d0,64,16,0.6,0.7,512,softplus,ftrl,mean_absolute_error,,0.10000000149011612,0.09925000369548798,0.10000000149011612,0.18000002205371857,1,5,6.760411252002086,cached,,nonstandard_loss_for_multiclass_sparse_labels,0.0010000000474974513,True,"{""activation"": [0.078125, 0.171875, 0.171875, 0.140625, 0.109375, 0.140625, 0.078125, 0.109375], ""batch_size"": [0.046875, 0.078125, 0.140625, 0.140625, 0.203125, 0.078125, 0.203125, 0.109375], ""dense_units_1"": [0.109375, 0.078125, 0.109375, 0.234375, 0.109375, 0.171875, 0.046875, 0.140625], ""dense_units_2"": [0.203125, 0.109375, 0.078125, 0.171875, 0.140625, 0.078125, 0.078125, 0.140625], ""dropout_1"": [0.109375, 0.109375, 0.078125, 0.046875, 0.140625, 0.171875, 0.109375, 0.234375], ""dropout_2"": [0.109375, 0.140625, 0.046875, 0.109375, 0.078125, 0.171875, 0.234375, 0.109375], ""loss"": [0.109375, 0.078125, 0.171875, 0.109375, 0.140625, 0.109375, 0.140625, 0.140625], ""optimizer"": [0.171875, 0.078125, 0.171875, 0.109375, 0.203125, 0.046875, 0.109375, 0.109375]}",False,False,softplus,success
paper_conventional-main-ants20-iterations5-epochs5-seed-43,paper_conventional,paper_faithful,iteration_based_paper_interpretation,main,20,5,5,43,2,4,37e54cffdf163109,16,128,0.2,0.2,64,softplus,sgd,mean_squared_error,,0.26350000500679016,0.18250000476837158,0.26350000500679016,0.08971332758665085,5,5,7.817853667002055,cached,,nonstandard_loss_for_multiclass_sparse_labels,0.009999999776482582,True,"{""activation"": [0.078125, 0.171875, 0.171875, 0.140625, 0.109375, 0.140625, 0.078125, 0.109375], ""batch_size"": [0.046875, 0.078125, 0.140625, 0.140625, 0.203125, 0.078125, 0.203125, 0.109375], ""dense_units_1"": [0.109375, 0.078125, 0.109375, 0.234375, 0.109375, 0.171875, 0.046875, 0.140625], ""dense_units_2"": [0.203125, 0.109375, 0.078125, 0.171875, 0.140625, 0.078125, 0.078125, 0.140625], ""dropout_1"": [0.109375, 0.109375, 0.078125, 0.046875, 0.140625, 0.171875, 0.109375, 0.234375], ""dropout_2"": [0.109375, 0.140625, 0.046875, 0.109375, 0.078125, 0.171875, 0.234375, 0.109375], ""loss"": [0.109375, 0.078125, 0.171875, 0.109375, 0.140625, 0.109375, 0.140625, 0.140625], ""optimizer"": [0.171875, 0.078125, 0.171875, 0.109375, 0.203125, 0.046875, 0.109375, 0.109375]}",False,False,softplus,success
paper_conventional-main-ants20-iterations5-epochs5-seed-43,paper_conventional,paper_faithful,iteration_based_paper_interpretation,main,20,5,5,43,2,5,5eb3025ae7271d40,2048,256,0.8,0.8,256,sigmoid,adam,categorical_hinge,,0.8815000057220459,0.781624972820282,0.8815000057220459,0.4418410062789917,2,5,6.01336382899899,cached,,nonstandard_loss_for_multiclass_sparse_labels,0.0010000000474974513,True,"{""activation"": [0.078125, 0.171875, 0.171875, 0.140625, 0.109375, 0.140625, 0.078125, 0.109375], ""batch_size"": [0.046875, 0.078125, 0.140625, 0.140625, 0.203125, 0.078125, 0.203125, 0.109375], ""dense_units_1"": [0.109375, 0.078125, 0.109375, 0.234375, 0.109375, 0.171875, 0.046875, 0.140625], ""dense_units_2"": [0.203125, 0.109375, 0.078125, 0.171875, 0.140625, 0.078125, 0.078125, 0.140625], ""dropout_1"": [0.109375, 0.109375, 0.078125, 0.046875, 0.140625, 0.171875, 0.109375, 0.234375], ""dropout_2"": [0.109375, 0.140625, 0.046875, 0.109375, 0.078125, 0.171875, 0.234375, 0.109375], ""loss"": [0.109375, 0.078125, 0.171875, 0.109375, 0.140625, 0.109375, 0.140625, 0.140625], ""optimizer"": [0.171875, 0.078125, 0.171875, 0.109375, 0.203125, 0.046875, 0.109375, 0.109375]}",False,False,sigmoid,success
paper_conventional-main-ants20-iterations5-epochs5-seed-43,paper_conventional,paper_faithful,iteration_based_paper_interpretation,main,20,5,5,43,2,6,781e0cb7b273ff00,256,128,0.7,0.1,1024,selu,adagrad,squared_hinge,,0.28200000524520874,0.21062499284744263,0.28200000524520874,1.1617969274520874,2,5,6.076893663997907,cached,,nonstandard_loss_for_multiclass_sparse_labels,0.0010000000474974513,True,"{""activation"": [0.078125, 0.171875, 0.171875, 0.140625, 0.109375, 0.140625, 0.078125, 0.109375], ""batch_size"": [0.046875, 0.078125, 0.140625, 0.140625, 0.203125, 0.078125, 0.203125, 0.109375], ""dense_units_1"": [0.109375, 0.078125, 0.109375, 0.234375, 0.109375, 0.171875, 0.046875, 0.140625], ""dense_units_2"": [0.203125, 0.109375, 0.078125, 0.171875, 0.140625, 0.078125, 0.078125, 0.140625], ""dropout_1"": [0.109375, 0.109375, 0.078125, 0.046875, 0.140625, 0.171875, 0.109375, 0.234375], ""dropout_2"": [0.109375, 0.140625, 0.046875, 0.109375, 0.078125, 0.171875, 0.234375, 0.109375], ""loss"": [0.109375, 0.078125, 0.171875, 0.109375, 0.140625, 0.109375, 0.140625, 0.140625], ""optimizer"": [0.171875, 0.078125, 0.171875, 0.109375, 0.203125, 0.046875, 0.109375, 0.109375]}",False,False,selu,success
paper_conventional-main-ants20-iterations5-epochs5-seed-43,paper_conventional,paper_faithful,iteration_based_paper_interpretation,main,20,5,5,43,2,7,0bba08338d7aa378,256,128,0.6,0.1,512,linear,adadelta,categorical_crossentropy,,0.2685000002384186,0.33512499928474426,0.2685000002384186,2.0691096782684326,5,5,6.882464426998922,cached,,nonstandard_loss_for_multiclass_sparse_labels,0.0010000000474974513,True,"{""activation"": [0.078125, 0.171875, 0.171875, 0.140625, 0.109375, 0.140625, 0.078125, 0.109375], ""batch_size"": [0.046875, 0.078125, 0.140625, 0.140625, 0.203125, 0.078125, 0.203125, 0.109375], ""dense_units_1"": [0.109375, 0.078125, 0.109375, 0.234375, 0.109375, 0.171875, 0.046875, 0.140625], ""dense_units_2"": [0.203125, 0.109375, 0.078125, 0.171875, 0.140625, 0.078125, 0.078125, 0.140625], ""dropout_1"": [0.109375, 0.109375, 0.078125, 0.046875, 0.140625, 0.171875, 0.109375, 0.234375], ""dropout_2"": [0.109375, 0.140625, 0.046875, 0.109375, 0.078125, 0.171875, 0.234375, 0.109375], ""loss"": [0.109375, 0.078125, 0.171875, 0.109375, 0.140625, 0.109375, 0.140625, 0.140625], ""optimizer"": [0.171875, 0.078125, 0.171875, 0.109375, 0.203125, 0.046875, 0.109375, 0.109375]}",False,False,linier,success
paper_conventional-main-ants20-iterations5-epochs5-seed-43,paper_conventional,paper_faithful,iteration_based_paper_interpretation,main,20,5,5,43,2,8,70e9f79d78b7e754,256,128,0.2,0.5,64,gelu,adadelta,categorical_hinge,,0.1860000044107437,0.14824999868869781,0.1860000044107437,1.0283286571502686,5,5,9.657413008997537,cached,,nonstandard_loss_for_multiclass_sparse_labels,0.0010000000474974513,True,"{""activation"": [0.078125, 0.171875, 0.171875, 0.140625, 0.109375, 0.140625, 0.078125, 0.109375], ""batch_size"": [0.046875, 0.078125, 0.140625, 0.140625, 0.203125, 0.078125, 0.203125, 0.109375], ""dense_units_1"": [0.109375, 0.078125, 0.109375, 0.234375, 0.109375, 0.171875, 0.046875, 0.140625], ""dense_units_2"": [0.203125, 0.109375, 0.078125, 0.171875, 0.140625, 0.078125, 0.078125, 0.140625], ""dropout_1"": [0.109375, 0.109375, 0.078125, 0.046875, 0.140625, 0.171875, 0.109375, 0.234375], ""dropout_2"": [0.109375, 0.140625, 0.046875, 0.109375, 0.078125, 0.171875, 0.234375, 0.109375], ""loss"": [0.109375, 0.078125, 0.171875, 0.109375, 0.140625, 0.109375, 0.140625, 0.140625], ""optimizer"": [0.171875, 0.078125, 0.171875, 0.109375, 0.203125, 0.046875, 0.109375, 0.109375]}",False,False,gelu,success
paper_conventional-main-ants20-iterations5-epochs5-seed-43,paper_conventional,paper_faithful,iteration_based_paper_interpretation,main,20,5,5,43,2,9,14e885788ca9fa64,32,16,0.8,0.5,1024,sigmoid,rmsprop,cosine_similarity,,0.7670000195503235,0.6086249947547913,0.7670000195503235,-0.5423408150672913,3,5,5.424149217000377,cached,,nonstandard_loss_for_multiclass_sparse_labels,0.0010000000474974513,True,"{""activation"": [0.078125, 0.171875, 0.171875, 0.140625, 0.109375, 0.140625, 0.078125, 0.109375], ""batch_size"": [0.046875, 0.078125, 0.140625, 0.140625, 0.203125, 0.078125, 0.203125, 0.109375], ""dense_units_1"": [0.109375, 0.078125, 0.109375, 0.234375, 0.109375, 0.171875, 0.046875, 0.140625], ""dense_units_2"": [0.203125, 0.109375, 0.078125, 0.171875, 0.140625, 0.078125, 0.078125, 0.140625], ""dropout_1"": [0.109375, 0.109375, 0.078125, 0.046875, 0.140625, 0.171875, 0.109375, 0.234375], ""dropout_2"": [0.109375, 0.140625, 0.046875, 0.109375, 0.078125, 0.171875, 0.234375, 0.109375], ""loss"": [0.109375, 0.078125, 0.171875, 0.109375, 0.140625, 0.109375, 0.140625, 0.140625], ""optimizer"": [0.171875, 0.078125, 0.171875, 0.109375, 0.203125, 0.046875, 0.109375, 0.109375]}",False,False,sigmoid,success
paper_conventional-main-ants20-iterations5-epochs5-seed-43,paper_conventional,paper_faithful,iteration_based_paper_interpretation,main,20,5,5,43,2,10,d20400ac221bf073,32,128,0.3,0.4,32,selu,adam,binary_crossentropy,,0.9769999980926514,0.9610000252723694,0.9769999980926514,0.014267082326114178,4,5,19.133405093001784,cached,,nonstandard_loss_for_multiclass_sparse_labels,0.0010000000474974513,True,"{""activation"": [0.078125, 0.171875, 0.171875, 0.140625, 0.109375, 0.140625, 0.078125, 0.109375], ""batch_size"": [0.046875, 0.078125, 0.140625, 0.140625, 0.203125, 0.078125, 0.203125, 0.109375], ""dense_units_1"": [0.109375, 0.078125, 0.109375, 0.234375, 0.109375, 0.171875, 0.046875, 0.140625], ""dense_units_2"": [0.203125, 0.109375, 0.078125, 0.171875, 0.140625, 0.078125, 0.078125, 0.140625], ""dropout_1"": [0.109375, 0.109375, 0.078125, 0.046875, 0.140625, 0.171875, 0.109375, 0.234375], ""dropout_2"": [0.109375, 0.140625, 0.046875, 0.109375, 0.078125, 0.171875, 0.234375, 0.109375], ""loss"": [0.109375, 0.078125, 0.171875, 0.109375, 0.140625, 0.109375, 0.140625, 0.140625], ""optimizer"": [0.171875, 0.078125, 0.171875, 0.109375, 0.203125, 0.046875, 0.109375, 0.109375]}",False,False,selu,success
paper_conventional-main-ants20-iterations5-epochs5-seed-43,paper_conventional,paper_faithful,iteration_based_paper_interpretation,main,20,5,5,43,2,11,2932db0ef5c41494,256,2048,0.8,0.6,1024,softplus,adam,binary_crossentropy,,0.8500000238418579,0.9297500252723694,0.8500000238418579,0.12761566042900085,5,5,7.17014139299863,cached,,nonstandard_loss_for_multiclass_sparse_labels,0.0010000000474974513,True,"{""activation"": [0.078125, 0.171875, 0.171875, 0.140625, 0.109375, 0.140625, 0.078125, 0.109375], ""batch_size"": [0.046875, 0.078125, 0.140625, 0.140625, 0.203125, 0.078125, 0.203125, 0.109375], ""dense_units_1"": [0.109375, 0.078125, 0.109375, 0.234375, 0.109375, 0.171875, 0.046875, 0.140625], ""dense_units_2"": [0.203125, 0.109375, 0.078125, 0.171875, 0.140625, 0.078125, 0.078125, 0.140625], ""dropout_1"": [0.109375, 0.109375, 0.078125, 0.046875, 0.140625, 0.171875, 0.109375, 0.234375], ""dropout_2"": [0.109375, 0.140625, 0.046875, 0.109375, 0.078125, 0.171875, 0.234375, 0.109375], ""loss"": [0.109375, 0.078125, 0.171875, 0.109375, 0.140625, 0.109375, 0.140625, 0.140625], ""optimizer"": [0.171875, 0.078125, 0.171875, 0.109375, 0.203125, 0.046875, 0.109375, 0.109375]}",False,False,softplus,success
paper_conventional-main-ants20-iterations5-epochs5-seed-43,paper_conventional,paper_faithful,iteration_based_paper_interpretation,main,20,5,5,43,2,12,7a6bf242156141e9,16,64,0.6,0.4,256,softsign,sgd,categorical_hinge,,0.351500004529953,0.3402499854564667,0.351500004529953,1.0062298774719238,5,5,5.358525689000089,cached,,nonstandard_loss_for_multiclass_sparse_labels,0.009999999776482582,True,"{""activation"": [0.078125, 0.171875, 0.171875, 0.140625, 0.109375, 0.140625, 0.078125, 0.109375], ""batch_size"": [0.046875, 0.078125, 0.140625, 0.140625, 0.203125, 0.078125, 0.203125, 0.109375], ""dense_units_1"": [0.109375, 0.078125, 0.109375, 0.234375, 0.109375, 0.171875, 0.046875, 0.140625], ""dense_units_2"": [0.203125, 0.109375, 0.078125, 0.171875, 0.140625, 0.078125, 0.078125, 0.140625], ""dropout_1"": [0.109375, 0.109375, 0.078125, 0.046875, 0.140625, 0.171875, 0.109375, 0.234375], ""dropout_2"": [0.109375, 0.140625, 0.046875, 0.109375, 0.078125, 0.171875, 0.234375, 0.109375], ""loss"": [0.109375, 0.078125, 0.171875, 0.109375, 0.140625, 0.109375, 0.140625, 0.140625], ""optimizer"": [0.171875, 0.078125, 0.171875, 0.109375, 0.203125, 0.046875, 0.109375, 0.109375]}",False,False,softsign,success
paper_conventional-main-ants20-iterations5-epochs5-seed-43,paper_conventional,paper_faithful,iteration_based_paper_interpretation,main,20,5,5,43,2,13,88e59e58a416f57a,128,32,0.6,0.6,256,selu,sgd,categorical_crossentropy,,0.8855000138282776,0.8538749814033508,0.8855000138282776,1.0094947814941406,4,5,5.482158720998996,cached,,nonstandard_loss_for_multiclass_sparse_labels,0.009999999776482582,True,"{""activation"": [0.078125, 0.171875, 0.171875, 0.140625, 0.109375, 0.140625, 0.078125, 0.109375], ""batch_size"": [0.046875, 0.078125, 0.140625, 0.140625, 0.203125, 0.078125, 0.203125, 0.109375], ""dense_units_1"": [0.109375, 0.078125, 0.109375, 0.234375, 0.109375, 0.171875, 0.046875, 0.140625], ""dense_units_2"": [0.203125, 0.109375, 0.078125, 0.171875, 0.140625, 0.078125, 0.078125, 0.140625], ""dropout_1"": [0.109375, 0.109375, 0.078125, 0.046875, 0.140625, 0.171875, 0.109375, 0.234375], ""dropout_2"": [0.109375, 0.140625, 0.046875, 0.109375, 0.078125, 0.171875, 0.234375, 0.109375], ""loss"": [0.109375, 0.078125, 0.171875, 0.109375, 0.140625, 0.109375, 0.140625, 0.140625], ""optimizer"": [0.171875, 0.078125, 0.171875, 0.109375, 0.203125, 0.046875, 0.109375, 0.109375]}",False,False,selu,success
paper_conventional-main-ants20-iterations5-epochs5-seed-43,paper_conventional,paper_faithful,iteration_based_paper_interpretation,main,20,5,5,43,2,14,6a7fc40e24d042a1,2048,256,0.2,0.2,256,tanh,nadam,binary_crossentropy,,0.9819999933242798,0.9951249957084656,0.9819999933242798,0.1821521818637848,5,5,8.29844382200099,cached,,nonstandard_loss_for_multiclass_sparse_labels,0.0010000000474974513,True,"{""activation"": [0.078125, 0.171875, 0.171875, 0.140625, 0.109375, 0.140625, 0.078125, 0.109375], ""batch_size"": [0.046875, 0.078125, 0.140625, 0.140625, 0.203125, 0.078125, 0.203125, 0.109375], ""dense_units_1"": [0.109375, 0.078125, 0.109375, 0.234375, 0.109375, 0.171875, 0.046875, 0.140625], ""dense_units_2"": [0.203125, 0.109375, 0.078125, 0.171875, 0.140625, 0.078125, 0.078125, 0.140625], ""dropout_1"": [0.109375, 0.109375, 0.078125, 0.046875, 0.140625, 0.171875, 0.109375, 0.234375], ""dropout_2"": [0.109375, 0.140625, 0.046875, 0.109375, 0.078125, 0.171875, 0.234375, 0.109375], ""loss"": [0.109375, 0.078125, 0.171875, 0.109375, 0.140625, 0.109375, 0.140625, 0.140625], ""optimizer"": [0.171875, 0.078125, 0.171875, 0.109375, 0.203125, 0.046875, 0.109375, 0.109375]}",True,True,tanh,success
paper_conventional-main-ants20-iterations5-epochs5-seed-43,paper_conventional,paper_faithful,iteration_based_paper_interpretation,main,20,5,5,43,2,15,111bb1e6939c8e2f,512,2048,0.5,0.7,64,softplus,sgd,mean_absolute_error,,0.28850001096725464,0.19425000250339508,0.28850001096725464,0.16784487664699554,5,5,7.436311550001847,cached,,nonstandard_loss_for_multiclass_sparse_labels,0.009999999776482582,True,"{""activation"": [0.078125, 0.171875, 0.171875, 0.140625, 0.109375, 0.140625, 0.078125, 0.109375], ""batch_size"": [0.046875, 0.078125, 0.140625, 0.140625, 0.203125, 0.078125, 0.203125, 0.109375], ""dense_units_1"": [0.109375, 0.078125, 0.109375, 0.234375, 0.109375, 0.171875, 0.046875, 0.140625], ""dense_units_2"": [0.203125, 0.109375, 0.078125, 0.171875, 0.140625, 0.078125, 0.078125, 0.140625], ""dropout_1"": [0.109375, 0.109375, 0.078125, 0.046875, 0.140625, 0.171875, 0.109375, 0.234375], ""dropout_2"": [0.109375, 0.140625, 0.046875, 0.109375, 0.078125, 0.171875, 0.234375, 0.109375], ""loss"": [0.109375, 0.078125, 0.171875, 0.109375, 0.140625, 0.109375, 0.140625, 0.140625], ""optimizer"": [0.171875, 0.078125, 0.171875, 0.109375, 0.203125, 0.046875, 0.109375, 0.109375]}",False,False,softplus,success
paper_conventional-main-ants20-iterations5-epochs5-seed-43,paper_conventional,paper_faithful,iteration_based_paper_interpretation,main,20,5,5,43,2,16,593c36920340c7ad,64,512,0.6,0.7,128,softplus,sgd,binary_crossentropy,,0.2840000092983246,0.1577499955892563,0.2840000092983246,0.3229893743991852,4,5,5.524747880001087,cached,,nonstandard_loss_for_multiclass_sparse_labels,0.009999999776482582,True,"{""activation"": [0.078125, 0.171875, 0.171875, 0.140625, 0.109375, 0.140625, 0.078125, 0.109375], ""batch_size"": [0.046875, 0.078125, 0.140625, 0.140625, 0.203125, 0.078125, 0.203125, 0.109375], ""dense_units_1"": [0.109375, 0.078125, 0.109375, 0.234375, 0.109375, 0.171875, 0.046875, 0.140625], ""dense_units_2"": [0.203125, 0.109375, 0.078125, 0.171875, 0.140625, 0.078125, 0.078125, 0.140625], ""dropout_1"": [0.109375, 0.109375, 0.078125, 0.046875, 0.140625, 0.171875, 0.109375, 0.234375], ""dropout_2"": [0.109375, 0.140625, 0.046875, 0.109375, 0.078125, 0.171875, 0.234375, 0.109375], ""loss"": [0.109375, 0.078125, 0.171875, 0.109375, 0.140625, 0.109375, 0.140625, 0.140625], ""optimizer"": [0.171875, 0.078125, 0.171875, 0.109375, 0.203125, 0.046875, 0.109375, 0.109375]}",False,False,softplus,success
paper_conventional-main-ants20-iterations5-epochs5-seed-43,paper_conventional,paper_faithful,iteration_based_paper_interpretation,main,20,5,5,43,2,17,46c4e0a870044a97,512,2048,0.2,0.1,32,relu,adadelta,categorical_hinge,,0.37400001287460327,0.3737500011920929,0.37400001287460327,0.9748845100402832,5,5,15.35761196599924,cached,,nonstandard_loss_for_multiclass_sparse_labels,0.0010000000474974513,True,"{""activation"": [0.078125, 0.171875, 0.171875, 0.140625, 0.109375, 0.140625, 0.078125, 0.109375], ""batch_size"": [0.046875, 0.078125, 0.140625, 0.140625, 0.203125, 0.078125, 0.203125, 0.109375], ""dense_units_1"": [0.109375, 0.078125, 0.109375, 0.234375, 0.109375, 0.171875, 0.046875, 0.140625], ""dense_units_2"": [0.203125, 0.109375, 0.078125, 0.171875, 0.140625, 0.078125, 0.078125, 0.140625], ""dropout_1"": [0.109375, 0.109375, 0.078125, 0.046875, 0.140625, 0.171875, 0.109375, 0.234375], ""dropout_2"": [0.109375, 0.140625, 0.046875, 0.109375, 0.078125, 0.171875, 0.234375, 0.109375], ""loss"": [0.109375, 0.078125, 0.171875, 0.109375, 0.140625, 0.109375, 0.140625, 0.140625], ""optimizer"": [0.171875, 0.078125, 0.171875, 0.109375, 0.203125, 0.046875, 0.109375, 0.109375]}",False,False,relu,success
paper_conventional-main-ants20-iterations5-epochs5-seed-43,paper_conventional,paper_faithful,iteration_based_paper_interpretation,main,20,5,5,43,2,18,e3bb67febed87c3f,128,128,0.8,0.8,32,softplus,nadam,categorical_hinge,,0.6044999957084656,0.7365000247955322,0.6044999957084656,0.7801768183708191,5,5,23.563517194997985,cached,,nonstandard_loss_for_multiclass_sparse_labels,0.0010000000474974513,True,"{""activation"": [0.078125, 0.171875, 0.171875, 0.140625, 0.109375, 0.140625, 0.078125, 0.109375], ""batch_size"": [0.046875, 0.078125, 0.140625, 0.140625, 0.203125, 0.078125, 0.203125, 0.109375], ""dense_units_1"": [0.109375, 0.078125, 0.109375, 0.234375, 0.109375, 0.171875, 0.046875, 0.140625], ""dense_units_2"": [0.203125, 0.109375, 0.078125, 0.171875, 0.140625, 0.078125, 0.078125, 0.140625], ""dropout_1"": [0.109375, 0.109375, 0.078125, 0.046875, 0.140625, 0.171875, 0.109375, 0.234375], ""dropout_2"": [0.109375, 0.140625, 0.046875, 0.109375, 0.078125, 0.171875, 0.234375, 0.109375], ""loss"": [0.109375, 0.078125, 0.171875, 0.109375, 0.140625, 0.109375, 0.140625, 0.140625], ""optimizer"": [0.171875, 0.078125, 0.171875, 0.109375, 0.203125, 0.046875, 0.109375, 0.109375]}",False,False,softplus,success
paper_conventional-main-ants20-iterations5-epochs5-seed-43,paper_conventional,paper_faithful,iteration_based_paper_interpretation,main,20,5,5,43,2,19,01aa6e2989d4aed0,2048,1024,0.5,0.6,1024,selu,adagrad,sparse_categorical_crossentropy,,0.8054999709129333,0.656624972820282,0.8054999709129333,1.3954068422317505,2,5,4.507194292000349,cached,,,0.0010000000474974513,True,"{""activation"": [0.078125, 0.171875, 0.171875, 0.140625, 0.109375, 0.140625, 0.078125, 0.109375], ""batch_size"": [0.046875, 0.078125, 0.140625, 0.140625, 0.203125, 0.078125, 0.203125, 0.109375], ""dense_units_1"": [0.109375, 0.078125, 0.109375, 0.234375, 0.109375, 0.171875, 0.046875, 0.140625], ""dense_units_2"": [0.203125, 0.109375, 0.078125, 0.171875, 0.140625, 0.078125, 0.078125, 0.140625], ""dropout_1"": [0.109375, 0.109375, 0.078125, 0.046875, 0.140625, 0.171875, 0.109375, 0.234375], ""dropout_2"": [0.109375, 0.140625, 0.046875, 0.109375, 0.078125, 0.171875, 0.234375, 0.109375], ""loss"": [0.109375, 0.078125, 0.171875, 0.109375, 0.140625, 0.109375, 0.140625, 0.140625], ""optimizer"": [0.171875, 0.078125, 0.171875, 0.109375, 0.203125, 0.046875, 0.109375, 0.109375]}",False,False,selu,success
paper_conventional-main-ants20-iterations5-epochs5-seed-43,paper_conventional,paper_faithful,iteration_based_paper_interpretation,main,20,5,5,43,2,20,74b9bb8a1e894dd0,2048,64,0.1,0.6,256,tanh,ftrl,sparse_categorical_crossentropy,,0.10000000149011612,0.09537500143051147,0.10000000149011612,2.3025848865509033,1,5,6.377558790998592,cached,,,0.0010000000474974513,True,"{""activation"": [0.078125, 0.171875, 0.171875, 0.140625, 0.109375, 0.140625, 0.078125, 0.109375], ""batch_size"": [0.046875, 0.078125, 0.140625, 0.140625, 0.203125, 0.078125, 0.203125, 0.109375], ""dense_units_1"": [0.109375, 0.078125, 0.109375, 0.234375, 0.109375, 0.171875, 0.046875, 0.140625], ""dense_units_2"": [0.203125, 0.109375, 0.078125, 0.171875, 0.140625, 0.078125, 0.078125, 0.140625], ""dropout_1"": [0.109375, 0.109375, 0.078125, 0.046875, 0.140625, 0.171875, 0.109375, 0.234375], ""dropout_2"": [0.109375, 0.140625, 0.046875, 0.109375, 0.078125, 0.171875, 0.234375, 0.109375], ""loss"": [0.109375, 0.078125, 0.171875, 0.109375, 0.140625, 0.109375, 0.140625, 0.140625], ""optimizer"": [0.171875, 0.078125, 0.171875, 0.109375, 0.203125, 0.046875, 0.109375, 0.109375]}",False,False,tanh,success
paper_conventional-main-ants20-iterations5-epochs5-seed-43,paper_conventional,paper_faithful,iteration_based_paper_interpretation,main,20,5,5,43,3,1,82cffe147cc3c886,2048,512,0.3,0.6,1024,softplus,adagrad,categorical_hinge,,0.4359999895095825,0.21525000035762787,0.4359999895095825,1.002959966659546,4,5,5.512431237999408,cached,,nonstandard_loss_for_multiclass_sparse_labels,0.0010000000474974513,True,"{""activation"": [0.06534090909090909, 0.13920454545454544, 0.23011363636363635, 0.09943181818181818, 0.10511363636363637, 0.16761363636363635, 0.08806818181818182, 0.10511363636363637], ""batch_size"": [0.02556818181818182, 0.13352272727272727, 0.16761363636363635, 0.09943181818181818, 0.22443181818181818, 0.08806818181818182, 0.20170454545454544, 0.05965909090909091], ""dense_units_1"": [0.10511363636363637, 0.08806818181818182, 0.1278409090909091, 0.17329545454545456, 0.15056818181818182, 0.13920454545454544, 0.048295454545454544, 0.16761363636363635], ""dense_units_2"": [0.17897727272727273, 0.08238636363636363, 0.08806818181818182, 0.23011363636363635, 0.12215909090909091, 0.06534090909090909, 0.06534090909090909, 0.16761363636363635], ""dropout_1"": [0.08238636363636363, 0.15056818181818182, 0.06534090909090909, 0.02556818181818182, 0.14488636363636365, 0.20738636363636365, 0.08238636363636363, 0.24147727272727273], ""dropout_2"": [0.1278409090909091, 0.12215909090909091, 0.02556818181818182, 0.15056818181818182, 0.08806818181818182, 0.1846590909090909, 0.19602272727272727, 0.10511363636363637], ""loss"": [0.10511363636363637, 0.11079545454545454, 0.1846590909090909, 0.10511363636363637, 0.09943181818181818, 0.08238636363636363, 0.21306818181818182, 0.09943181818181818], ""optimizer"": [0.16193181818181818, 0.06534090909090909, 0.2528409090909091, 0.1278409090909091, 0.15625, 0.02556818181818182, 0.10511363636363637, 0.10511363636363637]}",False,False,softplus,success
paper_conventional-main-ants20-iterations5-epochs5-seed-43,paper_conventional,paper_faithful,iteration_based_paper_interpretation,main,20,5,5,43,3,2,e42d0c9e475a9276,1024,128,0.6,0.6,256,sigmoid,sgd,mean_absolute_error,,0.10000000149011612,0.1014999970793724,0.10000000149011612,0.179904967546463,5,5,4.979365797000355,cached,,nonstandard_loss_for_multiclass_sparse_labels,0.009999999776482582,True,"{""activation"": [0.06534090909090909, 0.13920454545454544, 0.23011363636363635, 0.09943181818181818, 0.10511363636363637, 0.16761363636363635, 0.08806818181818182, 0.10511363636363637], ""batch_size"": [0.02556818181818182, 0.13352272727272727, 0.16761363636363635, 0.09943181818181818, 0.22443181818181818, 0.08806818181818182, 0.20170454545454544, 0.05965909090909091], ""dense_units_1"": [0.10511363636363637, 0.08806818181818182, 0.1278409090909091, 0.17329545454545456, 0.15056818181818182, 0.13920454545454544, 0.048295454545454544, 0.16761363636363635], ""dense_units_2"": [0.17897727272727273, 0.08238636363636363, 0.08806818181818182, 0.23011363636363635, 0.12215909090909091, 0.06534090909090909, 0.06534090909090909, 0.16761363636363635], ""dropout_1"": [0.08238636363636363, 0.15056818181818182, 0.06534090909090909, 0.02556818181818182, 0.14488636363636365, 0.20738636363636365, 0.08238636363636363, 0.24147727272727273], ""dropout_2"": [0.1278409090909091, 0.12215909090909091, 0.02556818181818182, 0.15056818181818182, 0.08806818181818182, 0.1846590909090909, 0.19602272727272727, 0.10511363636363637], ""loss"": [0.10511363636363637, 0.11079545454545454, 0.1846590909090909, 0.10511363636363637, 0.09943181818181818, 0.08238636363636363, 0.21306818181818182, 0.09943181818181818], ""optimizer"": [0.16193181818181818, 0.06534090909090909, 0.2528409090909091, 0.1278409090909091, 0.15625, 0.02556818181818182, 0.10511363636363637, 0.10511363636363637]}",False,False,sigmoid,success
paper_conventional-main-ants20-iterations5-epochs5-seed-43,paper_conventional,paper_faithful,iteration_based_paper_interpretation,main,20,5,5,43,3,3,c0d6b67f5de9d25c,64,16,0.6,0.6,1024,tanh,sgd,sparse_categorical_crossentropy,,0.7425000071525574,0.5713750123977661,0.7425000071525574,1.8062175512313843,2,5,5.640799954999238,cached,,,0.009999999776482582,True,"{""activation"": [0.06534090909090909, 0.13920454545454544, 0.23011363636363635, 0.09943181818181818, 0.10511363636363637, 0.16761363636363635, 0.08806818181818182, 0.10511363636363637], ""batch_size"": [0.02556818181818182, 0.13352272727272727, 0.16761363636363635, 0.09943181818181818, 0.22443181818181818, 0.08806818181818182, 0.20170454545454544, 0.05965909090909091], ""dense_units_1"": [0.10511363636363637, 0.08806818181818182, 0.1278409090909091, 0.17329545454545456, 0.15056818181818182, 0.13920454545454544, 0.048295454545454544, 0.16761363636363635], ""dense_units_2"": [0.17897727272727273, 0.08238636363636363, 0.08806818181818182, 0.23011363636363635, 0.12215909090909091, 0.06534090909090909, 0.06534090909090909, 0.16761363636363635], ""dropout_1"": [0.08238636363636363, 0.15056818181818182, 0.06534090909090909, 0.02556818181818182, 0.14488636363636365, 0.20738636363636365, 0.08238636363636363, 0.24147727272727273], ""dropout_2"": [0.1278409090909091, 0.12215909090909091, 0.02556818181818182, 0.15056818181818182, 0.08806818181818182, 0.1846590909090909, 0.19602272727272727, 0.10511363636363637], ""loss"": [0.10511363636363637, 0.11079545454545454, 0.1846590909090909, 0.10511363636363637, 0.09943181818181818, 0.08238636363636363, 0.21306818181818182, 0.09943181818181818], ""optimizer"": [0.16193181818181818, 0.06534090909090909, 0.2528409090909091, 0.1278409090909091, 0.15625, 0.02556818181818182, 0.10511363636363637, 0.10511363636363637]}",False,False,tanh,success
paper_conventional-main-ants20-iterations5-epochs5-seed-43,paper_conventional,paper_faithful,iteration_based_paper_interpretation,main,20,5,5,43,3,4,fed45d614b5ce358,16,32,0.5,0.2,1024,relu,adadelta,categorical_hinge,,0.09700000286102295,0.09525000303983688,0.09700000286102295,1.0039606094360352,1,5,6.804186082998058,cached,,nonstandard_loss_for_multiclass_sparse_labels,0.0010000000474974513,True,"{""activation"": [0.06534090909090909, 0.13920454545454544, 0.23011363636363635, 0.09943181818181818, 0.10511363636363637, 0.16761363636363635, 0.08806818181818182, 0.10511363636363637], ""batch_size"": [0.02556818181818182, 0.13352272727272727, 0.16761363636363635, 0.09943181818181818, 0.22443181818181818, 0.08806818181818182, 0.20170454545454544, 0.05965909090909091], ""dense_units_1"": [0.10511363636363637, 0.08806818181818182, 0.1278409090909091, 0.17329545454545456, 0.15056818181818182, 0.13920454545454544, 0.048295454545454544, 0.16761363636363635], ""dense_units_2"": [0.17897727272727273, 0.08238636363636363, 0.08806818181818182, 0.23011363636363635, 0.12215909090909091, 0.06534090909090909, 0.06534090909090909, 0.16761363636363635], ""dropout_1"": [0.08238636363636363, 0.15056818181818182, 0.06534090909090909, 0.02556818181818182, 0.14488636363636365, 0.20738636363636365, 0.08238636363636363, 0.24147727272727273], ""dropout_2"": [0.1278409090909091, 0.12215909090909091, 0.02556818181818182, 0.15056818181818182, 0.08806818181818182, 0.1846590909090909, 0.19602272727272727, 0.10511363636363637], ""loss"": [0.10511363636363637, 0.11079545454545454, 0.1846590909090909, 0.10511363636363637, 0.09943181818181818, 0.08238636363636363, 0.21306818181818182, 0.09943181818181818], ""optimizer"": [0.16193181818181818, 0.06534090909090909, 0.2528409090909091, 0.1278409090909091, 0.15625, 0.02556818181818182, 0.10511363636363637, 0.10511363636363637]}",False,False,relu,success
paper_conventional-main-ants20-iterations5-epochs5-seed-43,paper_conventional,paper_faithful,iteration_based_paper_interpretation,main,20,5,5,43,3,5,9bedccbe0827e900,64,128,0.8,0.7,64,selu,nadam,sparse_categorical_crossentropy,,0.5770000219345093,0.5901250243186951,0.5770000219345093,1.5313507318496704,1,5,12.848766457002057,cached,,,0.0010000000474974513,True,"{""activation"": [0.06534090909090909, 0.13920454545454544, 0.23011363636363635, 0.09943181818181818, 0.10511363636363637, 0.16761363636363635, 0.08806818181818182, 0.10511363636363637], ""batch_size"": [0.02556818181818182, 0.13352272727272727, 0.16761363636363635, 0.09943181818181818, 0.22443181818181818, 0.08806818181818182, 0.20170454545454544, 0.05965909090909091], ""dense_units_1"": [0.10511363636363637, 0.08806818181818182, 0.1278409090909091, 0.17329545454545456, 0.15056818181818182, 0.13920454545454544, 0.048295454545454544, 0.16761363636363635], ""dense_units_2"": [0.17897727272727273, 0.08238636363636363, 0.08806818181818182, 0.23011363636363635, 0.12215909090909091, 0.06534090909090909, 0.06534090909090909, 0.16761363636363635], ""dropout_1"": [0.08238636363636363, 0.15056818181818182, 0.06534090909090909, 0.02556818181818182, 0.14488636363636365, 0.20738636363636365, 0.08238636363636363, 0.24147727272727273], ""dropout_2"": [0.1278409090909091, 0.12215909090909091, 0.02556818181818182, 0.15056818181818182, 0.08806818181818182, 0.1846590909090909, 0.19602272727272727, 0.10511363636363637], ""loss"": [0.10511363636363637, 0.11079545454545454, 0.1846590909090909, 0.10511363636363637, 0.09943181818181818, 0.08238636363636363, 0.21306818181818182, 0.09943181818181818], ""optimizer"": [0.16193181818181818, 0.06534090909090909, 0.2528409090909091, 0.1278409090909091, 0.15625, 0.02556818181818182, 0.10511363636363637, 0.10511363636363637]}",False,False,selu,success
paper_conventional-main-ants20-iterations5-epochs5-seed-43,paper_conventional,paper_faithful,iteration_based_paper_interpretation,main,20,5,5,43,3,6,4d761a59a72ce2e8,128,2048,0.2,0.2,1024,selu,sgd,cosine_similarity,,0.906000018119812,0.8957499861717224,0.906000018119812,-0.799646258354187,5,5,5.197867475999374,cached,,nonstandard_loss_for_multiclass_sparse_labels,0.009999999776482582,True,"{""activation"": [0.06534090909090909, 0.13920454545454544, 0.23011363636363635, 0.09943181818181818, 0.10511363636363637, 0.16761363636363635, 0.08806818181818182, 0.10511363636363637], ""batch_size"": [0.02556818181818182, 0.13352272727272727, 0.16761363636363635, 0.09943181818181818, 0.22443181818181818, 0.08806818181818182, 0.20170454545454544, 0.05965909090909091], ""dense_units_1"": [0.10511363636363637, 0.08806818181818182, 0.1278409090909091, 0.17329545454545456, 0.15056818181818182, 0.13920454545454544, 0.048295454545454544, 0.16761363636363635], ""dense_units_2"": [0.17897727272727273, 0.08238636363636363, 0.08806818181818182, 0.23011363636363635, 0.12215909090909091, 0.06534090909090909, 0.06534090909090909, 0.16761363636363635], ""dropout_1"": [0.08238636363636363, 0.15056818181818182, 0.06534090909090909, 0.02556818181818182, 0.14488636363636365, 0.20738636363636365, 0.08238636363636363, 0.24147727272727273], ""dropout_2"": [0.1278409090909091, 0.12215909090909091, 0.02556818181818182, 0.15056818181818182, 0.08806818181818182, 0.1846590909090909, 0.19602272727272727, 0.10511363636363637], ""loss"": [0.10511363636363637, 0.11079545454545454, 0.1846590909090909, 0.10511363636363637, 0.09943181818181818, 0.08238636363636363, 0.21306818181818182, 0.09943181818181818], ""optimizer"": [0.16193181818181818, 0.06534090909090909, 0.2528409090909091, 0.1278409090909091, 0.15625, 0.02556818181818182, 0.10511363636363637, 0.10511363636363637]}",False,False,selu,success
paper_conventional-main-ants20-iterations5-epochs5-seed-43,paper_conventional,paper_faithful,iteration_based_paper_interpretation,main,20,5,5,43,3,7,47f9f967654ae550,2048,128,0.8,0.6,256,softplus,adadelta,sparse_categorical_crossentropy,,0.12049999833106995,0.12862500548362732,0.12049999833106995,2.5086193084716797,5,5,8.26404651700068,cached,,,0.0010000000474974513,True,"{""activation"": [0.06534090909090909, 0.13920454545454544, 0.23011363636363635, 0.09943181818181818, 0.10511363636363637, 0.16761363636363635, 0.08806818181818182, 0.10511363636363637], ""batch_size"": [0.02556818181818182, 0.13352272727272727, 0.16761363636363635, 0.09943181818181818, 0.22443181818181818, 0.08806818181818182, 0.20170454545454544, 0.05965909090909091], ""dense_units_1"": [0.10511363636363637, 0.08806818181818182, 0.1278409090909091, 0.17329545454545456, 0.15056818181818182, 0.13920454545454544, 0.048295454545454544, 0.16761363636363635], ""dense_units_2"": [0.17897727272727273, 0.08238636363636363, 0.08806818181818182, 0.23011363636363635, 0.12215909090909091, 0.06534090909090909, 0.06534090909090909, 0.16761363636363635], ""dropout_1"": [0.08238636363636363, 0.15056818181818182, 0.06534090909090909, 0.02556818181818182, 0.14488636363636365, 0.20738636363636365, 0.08238636363636363, 0.24147727272727273], ""dropout_2"": [0.1278409090909091, 0.12215909090909091, 0.02556818181818182, 0.15056818181818182, 0.08806818181818182, 0.1846590909090909, 0.19602272727272727, 0.10511363636363637], ""loss"": [0.10511363636363637, 0.11079545454545454, 0.1846590909090909, 0.10511363636363637, 0.09943181818181818, 0.08238636363636363, 0.21306818181818182, 0.09943181818181818], ""optimizer"": [0.16193181818181818, 0.06534090909090909, 0.2528409090909091, 0.1278409090909091, 0.15625, 0.02556818181818182, 0.10511363636363637, 0.10511363636363637]}",False,False,softplus,success
paper_conventional-main-ants20-iterations5-epochs5-seed-43,paper_conventional,paper_faithful,iteration_based_paper_interpretation,main,20,5,5,43,3,8,ea16f3e328bb1145,512,1024,0.2,0.4,64,relu,sgd,mean_absolute_error,,0.44850000739097595,0.3841249942779541,0.44850000739097595,0.13743072748184204,5,5,7.72807793299944,cached,,nonstandard_loss_for_multiclass_sparse_labels,0.009999999776482582,True,"{""activation"": [0.06534090909090909, 0.13920454545454544, 0.23011363636363635, 0.09943181818181818, 0.10511363636363637, 0.16761363636363635, 0.08806818181818182, 0.10511363636363637], ""batch_size"": [0.02556818181818182, 0.13352272727272727, 0.16761363636363635, 0.09943181818181818, 0.22443181818181818, 0.08806818181818182, 0.20170454545454544, 0.05965909090909091], ""dense_units_1"": [0.10511363636363637, 0.08806818181818182, 0.1278409090909091, 0.17329545454545456, 0.15056818181818182, 0.13920454545454544, 0.048295454545454544, 0.16761363636363635], ""dense_units_2"": [0.17897727272727273, 0.08238636363636363, 0.08806818181818182, 0.23011363636363635, 0.12215909090909091, 0.06534090909090909, 0.06534090909090909, 0.16761363636363635], ""dropout_1"": [0.08238636363636363, 0.15056818181818182, 0.06534090909090909, 0.02556818181818182, 0.14488636363636365, 0.20738636363636365, 0.08238636363636363, 0.24147727272727273], ""dropout_2"": [0.1278409090909091, 0.12215909090909091, 0.02556818181818182, 0.15056818181818182, 0.08806818181818182, 0.1846590909090909, 0.19602272727272727, 0.10511363636363637], ""loss"": [0.10511363636363637, 0.11079545454545454, 0.1846590909090909, 0.10511363636363637, 0.09943181818181818, 0.08238636363636363, 0.21306818181818182, 0.09943181818181818], ""optimizer"": [0.16193181818181818, 0.06534090909090909, 0.2528409090909091, 0.1278409090909091, 0.15625, 0.02556818181818182, 0.10511363636363637, 0.10511363636363637]}",False,False,relu,success
paper_conventional-main-ants20-iterations5-epochs5-seed-43,paper_conventional,paper_faithful,iteration_based_paper_interpretation,main,20,5,5,43,3,9,92b3a40c06670d6e,1024,1024,0.6,0.2,1024,sigmoid,adagrad,binary_crossentropy,,0.10000000149011612,0.09849999845027924,0.10000000149011612,0.3316197097301483,5,5,5.765824024001631,cached,,nonstandard_loss_for_multiclass_sparse_labels,0.0010000000474974513,True,"{""activation"": [0.06534090909090909, 0.13920454545454544, 0.23011363636363635, 0.09943181818181818, 0.10511363636363637, 0.16761363636363635, 0.08806818181818182, 0.10511363636363637], ""batch_size"": [0.02556818181818182, 0.13352272727272727, 0.16761363636363635, 0.09943181818181818, 0.22443181818181818, 0.08806818181818182, 0.20170454545454544, 0.05965909090909091], ""dense_units_1"": [0.10511363636363637, 0.08806818181818182, 0.1278409090909091, 0.17329545454545456, 0.15056818181818182, 0.13920454545454544, 0.048295454545454544, 0.16761363636363635], ""dense_units_2"": [0.17897727272727273, 0.08238636363636363, 0.08806818181818182, 0.23011363636363635, 0.12215909090909091, 0.06534090909090909, 0.06534090909090909, 0.16761363636363635], ""dropout_1"": [0.08238636363636363, 0.15056818181818182, 0.06534090909090909, 0.02556818181818182, 0.14488636363636365, 0.20738636363636365, 0.08238636363636363, 0.24147727272727273], ""dropout_2"": [0.1278409090909091, 0.12215909090909091, 0.02556818181818182, 0.15056818181818182, 0.08806818181818182, 0.1846590909090909, 0.19602272727272727, 0.10511363636363637], ""loss"": [0.10511363636363637, 0.11079545454545454, 0.1846590909090909, 0.10511363636363637, 0.09943181818181818, 0.08238636363636363, 0.21306818181818182, 0.09943181818181818], ""optimizer"": [0.16193181818181818, 0.06534090909090909, 0.2528409090909091, 0.1278409090909091, 0.15625, 0.02556818181818182, 0.10511363636363637, 0.10511363636363637]}",False,False,sigmoid,success
paper_conventional-main-ants20-iterations5-epochs5-seed-43,paper_conventional,paper_faithful,iteration_based_paper_interpretation,main,20,5,5,43,3,10,194248477345d11f,2048,64,0.4,0.7,64,linear,adam,cosine_similarity,,0.9325000047683716,0.9106249809265137,0.9325000047683716,-0.9348888993263245,5,5,11.356171588002326,cached,,nonstandard_loss_for_multiclass_sparse_labels,0.0010000000474974513,True,"{""activation"": [0.06534090909090909, 0.13920454545454544, 0.23011363636363635, 0.09943181818181818, 0.10511363636363637, 0.16761363636363635, 0.08806818181818182, 0.10511363636363637], ""batch_size"": [0.02556818181818182, 0.13352272727272727, 0.16761363636363635, 0.09943181818181818, 0.22443181818181818, 0.08806818181818182, 0.20170454545454544, 0.05965909090909091], ""dense_units_1"": [0.10511363636363637, 0.08806818181818182, 0.1278409090909091, 0.17329545454545456, 0.15056818181818182, 0.13920454545454544, 0.048295454545454544, 0.16761363636363635], ""dense_units_2"": [0.17897727272727273, 0.08238636363636363, 0.08806818181818182, 0.23011363636363635, 0.12215909090909091, 0.06534090909090909, 0.06534090909090909, 0.16761363636363635], ""dropout_1"": [0.08238636363636363, 0.15056818181818182, 0.06534090909090909, 0.02556818181818182, 0.14488636363636365, 0.20738636363636365, 0.08238636363636363, 0.24147727272727273], ""dropout_2"": [0.1278409090909091, 0.12215909090909091, 0.02556818181818182, 0.15056818181818182, 0.08806818181818182, 0.1846590909090909, 0.19602272727272727, 0.10511363636363637], ""loss"": [0.10511363636363637, 0.11079545454545454, 0.1846590909090909, 0.10511363636363637, 0.09943181818181818, 0.08238636363636363, 0.21306818181818182, 0.09943181818181818], ""optimizer"": [0.16193181818181818, 0.06534090909090909, 0.2528409090909091, 0.1278409090909091, 0.15625, 0.02556818181818182, 0.10511363636363637, 0.10511363636363637]}",False,False,linier,success
paper_conventional-main-ants20-iterations5-epochs5-seed-43,paper_conventional,paper_faithful,iteration_based_paper_interpretation,main,20,5,5,43,3,11,08638bbdd492e6fb,2048,128,0.8,0.8,1024,sigmoid,adam,mean_absolute_error,,0.7229999899864197,0.6416249871253967,0.7229999899864197,0.07167557626962662,2,5,7.354650527999183,cached,,nonstandard_loss_for_multiclass_sparse_labels,0.0010000000474974513,True,"{""activation"": [0.06534090909090909, 0.13920454545454544, 0.23011363636363635, 0.09943181818181818, 0.10511363636363637, 0.16761363636363635, 0.08806818181818182, 0.10511363636363637], ""batch_size"": [0.02556818181818182, 0.13352272727272727, 0.16761363636363635, 0.09943181818181818, 0.22443181818181818, 0.08806818181818182, 0.20170454545454544, 0.05965909090909091], ""dense_units_1"": [0.10511363636363637, 0.08806818181818182, 0.1278409090909091, 0.17329545454545456, 0.15056818181818182, 0.13920454545454544, 0.048295454545454544, 0.16761363636363635], ""dense_units_2"": [0.17897727272727273, 0.08238636363636363, 0.08806818181818182, 0.23011363636363635, 0.12215909090909091, 0.06534090909090909, 0.06534090909090909, 0.16761363636363635], ""dropout_1"": [0.08238636363636363, 0.15056818181818182, 0.06534090909090909, 0.02556818181818182, 0.14488636363636365, 0.20738636363636365, 0.08238636363636363, 0.24147727272727273], ""dropout_2"": [0.1278409090909091, 0.12215909090909091, 0.02556818181818182, 0.15056818181818182, 0.08806818181818182, 0.1846590909090909, 0.19602272727272727, 0.10511363636363637], ""loss"": [0.10511363636363637, 0.11079545454545454, 0.1846590909090909, 0.10511363636363637, 0.09943181818181818, 0.08238636363636363, 0.21306818181818182, 0.09943181818181818], ""optimizer"": [0.16193181818181818, 0.06534090909090909, 0.2528409090909091, 0.1278409090909091, 0.15625, 0.02556818181818182, 0.10511363636363637, 0.10511363636363637]}",False,False,sigmoid,success
paper_conventional-main-ants20-iterations5-epochs5-seed-43,paper_conventional,paper_faithful,iteration_based_paper_interpretation,main,20,5,5,43,3,12,658c63b2ad45588d,2048,128,0.5,0.4,256,gelu,ftrl,sparse_categorical_crossentropy,,0.10000000149011612,0.09562499821186066,0.10000000149011612,2.3025851249694824,1,5,6.126233352999407,cached,,,0.0010000000474974513,True,"{""activation"": [0.06534090909090909, 0.13920454545454544, 0.23011363636363635, 0.09943181818181818, 0.10511363636363637, 0.16761363636363635, 0.08806818181818182, 0.10511363636363637], ""batch_size"": [0.02556818181818182, 0.13352272727272727, 0.16761363636363635, 0.09943181818181818, 0.22443181818181818, 0.08806818181818182, 0.20170454545454544, 0.05965909090909091], ""dense_units_1"": [0.10511363636363637, 0.08806818181818182, 0.1278409090909091, 0.17329545454545456, 0.15056818181818182, 0.13920454545454544, 0.048295454545454544, 0.16761363636363635], ""dense_units_2"": [0.17897727272727273, 0.08238636363636363, 0.08806818181818182, 0.23011363636363635, 0.12215909090909091, 0.06534090909090909, 0.06534090909090909, 0.16761363636363635], ""dropout_1"": [0.08238636363636363, 0.15056818181818182, 0.06534090909090909, 0.02556818181818182, 0.14488636363636365, 0.20738636363636365, 0.08238636363636363, 0.24147727272727273], ""dropout_2"": [0.1278409090909091, 0.12215909090909091, 0.02556818181818182, 0.15056818181818182, 0.08806818181818182, 0.1846590909090909, 0.19602272727272727, 0.10511363636363637], ""loss"": [0.10511363636363637, 0.11079545454545454, 0.1846590909090909, 0.10511363636363637, 0.09943181818181818, 0.08238636363636363, 0.21306818181818182, 0.09943181818181818], ""optimizer"": [0.16193181818181818, 0.06534090909090909, 0.2528409090909091, 0.1278409090909091, 0.15625, 0.02556818181818182, 0.10511363636363637, 0.10511363636363637]}",False,False,gelu,success
paper_conventional-main-ants20-iterations5-epochs5-seed-43,paper_conventional,paper_faithful,iteration_based_paper_interpretation,main,20,5,5,43,3,13,b634d10a37ad1d29,128,16,0.5,0.1,32,selu,sgd,binary_crossentropy,,0.8105000257492065,0.8518750071525574,0.8105000257492065,0.13012394309043884,5,5,13.059752100998594,cached,,nonstandard_loss_for_multiclass_sparse_labels,0.009999999776482582,True,"{""activation"": [0.06534090909090909, 0.13920454545454544, 0.23011363636363635, 0.09943181818181818, 0.10511363636363637, 0.16761363636363635, 0.08806818181818182, 0.10511363636363637], ""batch_size"": [0.02556818181818182, 0.13352272727272727, 0.16761363636363635, 0.09943181818181818, 0.22443181818181818, 0.08806818181818182, 0.20170454545454544, 0.05965909090909091], ""dense_units_1"": [0.10511363636363637, 0.08806818181818182, 0.1278409090909091, 0.17329545454545456, 0.15056818181818182, 0.13920454545454544, 0.048295454545454544, 0.16761363636363635], ""dense_units_2"": [0.17897727272727273, 0.08238636363636363, 0.08806818181818182, 0.23011363636363635, 0.12215909090909091, 0.06534090909090909, 0.06534090909090909, 0.16761363636363635], ""dropout_1"": [0.08238636363636363, 0.15056818181818182, 0.06534090909090909, 0.02556818181818182, 0.14488636363636365, 0.20738636363636365, 0.08238636363636363, 0.24147727272727273], ""dropout_2"": [0.1278409090909091, 0.12215909090909091, 0.02556818181818182, 0.15056818181818182, 0.08806818181818182, 0.1846590909090909, 0.19602272727272727, 0.10511363636363637], ""loss"": [0.10511363636363637, 0.11079545454545454, 0.1846590909090909, 0.10511363636363637, 0.09943181818181818, 0.08238636363636363, 0.21306818181818182, 0.09943181818181818], ""optimizer"": [0.16193181818181818, 0.06534090909090909, 0.2528409090909091, 0.1278409090909091, 0.15625, 0.02556818181818182, 0.10511363636363637, 0.10511363636363637]}",False,False,selu,success
paper_conventional-main-ants20-iterations5-epochs5-seed-43,paper_conventional,paper_faithful,iteration_based_paper_interpretation,main,20,5,5,43,3,14,ddb24a54b70a77c5,256,128,0.2,0.2,32,linear,adadelta,mean_absolute_error,,0.3659999966621399,0.32074999809265137,0.3659999966621399,0.1460614651441574,5,5,18.948155605001375,cached,,nonstandard_loss_for_multiclass_sparse_labels,0.0010000000474974513,True,"{""activation"": [0.06534090909090909, 0.13920454545454544, 0.23011363636363635, 0.09943181818181818, 0.10511363636363637, 0.16761363636363635, 0.08806818181818182, 0.10511363636363637], ""batch_size"": [0.02556818181818182, 0.13352272727272727, 0.16761363636363635, 0.09943181818181818, 0.22443181818181818, 0.08806818181818182, 0.20170454545454544, 0.05965909090909091], ""dense_units_1"": [0.10511363636363637, 0.08806818181818182, 0.1278409090909091, 0.17329545454545456, 0.15056818181818182, 0.13920454545454544, 0.048295454545454544, 0.16761363636363635], ""dense_units_2"": [0.17897727272727273, 0.08238636363636363, 0.08806818181818182, 0.23011363636363635, 0.12215909090909091, 0.06534090909090909, 0.06534090909090909, 0.16761363636363635], ""dropout_1"": [0.08238636363636363, 0.15056818181818182, 0.06534090909090909, 0.02556818181818182, 0.14488636363636365, 0.20738636363636365, 0.08238636363636363, 0.24147727272727273], ""dropout_2"": [0.1278409090909091, 0.12215909090909091, 0.02556818181818182, 0.15056818181818182, 0.08806818181818182, 0.1846590909090909, 0.19602272727272727, 0.10511363636363637], ""loss"": [0.10511363636363637, 0.11079545454545454, 0.1846590909090909, 0.10511363636363637, 0.09943181818181818, 0.08238636363636363, 0.21306818181818182, 0.09943181818181818], ""optimizer"": [0.16193181818181818, 0.06534090909090909, 0.2528409090909091, 0.1278409090909091, 0.15625, 0.02556818181818182, 0.10511363636363637, 0.10511363636363637]}",False,False,linier,success
paper_conventional-main-ants20-iterations5-epochs5-seed-43,paper_conventional,paper_faithful,iteration_based_paper_interpretation,main,20,5,5,43,3,15,3f2eb18d4341acb0,256,512,0.8,0.2,16,softsign,adagrad,mean_absolute_error,,0.18400000035762787,0.14024999737739563,0.18400000035762787,0.17879877984523773,2,5,26.869122842999786,cached,,nonstandard_loss_for_multiclass_sparse_labels,0.0010000000474974513,True,"{""activation"": [0.06534090909090909, 0.13920454545454544, 0.23011363636363635, 0.09943181818181818, 0.10511363636363637, 0.16761363636363635, 0.08806818181818182, 0.10511363636363637], ""batch_size"": [0.02556818181818182, 0.13352272727272727, 0.16761363636363635, 0.09943181818181818, 0.22443181818181818, 0.08806818181818182, 0.20170454545454544, 0.05965909090909091], ""dense_units_1"": [0.10511363636363637, 0.08806818181818182, 0.1278409090909091, 0.17329545454545456, 0.15056818181818182, 0.13920454545454544, 0.048295454545454544, 0.16761363636363635], ""dense_units_2"": [0.17897727272727273, 0.08238636363636363, 0.08806818181818182, 0.23011363636363635, 0.12215909090909091, 0.06534090909090909, 0.06534090909090909, 0.16761363636363635], ""dropout_1"": [0.08238636363636363, 0.15056818181818182, 0.06534090909090909, 0.02556818181818182, 0.14488636363636365, 0.20738636363636365, 0.08238636363636363, 0.24147727272727273], ""dropout_2"": [0.1278409090909091, 0.12215909090909091, 0.02556818181818182, 0.15056818181818182, 0.08806818181818182, 0.1846590909090909, 0.19602272727272727, 0.10511363636363637], ""loss"": [0.10511363636363637, 0.11079545454545454, 0.1846590909090909, 0.10511363636363637, 0.09943181818181818, 0.08238636363636363, 0.21306818181818182, 0.09943181818181818], ""optimizer"": [0.16193181818181818, 0.06534090909090909, 0.2528409090909091, 0.1278409090909091, 0.15625, 0.02556818181818182, 0.10511363636363637, 0.10511363636363637]}",False,False,softsign,success
paper_conventional-main-ants20-iterations5-epochs5-seed-43,paper_conventional,paper_faithful,iteration_based_paper_interpretation,main,20,5,5,43,3,16,3a16acab793ab7dc,64,128,0.7,0.5,2048,tanh,adadelta,sparse_categorical_crossentropy,,0.1899999976158142,0.10337500274181366,0.1899999976158142,2.2869460582733154,1,5,6.621608699999342,cached,,,0.0010000000474974513,True,"{""activation"": [0.06534090909090909, 0.13920454545454544, 0.23011363636363635, 0.09943181818181818, 0.10511363636363637, 0.16761363636363635, 0.08806818181818182, 0.10511363636363637], ""batch_size"": [0.02556818181818182, 0.13352272727272727, 0.16761363636363635, 0.09943181818181818, 0.22443181818181818, 0.08806818181818182, 0.20170454545454544, 0.05965909090909091], ""dense_units_1"": [0.10511363636363637, 0.08806818181818182, 0.1278409090909091, 0.17329545454545456, 0.15056818181818182, 0.13920454545454544, 0.048295454545454544, 0.16761363636363635], ""dense_units_2"": [0.17897727272727273, 0.08238636363636363, 0.08806818181818182, 0.23011363636363635, 0.12215909090909091, 0.06534090909090909, 0.06534090909090909, 0.16761363636363635], ""dropout_1"": [0.08238636363636363, 0.15056818181818182, 0.06534090909090909, 0.02556818181818182, 0.14488636363636365, 0.20738636363636365, 0.08238636363636363, 0.24147727272727273], ""dropout_2"": [0.1278409090909091, 0.12215909090909091, 0.02556818181818182, 0.15056818181818182, 0.08806818181818182, 0.1846590909090909, 0.19602272727272727, 0.10511363636363637], ""loss"": [0.10511363636363637, 0.11079545454545454, 0.1846590909090909, 0.10511363636363637, 0.09943181818181818, 0.08238636363636363, 0.21306818181818182, 0.09943181818181818], ""optimizer"": [0.16193181818181818, 0.06534090909090909, 0.2528409090909091, 0.1278409090909091, 0.15625, 0.02556818181818182, 0.10511363636363637, 0.10511363636363637]}",False,False,tanh,success
paper_conventional-main-ants20-iterations5-epochs5-seed-43,paper_conventional,paper_faithful,iteration_based_paper_interpretation,main,20,5,5,43,3,17,4a5fab003ae1336a,256,16,0.1,0.7,1024,softsign,sgd,binary_crossentropy,,0.5879999995231628,0.3997499942779541,0.5879999995231628,0.5757181644439697,5,5,5.076461599997856,cached,,nonstandard_loss_for_multiclass_sparse_labels,0.009999999776482582,True,"{""activation"": [0.06534090909090909, 0.13920454545454544, 0.23011363636363635, 0.09943181818181818, 0.10511363636363637, 0.16761363636363635, 0.08806818181818182, 0.10511363636363637], ""batch_size"": [0.02556818181818182, 0.13352272727272727, 0.16761363636363635, 0.09943181818181818, 0.22443181818181818, 0.08806818181818182, 0.20170454545454544, 0.05965909090909091], ""dense_units_1"": [0.10511363636363637, 0.08806818181818182, 0.1278409090909091, 0.17329545454545456, 0.15056818181818182, 0.13920454545454544, 0.048295454545454544, 0.16761363636363635], ""dense_units_2"": [0.17897727272727273, 0.08238636363636363, 0.08806818181818182, 0.23011363636363635, 0.12215909090909091, 0.06534090909090909, 0.06534090909090909, 0.16761363636363635], ""dropout_1"": [0.08238636363636363, 0.15056818181818182, 0.06534090909090909, 0.02556818181818182, 0.14488636363636365, 0.20738636363636365, 0.08238636363636363, 0.24147727272727273], ""dropout_2"": [0.1278409090909091, 0.12215909090909091, 0.02556818181818182, 0.15056818181818182, 0.08806818181818182, 0.1846590909090909, 0.19602272727272727, 0.10511363636363637], ""loss"": [0.10511363636363637, 0.11079545454545454, 0.1846590909090909, 0.10511363636363637, 0.09943181818181818, 0.08238636363636363, 0.21306818181818182, 0.09943181818181818], ""optimizer"": [0.16193181818181818, 0.06534090909090909, 0.2528409090909091, 0.1278409090909091, 0.15625, 0.02556818181818182, 0.10511363636363637, 0.10511363636363637]}",False,False,softsign,success
paper_conventional-main-ants20-iterations5-epochs5-seed-43,paper_conventional,paper_faithful,iteration_based_paper_interpretation,main,20,5,5,43,3,18,a02b46b4a7d26357,512,16,0.6,0.5,1024,selu,sgd,squared_hinge,,0.43050000071525574,0.32087498903274536,0.43050000071525574,1.14650559425354,2,5,5.176504553000996,cached,,nonstandard_loss_for_multiclass_sparse_labels,0.009999999776482582,True,"{""activation"": [0.06534090909090909, 0.13920454545454544, 0.23011363636363635, 0.09943181818181818, 0.10511363636363637, 0.16761363636363635, 0.08806818181818182, 0.10511363636363637], ""batch_size"": [0.02556818181818182, 0.13352272727272727, 0.16761363636363635, 0.09943181818181818, 0.22443181818181818, 0.08806818181818182, 0.20170454545454544, 0.05965909090909091], ""dense_units_1"": [0.10511363636363637, 0.08806818181818182, 0.1278409090909091, 0.17329545454545456, 0.15056818181818182, 0.13920454545454544, 0.048295454545454544, 0.16761363636363635], ""dense_units_2"": [0.17897727272727273, 0.08238636363636363, 0.08806818181818182, 0.23011363636363635, 0.12215909090909091, 0.06534090909090909, 0.06534090909090909, 0.16761363636363635], ""dropout_1"": [0.08238636363636363, 0.15056818181818182, 0.06534090909090909, 0.02556818181818182, 0.14488636363636365, 0.20738636363636365, 0.08238636363636363, 0.24147727272727273], ""dropout_2"": [0.1278409090909091, 0.12215909090909091, 0.02556818181818182, 0.15056818181818182, 0.08806818181818182, 0.1846590909090909, 0.19602272727272727, 0.10511363636363637], ""loss"": [0.10511363636363637, 0.11079545454545454, 0.1846590909090909, 0.10511363636363637, 0.09943181818181818, 0.08238636363636363, 0.21306818181818182, 0.09943181818181818], ""optimizer"": [0.16193181818181818, 0.06534090909090909, 0.2528409090909091, 0.1278409090909091, 0.15625, 0.02556818181818182, 0.10511363636363637, 0.10511363636363637]}",False,False,selu,success
paper_conventional-main-ants20-iterations5-epochs5-seed-43,paper_conventional,paper_faithful,iteration_based_paper_interpretation,main,20,5,5,43,3,19,4301142b78c7fb5e,32,16,0.7,0.6,128,selu,ftrl,categorical_crossentropy,,0.10000000149011612,0.09287499636411667,0.10000000149011612,2.302584648132324,1,5,6.413424805999966,cached,,nonstandard_loss_for_multiclass_sparse_labels,0.0010000000474974513,True,"{""activation"": [0.06534090909090909, 0.13920454545454544, 0.23011363636363635, 0.09943181818181818, 0.10511363636363637, 0.16761363636363635, 0.08806818181818182, 0.10511363636363637], ""batch_size"": [0.02556818181818182, 0.13352272727272727, 0.16761363636363635, 0.09943181818181818, 0.22443181818181818, 0.08806818181818182, 0.20170454545454544, 0.05965909090909091], ""dense_units_1"": [0.10511363636363637, 0.08806818181818182, 0.1278409090909091, 0.17329545454545456, 0.15056818181818182, 0.13920454545454544, 0.048295454545454544, 0.16761363636363635], ""dense_units_2"": [0.17897727272727273, 0.08238636363636363, 0.08806818181818182, 0.23011363636363635, 0.12215909090909091, 0.06534090909090909, 0.06534090909090909, 0.16761363636363635], ""dropout_1"": [0.08238636363636363, 0.15056818181818182, 0.06534090909090909, 0.02556818181818182, 0.14488636363636365, 0.20738636363636365, 0.08238636363636363, 0.24147727272727273], ""dropout_2"": [0.1278409090909091, 0.12215909090909091, 0.02556818181818182, 0.15056818181818182, 0.08806818181818182, 0.1846590909090909, 0.19602272727272727, 0.10511363636363637], ""loss"": [0.10511363636363637, 0.11079545454545454, 0.1846590909090909, 0.10511363636363637, 0.09943181818181818, 0.08238636363636363, 0.21306818181818182, 0.09943181818181818], ""optimizer"": [0.16193181818181818, 0.06534090909090909, 0.2528409090909091, 0.1278409090909091, 0.15625, 0.02556818181818182, 0.10511363636363637, 0.10511363636363637]}",False,False,selu,success
paper_conventional-main-ants20-iterations5-epochs5-seed-43,paper_conventional,paper_faithful,iteration_based_paper_interpretation,main,20,5,5,43,3,20,edd7c5e221dc3f70,256,16,0.3,0.3,256,gelu,adam,binary_crossentropy,,0.972000002861023,0.9810000061988831,0.972000002861023,0.0765192061662674,5,5,7.035401576998993,cached,,nonstandard_loss_for_multiclass_sparse_labels,0.0010000000474974513,True,"{""activation"": [0.06534090909090909, 0.13920454545454544, 0.23011363636363635, 0.09943181818181818, 0.10511363636363637, 0.16761363636363635, 0.08806818181818182, 0.10511363636363637], ""batch_size"": [0.02556818181818182, 0.13352272727272727, 0.16761363636363635, 0.09943181818181818, 0.22443181818181818, 0.08806818181818182, 0.20170454545454544, 0.05965909090909091], ""dense_units_1"": [0.10511363636363637, 0.08806818181818182, 0.1278409090909091, 0.17329545454545456, 0.15056818181818182, 0.13920454545454544, 0.048295454545454544, 0.16761363636363635], ""dense_units_2"": [0.17897727272727273, 0.08238636363636363, 0.08806818181818182, 0.23011363636363635, 0.12215909090909091, 0.06534090909090909, 0.06534090909090909, 0.16761363636363635], ""dropout_1"": [0.08238636363636363, 0.15056818181818182, 0.06534090909090909, 0.02556818181818182, 0.14488636363636365, 0.20738636363636365, 0.08238636363636363, 0.24147727272727273], ""dropout_2"": [0.1278409090909091, 0.12215909090909091, 0.02556818181818182, 0.15056818181818182, 0.08806818181818182, 0.1846590909090909, 0.19602272727272727, 0.10511363636363637], ""loss"": [0.10511363636363637, 0.11079545454545454, 0.1846590909090909, 0.10511363636363637, 0.09943181818181818, 0.08238636363636363, 0.21306818181818182, 0.09943181818181818], ""optimizer"": [0.16193181818181818, 0.06534090909090909, 0.2528409090909091, 0.1278409090909091, 0.15625, 0.02556818181818182, 0.10511363636363637, 0.10511363636363637]}",True,False,gelu,success
paper_conventional-main-ants20-iterations5-epochs5-seed-43,paper_conventional,paper_faithful,iteration_based_paper_interpretation,main,20,5,5,43,4,1,e51556487ae98211,32,16,0.5,0.2,1024,softsign,sgd,mean_absolute_error,,0.2980000078678131,0.1733749955892563,0.2980000078678131,0.17829088866710663,5,5,5.142742033000104,cached,,nonstandard_loss_for_multiclass_sparse_labels,0.009999999776482582,True,"{""activation"": [0.07841981132075472, 0.14327830188679244, 0.18101415094339623, 0.09964622641509434, 0.10318396226415094, 0.19870283018867924, 0.09257075471698113, 0.10318396226415094], ""batch_size"": [0.0347877358490566, 0.12087264150943396, 0.16096698113207547, 0.08077830188679246, 0.21521226415094338, 0.05483490566037736, 0.27653301886792453, 0.05601415094339623], ""dense_units_1"": [0.08431603773584906, 0.07370283018867925, 0.13620283018867924, 0.14563679245283018, 0.16922169811320756, 0.12441037735849056, 0.06780660377358491, 0.19870283018867924], ""dense_units_2"": [0.22464622641509435, 0.07016509433962265, 0.07370283018867925, 0.27535377358490565, 0.07606132075471699, 0.07841981132075472, 0.07841981132075472, 0.12323113207547169], ""dropout_1"": [0.07016509433962265, 0.15035377358490565, 0.07841981132075472, 0.0347877358490566, 0.14681603773584906, 0.2045990566037736, 0.08903301886792453, 0.2258254716981132], ""dropout_2"": [0.09846698113207547, 0.1704009433962264, 0.0347877358490566, 0.13148584905660377, 0.09257075471698113, 0.20931603773584906, 0.1786556603773585, 0.08431603773584906], ""loss"": [0.15978773584905662, 0.08785377358490566, 0.19044811320754718, 0.15978773584905662, 0.061910377358490566, 0.07016509433962265, 0.1704009433962264, 0.09964622641509434], ""optimizer"": [0.15742924528301888, 0.04068396226415094, 0.28950471698113206, 0.15507075471698112, 0.15389150943396226, 0.015919811320754717, 0.10318396226415094, 0.08431603773584906]}",False,False,softsign,success
paper_conventional-main-ants20-iterations5-epochs5-seed-43,paper_conventional,paper_faithful,iteration_based_paper_interpretation,main,20,5,5,43,4,2,bde8c64eab14f935,128,1024,0.1,0.6,16,softsign,adadelta,sparse_categorical_crossentropy,,0.5630000233650208,0.42649999260902405,0.5630000233650208,1.7454677820205688,5,5,32.93514744799904,cached,,,0.0010000000474974513,True,"{""activation"": [0.07841981132075472, 0.14327830188679244, 0.18101415094339623, 0.09964622641509434, 0.10318396226415094, 0.19870283018867924, 0.09257075471698113, 0.10318396226415094], ""batch_size"": [0.0347877358490566, 0.12087264150943396, 0.16096698113207547, 0.08077830188679246, 0.21521226415094338, 0.05483490566037736, 0.27653301886792453, 0.05601415094339623], ""dense_units_1"": [0.08431603773584906, 0.07370283018867925, 0.13620283018867924, 0.14563679245283018, 0.16922169811320756, 0.12441037735849056, 0.06780660377358491, 0.19870283018867924], ""dense_units_2"": [0.22464622641509435, 0.07016509433962265, 0.07370283018867925, 0.27535377358490565, 0.07606132075471699, 0.07841981132075472, 0.07841981132075472, 0.12323113207547169], ""dropout_1"": [0.07016509433962265, 0.15035377358490565, 0.07841981132075472, 0.0347877358490566, 0.14681603773584906, 0.2045990566037736, 0.08903301886792453, 0.2258254716981132], ""dropout_2"": [0.09846698113207547, 0.1704009433962264, 0.0347877358490566, 0.13148584905660377, 0.09257075471698113, 0.20931603773584906, 0.1786556603773585, 0.08431603773584906], ""loss"": [0.15978773584905662, 0.08785377358490566, 0.19044811320754718, 0.15978773584905662, 0.061910377358490566, 0.07016509433962265, 0.1704009433962264, 0.09964622641509434], ""optimizer"": [0.15742924528301888, 0.04068396226415094, 0.28950471698113206, 0.15507075471698112, 0.15389150943396226, 0.015919811320754717, 0.10318396226415094, 0.08431603773584906]}",False,False,softsign,success
paper_conventional-main-ants20-iterations5-epochs5-seed-43,paper_conventional,paper_faithful,iteration_based_paper_interpretation,main,20,5,5,43,4,3,d667b390a500b1ea,1024,128,0.8,0.3,256,sigmoid,adagrad,sparse_categorical_crossentropy,,0.14749999344348907,0.2462500035762787,0.14749999344348907,2.2835867404937744,3,5,5.649453015998006,cached,,,0.0010000000474974513,True,"{""activation"": [0.07841981132075472, 0.14327830188679244, 0.18101415094339623, 0.09964622641509434, 0.10318396226415094, 0.19870283018867924, 0.09257075471698113, 0.10318396226415094], ""batch_size"": [0.0347877358490566, 0.12087264150943396, 0.16096698113207547, 0.08077830188679246, 0.21521226415094338, 0.05483490566037736, 0.27653301886792453, 0.05601415094339623], ""dense_units_1"": [0.08431603773584906, 0.07370283018867925, 0.13620283018867924, 0.14563679245283018, 0.16922169811320756, 0.12441037735849056, 0.06780660377358491, 0.19870283018867924], ""dense_units_2"": [0.22464622641509435, 0.07016509433962265, 0.07370283018867925, 0.27535377358490565, 0.07606132075471699, 0.07841981132075472, 0.07841981132075472, 0.12323113207547169], ""dropout_1"": [0.07016509433962265, 0.15035377358490565, 0.07841981132075472, 0.0347877358490566, 0.14681603773584906, 0.2045990566037736, 0.08903301886792453, 0.2258254716981132], ""dropout_2"": [0.09846698113207547, 0.1704009433962264, 0.0347877358490566, 0.13148584905660377, 0.09257075471698113, 0.20931603773584906, 0.1786556603773585, 0.08431603773584906], ""loss"": [0.15978773584905662, 0.08785377358490566, 0.19044811320754718, 0.15978773584905662, 0.061910377358490566, 0.07016509433962265, 0.1704009433962264, 0.09964622641509434], ""optimizer"": [0.15742924528301888, 0.04068396226415094, 0.28950471698113206, 0.15507075471698112, 0.15389150943396226, 0.015919811320754717, 0.10318396226415094, 0.08431603773584906]}",False,False,sigmoid,success
paper_conventional-main-ants20-iterations5-epochs5-seed-43,paper_conventional,paper_faithful,iteration_based_paper_interpretation,main,20,5,5,43,4,4,85a04adbef2ed673,256,256,0.5,0.7,2048,selu,rmsprop,sparse_categorical_crossentropy,,0.8544999957084656,0.9273750185966492,0.8544999957084656,0.7936695218086243,3,5,5.796922896999604,cached,,,0.0010000000474974513,True,"{""activation"": [0.07841981132075472, 0.14327830188679244, 0.18101415094339623, 0.09964622641509434, 0.10318396226415094, 0.19870283018867924, 0.09257075471698113, 0.10318396226415094], ""batch_size"": [0.0347877358490566, 0.12087264150943396, 0.16096698113207547, 0.08077830188679246, 0.21521226415094338, 0.05483490566037736, 0.27653301886792453, 0.05601415094339623], ""dense_units_1"": [0.08431603773584906, 0.07370283018867925, 0.13620283018867924, 0.14563679245283018, 0.16922169811320756, 0.12441037735849056, 0.06780660377358491, 0.19870283018867924], ""dense_units_2"": [0.22464622641509435, 0.07016509433962265, 0.07370283018867925, 0.27535377358490565, 0.07606132075471699, 0.07841981132075472, 0.07841981132075472, 0.12323113207547169], ""dropout_1"": [0.07016509433962265, 0.15035377358490565, 0.07841981132075472, 0.0347877358490566, 0.14681603773584906, 0.2045990566037736, 0.08903301886792453, 0.2258254716981132], ""dropout_2"": [0.09846698113207547, 0.1704009433962264, 0.0347877358490566, 0.13148584905660377, 0.09257075471698113, 0.20931603773584906, 0.1786556603773585, 0.08431603773584906], ""loss"": [0.15978773584905662, 0.08785377358490566, 0.19044811320754718, 0.15978773584905662, 0.061910377358490566, 0.07016509433962265, 0.1704009433962264, 0.09964622641509434], ""optimizer"": [0.15742924528301888, 0.04068396226415094, 0.28950471698113206, 0.15507075471698112, 0.15389150943396226, 0.015919811320754717, 0.10318396226415094, 0.08431603773584906]}",False,False,selu,success
paper_conventional-main-ants20-iterations5-epochs5-seed-43,paper_conventional,paper_faithful,iteration_based_paper_interpretation,main,20,5,5,43,4,5,05b1a2481e1363dd,64,64,0.6,0.8,512,linear,adagrad,binary_crossentropy,,0.36500000953674316,0.19499999284744263,0.36500000953674316,0.6427537202835083,3,5,5.361913669999922,cached,,nonstandard_loss_for_multiclass_sparse_labels,0.0010000000474974513,True,"{""activation"": [0.07841981132075472, 0.14327830188679244, 0.18101415094339623, 0.09964622641509434, 0.10318396226415094, 0.19870283018867924, 0.09257075471698113, 0.10318396226415094], ""batch_size"": [0.0347877358490566, 0.12087264150943396, 0.16096698113207547, 0.08077830188679246, 0.21521226415094338, 0.05483490566037736, 0.27653301886792453, 0.05601415094339623], ""dense_units_1"": [0.08431603773584906, 0.07370283018867925, 0.13620283018867924, 0.14563679245283018, 0.16922169811320756, 0.12441037735849056, 0.06780660377358491, 0.19870283018867924], ""dense_units_2"": [0.22464622641509435, 0.07016509433962265, 0.07370283018867925, 0.27535377358490565, 0.07606132075471699, 0.07841981132075472, 0.07841981132075472, 0.12323113207547169], ""dropout_1"": [0.07016509433962265, 0.15035377358490565, 0.07841981132075472, 0.0347877358490566, 0.14681603773584906, 0.2045990566037736, 0.08903301886792453, 0.2258254716981132], ""dropout_2"": [0.09846698113207547, 0.1704009433962264, 0.0347877358490566, 0.13148584905660377, 0.09257075471698113, 0.20931603773584906, 0.1786556603773585, 0.08431603773584906], ""loss"": [0.15978773584905662, 0.08785377358490566, 0.19044811320754718, 0.15978773584905662, 0.061910377358490566, 0.07016509433962265, 0.1704009433962264, 0.09964622641509434], ""optimizer"": [0.15742924528301888, 0.04068396226415094, 0.28950471698113206, 0.15507075471698112, 0.15389150943396226, 0.015919811320754717, 0.10318396226415094, 0.08431603773584906]}",False,False,linier,success
paper_conventional-main-ants20-iterations5-epochs5-seed-43,paper_conventional,paper_faithful,iteration_based_paper_interpretation,main,20,5,5,43,4,6,46b7c575246e9475,16,2048,0.7,0.2,64,softsign,sgd,mean_absolute_error,,0.11749999970197678,0.17149999737739563,0.11749999970197678,0.17938753962516785,5,5,7.256288453001616,cached,,nonstandard_loss_for_multiclass_sparse_labels,0.009999999776482582,True,"{""activation"": [0.07841981132075472, 0.14327830188679244, 0.18101415094339623, 0.09964622641509434, 0.10318396226415094, 0.19870283018867924, 0.09257075471698113, 0.10318396226415094], ""batch_size"": [0.0347877358490566, 0.12087264150943396, 0.16096698113207547, 0.08077830188679246, 0.21521226415094338, 0.05483490566037736, 0.27653301886792453, 0.05601415094339623], ""dense_units_1"": [0.08431603773584906, 0.07370283018867925, 0.13620283018867924, 0.14563679245283018, 0.16922169811320756, 0.12441037735849056, 0.06780660377358491, 0.19870283018867924], ""dense_units_2"": [0.22464622641509435, 0.07016509433962265, 0.07370283018867925, 0.27535377358490565, 0.07606132075471699, 0.07841981132075472, 0.07841981132075472, 0.12323113207547169], ""dropout_1"": [0.07016509433962265, 0.15035377358490565, 0.07841981132075472, 0.0347877358490566, 0.14681603773584906, 0.2045990566037736, 0.08903301886792453, 0.2258254716981132], ""dropout_2"": [0.09846698113207547, 0.1704009433962264, 0.0347877358490566, 0.13148584905660377, 0.09257075471698113, 0.20931603773584906, 0.1786556603773585, 0.08431603773584906], ""loss"": [0.15978773584905662, 0.08785377358490566, 0.19044811320754718, 0.15978773584905662, 0.061910377358490566, 0.07016509433962265, 0.1704009433962264, 0.09964622641509434], ""optimizer"": [0.15742924528301888, 0.04068396226415094, 0.28950471698113206, 0.15507075471698112, 0.15389150943396226, 0.015919811320754717, 0.10318396226415094, 0.08431603773584906]}",False,False,softsign,success
paper_conventional-main-ants20-iterations5-epochs5-seed-43,paper_conventional,paper_faithful,iteration_based_paper_interpretation,main,20,5,5,43,4,7,5ada9178df617161,1024,128,0.3,0.2,256,softplus,adam,binary_crossentropy,,0.9729999899864197,0.9890000224113464,0.9729999899864197,0.08741789311170578,5,5,6.6904413610027405,cached,,nonstandard_loss_for_multiclass_sparse_labels,0.0010000000474974513,True,"{""activation"": [0.07841981132075472, 0.14327830188679244, 0.18101415094339623, 0.09964622641509434, 0.10318396226415094, 0.19870283018867924, 0.09257075471698113, 0.10318396226415094], ""batch_size"": [0.0347877358490566, 0.12087264150943396, 0.16096698113207547, 0.08077830188679246, 0.21521226415094338, 0.05483490566037736, 0.27653301886792453, 0.05601415094339623], ""dense_units_1"": [0.08431603773584906, 0.07370283018867925, 0.13620283018867924, 0.14563679245283018, 0.16922169811320756, 0.12441037735849056, 0.06780660377358491, 0.19870283018867924], ""dense_units_2"": [0.22464622641509435, 0.07016509433962265, 0.07370283018867925, 0.27535377358490565, 0.07606132075471699, 0.07841981132075472, 0.07841981132075472, 0.12323113207547169], ""dropout_1"": [0.07016509433962265, 0.15035377358490565, 0.07841981132075472, 0.0347877358490566, 0.14681603773584906, 0.2045990566037736, 0.08903301886792453, 0.2258254716981132], ""dropout_2"": [0.09846698113207547, 0.1704009433962264, 0.0347877358490566, 0.13148584905660377, 0.09257075471698113, 0.20931603773584906, 0.1786556603773585, 0.08431603773584906], ""loss"": [0.15978773584905662, 0.08785377358490566, 0.19044811320754718, 0.15978773584905662, 0.061910377358490566, 0.07016509433962265, 0.1704009433962264, 0.09964622641509434], ""optimizer"": [0.15742924528301888, 0.04068396226415094, 0.28950471698113206, 0.15507075471698112, 0.15389150943396226, 0.015919811320754717, 0.10318396226415094, 0.08431603773584906]}",True,False,softplus,success
paper_conventional-main-ants20-iterations5-epochs5-seed-43,paper_conventional,paper_faithful,iteration_based_paper_interpretation,main,20,5,5,43,4,8,32ed8c8be2412549,64,256,0.5,0.2,2048,gelu,adadelta,categorical_hinge,,0.14149999618530273,0.13387499749660492,0.14149999618530273,1.008443832397461,5,5,7.324872301000141,cached,,nonstandard_loss_for_multiclass_sparse_labels,0.0010000000474974513,True,"{""activation"": [0.07841981132075472, 0.14327830188679244, 0.18101415094339623, 0.09964622641509434, 0.10318396226415094, 0.19870283018867924, 0.09257075471698113, 0.10318396226415094], ""batch_size"": [0.0347877358490566, 0.12087264150943396, 0.16096698113207547, 0.08077830188679246, 0.21521226415094338, 0.05483490566037736, 0.27653301886792453, 0.05601415094339623], ""dense_units_1"": [0.08431603773584906, 0.07370283018867925, 0.13620283018867924, 0.14563679245283018, 0.16922169811320756, 0.12441037735849056, 0.06780660377358491, 0.19870283018867924], ""dense_units_2"": [0.22464622641509435, 0.07016509433962265, 0.07370283018867925, 0.27535377358490565, 0.07606132075471699, 0.07841981132075472, 0.07841981132075472, 0.12323113207547169], ""dropout_1"": [0.07016509433962265, 0.15035377358490565, 0.07841981132075472, 0.0347877358490566, 0.14681603773584906, 0.2045990566037736, 0.08903301886792453, 0.2258254716981132], ""dropout_2"": [0.09846698113207547, 0.1704009433962264, 0.0347877358490566, 0.13148584905660377, 0.09257075471698113, 0.20931603773584906, 0.1786556603773585, 0.08431603773584906], ""loss"": [0.15978773584905662, 0.08785377358490566, 0.19044811320754718, 0.15978773584905662, 0.061910377358490566, 0.07016509433962265, 0.1704009433962264, 0.09964622641509434], ""optimizer"": [0.15742924528301888, 0.04068396226415094, 0.28950471698113206, 0.15507075471698112, 0.15389150943396226, 0.015919811320754717, 0.10318396226415094, 0.08431603773584906]}",False,False,gelu,success
paper_conventional-main-ants20-iterations5-epochs5-seed-43,paper_conventional,paper_faithful,iteration_based_paper_interpretation,main,20,5,5,43,4,9,74b211692f547d68,2048,16,0.8,0.6,32,relu,adagrad,binary_crossentropy,,0.19699999690055847,0.27524998784065247,0.19699999690055847,0.3229965567588806,5,5,14.060373311996955,cached,,nonstandard_loss_for_multiclass_sparse_labels,0.0010000000474974513,True,"{""activation"": [0.07841981132075472, 0.14327830188679244, 0.18101415094339623, 0.09964622641509434, 0.10318396226415094, 0.19870283018867924, 0.09257075471698113, 0.10318396226415094], ""batch_size"": [0.0347877358490566, 0.12087264150943396, 0.16096698113207547, 0.08077830188679246, 0.21521226415094338, 0.05483490566037736, 0.27653301886792453, 0.05601415094339623], ""dense_units_1"": [0.08431603773584906, 0.07370283018867925, 0.13620283018867924, 0.14563679245283018, 0.16922169811320756, 0.12441037735849056, 0.06780660377358491, 0.19870283018867924], ""dense_units_2"": [0.22464622641509435, 0.07016509433962265, 0.07370283018867925, 0.27535377358490565, 0.07606132075471699, 0.07841981132075472, 0.07841981132075472, 0.12323113207547169], ""dropout_1"": [0.07016509433962265, 0.15035377358490565, 0.07841981132075472, 0.0347877358490566, 0.14681603773584906, 0.2045990566037736, 0.08903301886792453, 0.2258254716981132], ""dropout_2"": [0.09846698113207547, 0.1704009433962264, 0.0347877358490566, 0.13148584905660377, 0.09257075471698113, 0.20931603773584906, 0.1786556603773585, 0.08431603773584906], ""loss"": [0.15978773584905662, 0.08785377358490566, 0.19044811320754718, 0.15978773584905662, 0.061910377358490566, 0.07016509433962265, 0.1704009433962264, 0.09964622641509434], ""optimizer"": [0.15742924528301888, 0.04068396226415094, 0.28950471698113206, 0.15507075471698112, 0.15389150943396226, 0.015919811320754717, 0.10318396226415094, 0.08431603773584906]}",False,False,relu,success
paper_conventional-main-ants20-iterations5-epochs5-seed-43,paper_conventional,paper_faithful,iteration_based_paper_interpretation,main,20,5,5,43,4,10,5ab6ed7e9184db49,2048,256,0.8,0.6,2048,relu,adagrad,binary_crossentropy,,0.19550000131130219,0.15649999678134918,0.19550000131130219,0.58115154504776,3,5,5.915527998997277,cached,,nonstandard_loss_for_multiclass_sparse_labels,0.0010000000474974513,True,"{""activation"": [0.07841981132075472, 0.14327830188679244, 0.18101415094339623, 0.09964622641509434, 0.10318396226415094, 0.19870283018867924, 0.09257075471698113, 0.10318396226415094], ""batch_size"": [0.0347877358490566, 0.12087264150943396, 0.16096698113207547, 0.08077830188679246, 0.21521226415094338, 0.05483490566037736, 0.27653301886792453, 0.05601415094339623], ""dense_units_1"": [0.08431603773584906, 0.07370283018867925, 0.13620283018867924, 0.14563679245283018, 0.16922169811320756, 0.12441037735849056, 0.06780660377358491, 0.19870283018867924], ""dense_units_2"": [0.22464622641509435, 0.07016509433962265, 0.07370283018867925, 0.27535377358490565, 0.07606132075471699, 0.07841981132075472, 0.07841981132075472, 0.12323113207547169], ""dropout_1"": [0.07016509433962265, 0.15035377358490565, 0.07841981132075472, 0.0347877358490566, 0.14681603773584906, 0.2045990566037736, 0.08903301886792453, 0.2258254716981132], ""dropout_2"": [0.09846698113207547, 0.1704009433962264, 0.0347877358490566, 0.13148584905660377, 0.09257075471698113, 0.20931603773584906, 0.1786556603773585, 0.08431603773584906], ""loss"": [0.15978773584905662, 0.08785377358490566, 0.19044811320754718, 0.15978773584905662, 0.061910377358490566, 0.07016509433962265, 0.1704009433962264, 0.09964622641509434], ""optimizer"": [0.15742924528301888, 0.04068396226415094, 0.28950471698113206, 0.15507075471698112, 0.15389150943396226, 0.015919811320754717, 0.10318396226415094, 0.08431603773584906]}",False,False,relu,success
paper_conventional-main-ants20-iterations5-epochs5-seed-43,paper_conventional,paper_faithful,iteration_based_paper_interpretation,main,20,5,5,43,4,11,2fc05d8da7d149a3,256,128,0.6,0.2,256,selu,rmsprop,sparse_categorical_crossentropy,,0.9129999876022339,0.9672499895095825,0.9129999876022339,0.31454452872276306,5,5,5.940359585998522,cached,,,0.0010000000474974513,True,"{""activation"": [0.07841981132075472, 0.14327830188679244, 0.18101415094339623, 0.09964622641509434, 0.10318396226415094, 0.19870283018867924, 0.09257075471698113, 0.10318396226415094], ""batch_size"": [0.0347877358490566, 0.12087264150943396, 0.16096698113207547, 0.08077830188679246, 0.21521226415094338, 0.05483490566037736, 0.27653301886792453, 0.05601415094339623], ""dense_units_1"": [0.08431603773584906, 0.07370283018867925, 0.13620283018867924, 0.14563679245283018, 0.16922169811320756, 0.12441037735849056, 0.06780660377358491, 0.19870283018867924], ""dense_units_2"": [0.22464622641509435, 0.07016509433962265, 0.07370283018867925, 0.27535377358490565, 0.07606132075471699, 0.07841981132075472, 0.07841981132075472, 0.12323113207547169], ""dropout_1"": [0.07016509433962265, 0.15035377358490565, 0.07841981132075472, 0.0347877358490566, 0.14681603773584906, 0.2045990566037736, 0.08903301886792453, 0.2258254716981132], ""dropout_2"": [0.09846698113207547, 0.1704009433962264, 0.0347877358490566, 0.13148584905660377, 0.09257075471698113, 0.20931603773584906, 0.1786556603773585, 0.08431603773584906], ""loss"": [0.15978773584905662, 0.08785377358490566, 0.19044811320754718, 0.15978773584905662, 0.061910377358490566, 0.07016509433962265, 0.1704009433962264, 0.09964622641509434], ""optimizer"": [0.15742924528301888, 0.04068396226415094, 0.28950471698113206, 0.15507075471698112, 0.15389150943396226, 0.015919811320754717, 0.10318396226415094, 0.08431603773584906]}",False,False,selu,success
paper_conventional-main-ants20-iterations5-epochs5-seed-43,paper_conventional,paper_faithful,iteration_based_paper_interpretation,main,20,5,5,43,4,12,bfd22787133f9958,2048,64,0.3,0.3,1024,selu,nadam,categorical_hinge,,0.9559999704360962,0.9623749852180481,0.9559999704360962,0.11679448187351227,4,5,8.094529884998337,cached,,nonstandard_loss_for_multiclass_sparse_labels,0.0010000000474974513,True,"{""activation"": [0.07841981132075472, 0.14327830188679244, 0.18101415094339623, 0.09964622641509434, 0.10318396226415094, 0.19870283018867924, 0.09257075471698113, 0.10318396226415094], ""batch_size"": [0.0347877358490566, 0.12087264150943396, 0.16096698113207547, 0.08077830188679246, 0.21521226415094338, 0.05483490566037736, 0.27653301886792453, 0.05601415094339623], ""dense_units_1"": [0.08431603773584906, 0.07370283018867925, 0.13620283018867924, 0.14563679245283018, 0.16922169811320756, 0.12441037735849056, 0.06780660377358491, 0.19870283018867924], ""dense_units_2"": [0.22464622641509435, 0.07016509433962265, 0.07370283018867925, 0.27535377358490565, 0.07606132075471699, 0.07841981132075472, 0.07841981132075472, 0.12323113207547169], ""dropout_1"": [0.07016509433962265, 0.15035377358490565, 0.07841981132075472, 0.0347877358490566, 0.14681603773584906, 0.2045990566037736, 0.08903301886792453, 0.2258254716981132], ""dropout_2"": [0.09846698113207547, 0.1704009433962264, 0.0347877358490566, 0.13148584905660377, 0.09257075471698113, 0.20931603773584906, 0.1786556603773585, 0.08431603773584906], ""loss"": [0.15978773584905662, 0.08785377358490566, 0.19044811320754718, 0.15978773584905662, 0.061910377358490566, 0.07016509433962265, 0.1704009433962264, 0.09964622641509434], ""optimizer"": [0.15742924528301888, 0.04068396226415094, 0.28950471698113206, 0.15507075471698112, 0.15389150943396226, 0.015919811320754717, 0.10318396226415094, 0.08431603773584906]}",False,False,selu,success
paper_conventional-main-ants20-iterations5-epochs5-seed-43,paper_conventional,paper_faithful,iteration_based_paper_interpretation,main,20,5,5,43,4,13,8e67be1fc5aa8698,2048,16,0.2,0.7,1024,selu,adadelta,binary_crossentropy,,0.1720000058412552,0.12174999713897705,0.1720000058412552,0.6810086965560913,5,5,6.472593983002298,cached,,nonstandard_loss_for_multiclass_sparse_labels,0.0010000000474974513,True,"{""activation"": [0.07841981132075472, 0.14327830188679244, 0.18101415094339623, 0.09964622641509434, 0.10318396226415094, 0.19870283018867924, 0.09257075471698113, 0.10318396226415094], ""batch_size"": [0.0347877358490566, 0.12087264150943396, 0.16096698113207547, 0.08077830188679246, 0.21521226415094338, 0.05483490566037736, 0.27653301886792453, 0.05601415094339623], ""dense_units_1"": [0.08431603773584906, 0.07370283018867925, 0.13620283018867924, 0.14563679245283018, 0.16922169811320756, 0.12441037735849056, 0.06780660377358491, 0.19870283018867924], ""dense_units_2"": [0.22464622641509435, 0.07016509433962265, 0.07370283018867925, 0.27535377358490565, 0.07606132075471699, 0.07841981132075472, 0.07841981132075472, 0.12323113207547169], ""dropout_1"": [0.07016509433962265, 0.15035377358490565, 0.07841981132075472, 0.0347877358490566, 0.14681603773584906, 0.2045990566037736, 0.08903301886792453, 0.2258254716981132], ""dropout_2"": [0.09846698113207547, 0.1704009433962264, 0.0347877358490566, 0.13148584905660377, 0.09257075471698113, 0.20931603773584906, 0.1786556603773585, 0.08431603773584906], ""loss"": [0.15978773584905662, 0.08785377358490566, 0.19044811320754718, 0.15978773584905662, 0.061910377358490566, 0.07016509433962265, 0.1704009433962264, 0.09964622641509434], ""optimizer"": [0.15742924528301888, 0.04068396226415094, 0.28950471698113206, 0.15507075471698112, 0.15389150943396226, 0.015919811320754717, 0.10318396226415094, 0.08431603773584906]}",False,False,selu,success
paper_conventional-main-ants20-iterations5-epochs5-seed-43,paper_conventional,paper_faithful,iteration_based_paper_interpretation,main,20,5,5,43,4,14,a60d51939aa26294,256,2048,0.8,0.4,256,selu,adadelta,binary_crossentropy,,0.2370000034570694,0.15674999356269836,0.2370000034570694,0.6806044578552246,4,5,6.64878021199911,cached,,nonstandard_loss_for_multiclass_sparse_labels,0.0010000000474974513,True,"{""activation"": [0.07841981132075472, 0.14327830188679244, 0.18101415094339623, 0.09964622641509434, 0.10318396226415094, 0.19870283018867924, 0.09257075471698113, 0.10318396226415094], ""batch_size"": [0.0347877358490566, 0.12087264150943396, 0.16096698113207547, 0.08077830188679246, 0.21521226415094338, 0.05483490566037736, 0.27653301886792453, 0.05601415094339623], ""dense_units_1"": [0.08431603773584906, 0.07370283018867925, 0.13620283018867924, 0.14563679245283018, 0.16922169811320756, 0.12441037735849056, 0.06780660377358491, 0.19870283018867924], ""dense_units_2"": [0.22464622641509435, 0.07016509433962265, 0.07370283018867925, 0.27535377358490565, 0.07606132075471699, 0.07841981132075472, 0.07841981132075472, 0.12323113207547169], ""dropout_1"": [0.07016509433962265, 0.15035377358490565, 0.07841981132075472, 0.0347877358490566, 0.14681603773584906, 0.2045990566037736, 0.08903301886792453, 0.2258254716981132], ""dropout_2"": [0.09846698113207547, 0.1704009433962264, 0.0347877358490566, 0.13148584905660377, 0.09257075471698113, 0.20931603773584906, 0.1786556603773585, 0.08431603773584906], ""loss"": [0.15978773584905662, 0.08785377358490566, 0.19044811320754718, 0.15978773584905662, 0.061910377358490566, 0.07016509433962265, 0.1704009433962264, 0.09964622641509434], ""optimizer"": [0.15742924528301888, 0.04068396226415094, 0.28950471698113206, 0.15507075471698112, 0.15389150943396226, 0.015919811320754717, 0.10318396226415094, 0.08431603773584906]}",False,False,selu,success
paper_conventional-main-ants20-iterations5-epochs5-seed-43,paper_conventional,paper_faithful,iteration_based_paper_interpretation,main,20,5,5,43,4,15,a0dc3d47b6cf298a,256,128,0.5,0.2,512,gelu,rmsprop,mean_squared_error,,0.9559999704360962,0.9621250033378601,0.9559999704360962,0.04419948533177376,4,5,5.7941500790002465,cached,,nonstandard_loss_for_multiclass_sparse_labels,0.0010000000474974513,True,"{""activation"": [0.07841981132075472, 0.14327830188679244, 0.18101415094339623, 0.09964622641509434, 0.10318396226415094, 0.19870283018867924, 0.09257075471698113, 0.10318396226415094], ""batch_size"": [0.0347877358490566, 0.12087264150943396, 0.16096698113207547, 0.08077830188679246, 0.21521226415094338, 0.05483490566037736, 0.27653301886792453, 0.05601415094339623], ""dense_units_1"": [0.08431603773584906, 0.07370283018867925, 0.13620283018867924, 0.14563679245283018, 0.16922169811320756, 0.12441037735849056, 0.06780660377358491, 0.19870283018867924], ""dense_units_2"": [0.22464622641509435, 0.07016509433962265, 0.07370283018867925, 0.27535377358490565, 0.07606132075471699, 0.07841981132075472, 0.07841981132075472, 0.12323113207547169], ""dropout_1"": [0.07016509433962265, 0.15035377358490565, 0.07841981132075472, 0.0347877358490566, 0.14681603773584906, 0.2045990566037736, 0.08903301886792453, 0.2258254716981132], ""dropout_2"": [0.09846698113207547, 0.1704009433962264, 0.0347877358490566, 0.13148584905660377, 0.09257075471698113, 0.20931603773584906, 0.1786556603773585, 0.08431603773584906], ""loss"": [0.15978773584905662, 0.08785377358490566, 0.19044811320754718, 0.15978773584905662, 0.061910377358490566, 0.07016509433962265, 0.1704009433962264, 0.09964622641509434], ""optimizer"": [0.15742924528301888, 0.04068396226415094, 0.28950471698113206, 0.15507075471698112, 0.15389150943396226, 0.015919811320754717, 0.10318396226415094, 0.08431603773584906]}",False,False,gelu,success
paper_conventional-main-ants20-iterations5-epochs5-seed-43,paper_conventional,paper_faithful,iteration_based_paper_interpretation,main,20,5,5,43,4,16,0b56feb3febad5ff,128,128,0.6,0.2,128,tanh,adagrad,binary_crossentropy,,0.226500004529953,0.2691250145435333,0.226500004529953,0.5958448052406311,4,5,5.6771614820027025,cached,,nonstandard_loss_for_multiclass_sparse_labels,0.0010000000474974513,True,"{""activation"": [0.07841981132075472, 0.14327830188679244, 0.18101415094339623, 0.09964622641509434, 0.10318396226415094, 0.19870283018867924, 0.09257075471698113, 0.10318396226415094], ""batch_size"": [0.0347877358490566, 0.12087264150943396, 0.16096698113207547, 0.08077830188679246, 0.21521226415094338, 0.05483490566037736, 0.27653301886792453, 0.05601415094339623], ""dense_units_1"": [0.08431603773584906, 0.07370283018867925, 0.13620283018867924, 0.14563679245283018, 0.16922169811320756, 0.12441037735849056, 0.06780660377358491, 0.19870283018867924], ""dense_units_2"": [0.22464622641509435, 0.07016509433962265, 0.07370283018867925, 0.27535377358490565, 0.07606132075471699, 0.07841981132075472, 0.07841981132075472, 0.12323113207547169], ""dropout_1"": [0.07016509433962265, 0.15035377358490565, 0.07841981132075472, 0.0347877358490566, 0.14681603773584906, 0.2045990566037736, 0.08903301886792453, 0.2258254716981132], ""dropout_2"": [0.09846698113207547, 0.1704009433962264, 0.0347877358490566, 0.13148584905660377, 0.09257075471698113, 0.20931603773584906, 0.1786556603773585, 0.08431603773584906], ""loss"": [0.15978773584905662, 0.08785377358490566, 0.19044811320754718, 0.15978773584905662, 0.061910377358490566, 0.07016509433962265, 0.1704009433962264, 0.09964622641509434], ""optimizer"": [0.15742924528301888, 0.04068396226415094, 0.28950471698113206, 0.15507075471698112, 0.15389150943396226, 0.015919811320754717, 0.10318396226415094, 0.08431603773584906]}",False,False,tanh,success
paper_conventional-main-ants20-iterations5-epochs5-seed-43,paper_conventional,paper_faithful,iteration_based_paper_interpretation,main,20,5,5,43,4,17,49f767cc6e5d7102,128,32,0.4,0.4,256,relu,sgd,categorical_hinge,,0.6334999799728394,0.5457500219345093,0.6334999799728394,0.9400417804718018,5,5,5.453733745998761,cached,,nonstandard_loss_for_multiclass_sparse_labels,0.009999999776482582,True,"{""activation"": [0.07841981132075472, 0.14327830188679244, 0.18101415094339623, 0.09964622641509434, 0.10318396226415094, 0.19870283018867924, 0.09257075471698113, 0.10318396226415094], ""batch_size"": [0.0347877358490566, 0.12087264150943396, 0.16096698113207547, 0.08077830188679246, 0.21521226415094338, 0.05483490566037736, 0.27653301886792453, 0.05601415094339623], ""dense_units_1"": [0.08431603773584906, 0.07370283018867925, 0.13620283018867924, 0.14563679245283018, 0.16922169811320756, 0.12441037735849056, 0.06780660377358491, 0.19870283018867924], ""dense_units_2"": [0.22464622641509435, 0.07016509433962265, 0.07370283018867925, 0.27535377358490565, 0.07606132075471699, 0.07841981132075472, 0.07841981132075472, 0.12323113207547169], ""dropout_1"": [0.07016509433962265, 0.15035377358490565, 0.07841981132075472, 0.0347877358490566, 0.14681603773584906, 0.2045990566037736, 0.08903301886792453, 0.2258254716981132], ""dropout_2"": [0.09846698113207547, 0.1704009433962264, 0.0347877358490566, 0.13148584905660377, 0.09257075471698113, 0.20931603773584906, 0.1786556603773585, 0.08431603773584906], ""loss"": [0.15978773584905662, 0.08785377358490566, 0.19044811320754718, 0.15978773584905662, 0.061910377358490566, 0.07016509433962265, 0.1704009433962264, 0.09964622641509434], ""optimizer"": [0.15742924528301888, 0.04068396226415094, 0.28950471698113206, 0.15507075471698112, 0.15389150943396226, 0.015919811320754717, 0.10318396226415094, 0.08431603773584906]}",False,False,relu,success
paper_conventional-main-ants20-iterations5-epochs5-seed-43,paper_conventional,paper_faithful,iteration_based_paper_interpretation,main,20,5,5,43,4,18,534e01e69b314abd,128,1024,0.4,0.6,1024,selu,nadam,squared_hinge,,0.9455000162124634,0.9458749890327454,0.9455000162124634,0.920785129070282,5,5,8.399016920000577,cached,,nonstandard_loss_for_multiclass_sparse_labels,0.0010000000474974513,True,"{""activation"": [0.07841981132075472, 0.14327830188679244, 0.18101415094339623, 0.09964622641509434, 0.10318396226415094, 0.19870283018867924, 0.09257075471698113, 0.10318396226415094], ""batch_size"": [0.0347877358490566, 0.12087264150943396, 0.16096698113207547, 0.08077830188679246, 0.21521226415094338, 0.05483490566037736, 0.27653301886792453, 0.05601415094339623], ""dense_units_1"": [0.08431603773584906, 0.07370283018867925, 0.13620283018867924, 0.14563679245283018, 0.16922169811320756, 0.12441037735849056, 0.06780660377358491, 0.19870283018867924], ""dense_units_2"": [0.22464622641509435, 0.07016509433962265, 0.07370283018867925, 0.27535377358490565, 0.07606132075471699, 0.07841981132075472, 0.07841981132075472, 0.12323113207547169], ""dropout_1"": [0.07016509433962265, 0.15035377358490565, 0.07841981132075472, 0.0347877358490566, 0.14681603773584906, 0.2045990566037736, 0.08903301886792453, 0.2258254716981132], ""dropout_2"": [0.09846698113207547, 0.1704009433962264, 0.0347877358490566, 0.13148584905660377, 0.09257075471698113, 0.20931603773584906, 0.1786556603773585, 0.08431603773584906], ""loss"": [0.15978773584905662, 0.08785377358490566, 0.19044811320754718, 0.15978773584905662, 0.061910377358490566, 0.07016509433962265, 0.1704009433962264, 0.09964622641509434], ""optimizer"": [0.15742924528301888, 0.04068396226415094, 0.28950471698113206, 0.15507075471698112, 0.15389150943396226, 0.015919811320754717, 0.10318396226415094, 0.08431603773584906]}",False,False,selu,success
paper_conventional-main-ants20-iterations5-epochs5-seed-43,paper_conventional,paper_faithful,iteration_based_paper_interpretation,main,20,5,5,43,4,19,73603d3e591b8069,2048,16,0.8,0.7,32,softsign,adagrad,squared_hinge,,0.15649999678134918,0.1940000057220459,0.15649999678134918,1.1638600826263428,5,5,17.206231616997684,cached,,nonstandard_loss_for_multiclass_sparse_labels,0.0010000000474974513,True,"{""activation"": [0.07841981132075472, 0.14327830188679244, 0.18101415094339623, 0.09964622641509434, 0.10318396226415094, 0.19870283018867924, 0.09257075471698113, 0.10318396226415094], ""batch_size"": [0.0347877358490566, 0.12087264150943396, 0.16096698113207547, 0.08077830188679246, 0.21521226415094338, 0.05483490566037736, 0.27653301886792453, 0.05601415094339623], ""dense_units_1"": [0.08431603773584906, 0.07370283018867925, 0.13620283018867924, 0.14563679245283018, 0.16922169811320756, 0.12441037735849056, 0.06780660377358491, 0.19870283018867924], ""dense_units_2"": [0.22464622641509435, 0.07016509433962265, 0.07370283018867925, 0.27535377358490565, 0.07606132075471699, 0.07841981132075472, 0.07841981132075472, 0.12323113207547169], ""dropout_1"": [0.07016509433962265, 0.15035377358490565, 0.07841981132075472, 0.0347877358490566, 0.14681603773584906, 0.2045990566037736, 0.08903301886792453, 0.2258254716981132], ""dropout_2"": [0.09846698113207547, 0.1704009433962264, 0.0347877358490566, 0.13148584905660377, 0.09257075471698113, 0.20931603773584906, 0.1786556603773585, 0.08431603773584906], ""loss"": [0.15978773584905662, 0.08785377358490566, 0.19044811320754718, 0.15978773584905662, 0.061910377358490566, 0.07016509433962265, 0.1704009433962264, 0.09964622641509434], ""optimizer"": [0.15742924528301888, 0.04068396226415094, 0.28950471698113206, 0.15507075471698112, 0.15389150943396226, 0.015919811320754717, 0.10318396226415094, 0.08431603773584906]}",False,False,softsign,success
paper_conventional-main-ants20-iterations5-epochs5-seed-43,paper_conventional,paper_faithful,iteration_based_paper_interpretation,main,20,5,5,43,4,20,ce64149aef9986ee,16,128,0.5,0.1,256,selu,ftrl,cosine_similarity,,0.10000000149011612,0.09137500077486038,0.10000000149011612,-0.31622782349586487,4,5,8.37000848399839,cached,,nonstandard_loss_for_multiclass_sparse_labels,0.0010000000474974513,True,"{""activation"": [0.07841981132075472, 0.14327830188679244, 0.18101415094339623, 0.09964622641509434, 0.10318396226415094, 0.19870283018867924, 0.09257075471698113, 0.10318396226415094], ""batch_size"": [0.0347877358490566, 0.12087264150943396, 0.16096698113207547, 0.08077830188679246, 0.21521226415094338, 0.05483490566037736, 0.27653301886792453, 0.05601415094339623], ""dense_units_1"": [0.08431603773584906, 0.07370283018867925, 0.13620283018867924, 0.14563679245283018, 0.16922169811320756, 0.12441037735849056, 0.06780660377358491, 0.19870283018867924], ""dense_units_2"": [0.22464622641509435, 0.07016509433962265, 0.07370283018867925, 0.27535377358490565, 0.07606132075471699, 0.07841981132075472, 0.07841981132075472, 0.12323113207547169], ""dropout_1"": [0.07016509433962265, 0.15035377358490565, 0.07841981132075472, 0.0347877358490566, 0.14681603773584906, 0.2045990566037736, 0.08903301886792453, 0.2258254716981132], ""dropout_2"": [0.09846698113207547, 0.1704009433962264, 0.0347877358490566, 0.13148584905660377, 0.09257075471698113, 0.20931603773584906, 0.1786556603773585, 0.08431603773584906], ""loss"": [0.15978773584905662, 0.08785377358490566, 0.19044811320754718, 0.15978773584905662, 0.061910377358490566, 0.07016509433962265, 0.1704009433962264, 0.09964622641509434], ""optimizer"": [0.15742924528301888, 0.04068396226415094, 0.28950471698113206, 0.15507075471698112, 0.15389150943396226, 0.015919811320754717, 0.10318396226415094, 0.08431603773584906]}",False,False,selu,success
paper_conventional-main-ants20-iterations5-epochs5-seed-43,paper_conventional,paper_faithful,iteration_based_paper_interpretation,main,20,5,5,43,5,1,7bc3199afe0d284d,128,16,0.6,0.6,32,selu,adadelta,binary_crossentropy,,0.17649999260902405,0.1576250046491623,0.17649999260902405,0.7330475449562073,5,5,17.970645981000416,cached,,nonstandard_loss_for_multiclass_sparse_labels,0.0010000000474974513,True,"{""activation"": [0.10237970711297072, 0.11205543933054393, 0.1371600418410042, 0.13323744769874477, 0.08538179916317992, 0.24934623430962344, 0.09505753138075314, 0.08538179916317992], ""batch_size"": [0.03987970711297071, 0.11388598326359832, 0.12382322175732217, 0.07047594142259414, 0.24359309623430964, 0.06995292887029289, 0.2509152719665272, 0.08747384937238493], ""dense_units_1"": [0.08956589958158996, 0.06576882845188285, 0.1240847280334728, 0.1638336820083682, 0.17952405857740586, 0.08276673640167365, 0.0785826359832636, 0.2158734309623431], ""dense_units_2"": [0.21639644351464435, 0.0634152719665272, 0.08250523012552301, 0.2836035564853556, 0.10081066945606694, 0.05217050209205021, 0.08564330543933055, 0.1154550209205021], ""dropout_1"": [0.0634152719665272, 0.11676255230125523, 0.08564330543933055, 0.05661610878661088, 0.18135460251046026, 0.1863232217573222, 0.07596757322175732, 0.2339173640167364], ""dropout_2"": [0.08224372384937238, 0.23051778242677826, 0.05661610878661088, 0.12094665271966527, 0.061584728033472806, 0.20619769874476987, 0.16906380753138076, 0.07282949790794979], ""loss"": [0.1732479079497908, 0.058446652719665274, 0.24385460251046026, 0.13977510460251047, 0.05792364016736402, 0.08015167364016737, 0.16357217573221758, 0.08302824267782427], ""optimizer"": [0.12146966527196652, 0.07727510460251046, 0.24280857740585773, 0.17010983263598325, 0.20279811715481172, 0.010591004184100418, 0.08538179916317992, 0.08956589958158996]}",False,False,selu,success
paper_conventional-main-ants20-iterations5-epochs5-seed-43,paper_conventional,paper_faithful,iteration_based_paper_interpretation,main,20,5,5,43,5,2,0d28af9a5277d26d,128,128,0.5,0.2,1024,relu,ftrl,binary_crossentropy,,0.10000000149011612,0.09525000303983688,0.10000000149011612,0.6840628385543823,5,5,8.16741967499911,cached,,nonstandard_loss_for_multiclass_sparse_labels,0.0010000000474974513,True,"{""activation"": [0.10237970711297072, 0.11205543933054393, 0.1371600418410042, 0.13323744769874477, 0.08538179916317992, 0.24934623430962344, 0.09505753138075314, 0.08538179916317992], ""batch_size"": [0.03987970711297071, 0.11388598326359832, 0.12382322175732217, 0.07047594142259414, 0.24359309623430964, 0.06995292887029289, 0.2509152719665272, 0.08747384937238493], ""dense_units_1"": [0.08956589958158996, 0.06576882845188285, 0.1240847280334728, 0.1638336820083682, 0.17952405857740586, 0.08276673640167365, 0.0785826359832636, 0.2158734309623431], ""dense_units_2"": [0.21639644351464435, 0.0634152719665272, 0.08250523012552301, 0.2836035564853556, 0.10081066945606694, 0.05217050209205021, 0.08564330543933055, 0.1154550209205021], ""dropout_1"": [0.0634152719665272, 0.11676255230125523, 0.08564330543933055, 0.05661610878661088, 0.18135460251046026, 0.1863232217573222, 0.07596757322175732, 0.2339173640167364], ""dropout_2"": [0.08224372384937238, 0.23051778242677826, 0.05661610878661088, 0.12094665271966527, 0.061584728033472806, 0.20619769874476987, 0.16906380753138076, 0.07282949790794979], ""loss"": [0.1732479079497908, 0.058446652719665274, 0.24385460251046026, 0.13977510460251047, 0.05792364016736402, 0.08015167364016737, 0.16357217573221758, 0.08302824267782427], ""optimizer"": [0.12146966527196652, 0.07727510460251046, 0.24280857740585773, 0.17010983263598325, 0.20279811715481172, 0.010591004184100418, 0.08538179916317992, 0.08956589958158996]}",False,False,relu,success
paper_conventional-main-ants20-iterations5-epochs5-seed-43,paper_conventional,paper_faithful,iteration_based_paper_interpretation,main,20,5,5,43,5,3,b8c3ac0a4951e968,1024,128,0.1,0.4,512,gelu,sgd,categorical_hinge,,0.8529999852180481,0.8301249742507935,0.8529999852180481,0.8306768536567688,5,5,5.3898251300015545,cached,,nonstandard_loss_for_multiclass_sparse_labels,0.009999999776482582,True,"{""activation"": [0.10237970711297072, 0.11205543933054393, 0.1371600418410042, 0.13323744769874477, 0.08538179916317992, 0.24934623430962344, 0.09505753138075314, 0.08538179916317992], ""batch_size"": [0.03987970711297071, 0.11388598326359832, 0.12382322175732217, 0.07047594142259414, 0.24359309623430964, 0.06995292887029289, 0.2509152719665272, 0.08747384937238493], ""dense_units_1"": [0.08956589958158996, 0.06576882845188285, 0.1240847280334728, 0.1638336820083682, 0.17952405857740586, 0.08276673640167365, 0.0785826359832636, 0.2158734309623431], ""dense_units_2"": [0.21639644351464435, 0.0634152719665272, 0.08250523012552301, 0.2836035564853556, 0.10081066945606694, 0.05217050209205021, 0.08564330543933055, 0.1154550209205021], ""dropout_1"": [0.0634152719665272, 0.11676255230125523, 0.08564330543933055, 0.05661610878661088, 0.18135460251046026, 0.1863232217573222, 0.07596757322175732, 0.2339173640167364], ""dropout_2"": [0.08224372384937238, 0.23051778242677826, 0.05661610878661088, 0.12094665271966527, 0.061584728033472806, 0.20619769874476987, 0.16906380753138076, 0.07282949790794979], ""loss"": [0.1732479079497908, 0.058446652719665274, 0.24385460251046026, 0.13977510460251047, 0.05792364016736402, 0.08015167364016737, 0.16357217573221758, 0.08302824267782427], ""optimizer"": [0.12146966527196652, 0.07727510460251046, 0.24280857740585773, 0.17010983263598325, 0.20279811715481172, 0.010591004184100418, 0.08538179916317992, 0.08956589958158996]}",False,False,gelu,success
paper_conventional-main-ants20-iterations5-epochs5-seed-43,paper_conventional,paper_faithful,iteration_based_paper_interpretation,main,20,5,5,43,5,4,5084aad9fb7c0e95,128,512,0.2,0.4,1024,tanh,adagrad,sparse_categorical_crossentropy,,0.8669999837875366,0.8209999799728394,0.8669999837875366,1.134445309638977,5,5,5.67758675100049,cached,,,0.0010000000474974513,True,"{""activation"": [0.10237970711297072, 0.11205543933054393, 0.1371600418410042, 0.13323744769874477, 0.08538179916317992, 0.24934623430962344, 0.09505753138075314, 0.08538179916317992], ""batch_size"": [0.03987970711297071, 0.11388598326359832, 0.12382322175732217, 0.07047594142259414, 0.24359309623430964, 0.06995292887029289, 0.2509152719665272, 0.08747384937238493], ""dense_units_1"": [0.08956589958158996, 0.06576882845188285, 0.1240847280334728, 0.1638336820083682, 0.17952405857740586, 0.08276673640167365, 0.0785826359832636, 0.2158734309623431], ""dense_units_2"": [0.21639644351464435, 0.0634152719665272, 0.08250523012552301, 0.2836035564853556, 0.10081066945606694, 0.05217050209205021, 0.08564330543933055, 0.1154550209205021], ""dropout_1"": [0.0634152719665272, 0.11676255230125523, 0.08564330543933055, 0.05661610878661088, 0.18135460251046026, 0.1863232217573222, 0.07596757322175732, 0.2339173640167364], ""dropout_2"": [0.08224372384937238, 0.23051778242677826, 0.05661610878661088, 0.12094665271966527, 0.061584728033472806, 0.20619769874476987, 0.16906380753138076, 0.07282949790794979], ""loss"": [0.1732479079497908, 0.058446652719665274, 0.24385460251046026, 0.13977510460251047, 0.05792364016736402, 0.08015167364016737, 0.16357217573221758, 0.08302824267782427], ""optimizer"": [0.12146966527196652, 0.07727510460251046, 0.24280857740585773, 0.17010983263598325, 0.20279811715481172, 0.010591004184100418, 0.08538179916317992, 0.08956589958158996]}",True,False,tanh,success
paper_conventional-main-ants20-iterations5-epochs5-seed-43,paper_conventional,paper_faithful,iteration_based_paper_interpretation,main,20,5,5,43,5,5,23bb3cffa9a80130,32,16,0.7,0.7,512,softplus,sgd,categorical_crossentropy,,0.6075000166893005,0.44225001335144043,0.6075000166893005,1.8680334091186523,5,5,4.981326891000208,cached,,nonstandard_loss_for_multiclass_sparse_labels,0.009999999776482582,True,"{""activation"": [0.10237970711297072, 0.11205543933054393, 0.1371600418410042, 0.13323744769874477, 0.08538179916317992, 0.24934623430962344, 0.09505753138075314, 0.08538179916317992], ""batch_size"": [0.03987970711297071, 0.11388598326359832, 0.12382322175732217, 0.07047594142259414, 0.24359309623430964, 0.06995292887029289, 0.2509152719665272, 0.08747384937238493], ""dense_units_1"": [0.08956589958158996, 0.06576882845188285, 0.1240847280334728, 0.1638336820083682, 0.17952405857740586, 0.08276673640167365, 0.0785826359832636, 0.2158734309623431], ""dense_units_2"": [0.21639644351464435, 0.0634152719665272, 0.08250523012552301, 0.2836035564853556, 0.10081066945606694, 0.05217050209205021, 0.08564330543933055, 0.1154550209205021], ""dropout_1"": [0.0634152719665272, 0.11676255230125523, 0.08564330543933055, 0.05661610878661088, 0.18135460251046026, 0.1863232217573222, 0.07596757322175732, 0.2339173640167364], ""dropout_2"": [0.08224372384937238, 0.23051778242677826, 0.05661610878661088, 0.12094665271966527, 0.061584728033472806, 0.20619769874476987, 0.16906380753138076, 0.07282949790794979], ""loss"": [0.1732479079497908, 0.058446652719665274, 0.24385460251046026, 0.13977510460251047, 0.05792364016736402, 0.08015167364016737, 0.16357217573221758, 0.08302824267782427], ""optimizer"": [0.12146966527196652, 0.07727510460251046, 0.24280857740585773, 0.17010983263598325, 0.20279811715481172, 0.010591004184100418, 0.08538179916317992, 0.08956589958158996]}",False,False,softplus,success
paper_conventional-main-ants20-iterations5-epochs5-seed-43,paper_conventional,paper_faithful,iteration_based_paper_interpretation,main,20,5,5,43,5,6,98755d9f3536d6d0,2048,128,0.8,0.4,256,linear,adagrad,binary_crossentropy,,0.3384999930858612,0.15212500095367432,0.3384999930858612,0.6521051526069641,1,5,5.440807093997137,cached,,nonstandard_loss_for_multiclass_sparse_labels,0.0010000000474974513,True,"{""activation"": [0.10237970711297072, 0.11205543933054393, 0.1371600418410042, 0.13323744769874477, 0.08538179916317992, 0.24934623430962344, 0.09505753138075314, 0.08538179916317992], ""batch_size"": [0.03987970711297071, 0.11388598326359832, 0.12382322175732217, 0.07047594142259414, 0.24359309623430964, 0.06995292887029289, 0.2509152719665272, 0.08747384937238493], ""dense_units_1"": [0.08956589958158996, 0.06576882845188285, 0.1240847280334728, 0.1638336820083682, 0.17952405857740586, 0.08276673640167365, 0.0785826359832636, 0.2158734309623431], ""dense_units_2"": [0.21639644351464435, 0.0634152719665272, 0.08250523012552301, 0.2836035564853556, 0.10081066945606694, 0.05217050209205021, 0.08564330543933055, 0.1154550209205021], ""dropout_1"": [0.0634152719665272, 0.11676255230125523, 0.08564330543933055, 0.05661610878661088, 0.18135460251046026, 0.1863232217573222, 0.07596757322175732, 0.2339173640167364], ""dropout_2"": [0.08224372384937238, 0.23051778242677826, 0.05661610878661088, 0.12094665271966527, 0.061584728033472806, 0.20619769874476987, 0.16906380753138076, 0.07282949790794979], ""loss"": [0.1732479079497908, 0.058446652719665274, 0.24385460251046026, 0.13977510460251047, 0.05792364016736402, 0.08015167364016737, 0.16357217573221758, 0.08302824267782427], ""optimizer"": [0.12146966527196652, 0.07727510460251046, 0.24280857740585773, 0.17010983263598325, 0.20279811715481172, 0.010591004184100418, 0.08538179916317992, 0.08956589958158996]}",False,False,linier,success
paper_conventional-main-ants20-iterations5-epochs5-seed-43,paper_conventional,paper_faithful,iteration_based_paper_interpretation,main,20,5,5,43,5,7,8d1afd9fd10cb853,256,16,0.5,0.2,32,sigmoid,adagrad,mean_squared_error,,0.10000000149011612,0.10012499988079071,0.10000000149011612,0.09264544397592545,5,5,14.060418365999794,cached,,nonstandard_loss_for_multiclass_sparse_labels,0.0010000000474974513,True,"{""activation"": [0.10237970711297072, 0.11205543933054393, 0.1371600418410042, 0.13323744769874477, 0.08538179916317992, 0.24934623430962344, 0.09505753138075314, 0.08538179916317992], ""batch_size"": [0.03987970711297071, 0.11388598326359832, 0.12382322175732217, 0.07047594142259414, 0.24359309623430964, 0.06995292887029289, 0.2509152719665272, 0.08747384937238493], ""dense_units_1"": [0.08956589958158996, 0.06576882845188285, 0.1240847280334728, 0.1638336820083682, 0.17952405857740586, 0.08276673640167365, 0.0785826359832636, 0.2158734309623431], ""dense_units_2"": [0.21639644351464435, 0.0634152719665272, 0.08250523012552301, 0.2836035564853556, 0.10081066945606694, 0.05217050209205021, 0.08564330543933055, 0.1154550209205021], ""dropout_1"": [0.0634152719665272, 0.11676255230125523, 0.08564330543933055, 0.05661610878661088, 0.18135460251046026, 0.1863232217573222, 0.07596757322175732, 0.2339173640167364], ""dropout_2"": [0.08224372384937238, 0.23051778242677826, 0.05661610878661088, 0.12094665271966527, 0.061584728033472806, 0.20619769874476987, 0.16906380753138076, 0.07282949790794979], ""loss"": [0.1732479079497908, 0.058446652719665274, 0.24385460251046026, 0.13977510460251047, 0.05792364016736402, 0.08015167364016737, 0.16357217573221758, 0.08302824267782427], ""optimizer"": [0.12146966527196652, 0.07727510460251046, 0.24280857740585773, 0.17010983263598325, 0.20279811715481172, 0.010591004184100418, 0.08538179916317992, 0.08956589958158996]}",False,False,sigmoid,success
paper_conventional-main-ants20-iterations5-epochs5-seed-43,paper_conventional,paper_faithful,iteration_based_paper_interpretation,main,20,5,5,43,5,8,b2306a0b90bc243a,256,16,0.7,0.2,32,selu,adagrad,binary_crossentropy,,0.2630000114440918,0.25575000047683716,0.2630000114440918,0.6029374599456787,1,5,14.25051208700097,cached,,nonstandard_loss_for_multiclass_sparse_labels,0.0010000000474974513,True,"{""activation"": [0.10237970711297072, 0.11205543933054393, 0.1371600418410042, 0.13323744769874477, 0.08538179916317992, 0.24934623430962344, 0.09505753138075314, 0.08538179916317992], ""batch_size"": [0.03987970711297071, 0.11388598326359832, 0.12382322175732217, 0.07047594142259414, 0.24359309623430964, 0.06995292887029289, 0.2509152719665272, 0.08747384937238493], ""dense_units_1"": [0.08956589958158996, 0.06576882845188285, 0.1240847280334728, 0.1638336820083682, 0.17952405857740586, 0.08276673640167365, 0.0785826359832636, 0.2158734309623431], ""dense_units_2"": [0.21639644351464435, 0.0634152719665272, 0.08250523012552301, 0.2836035564853556, 0.10081066945606694, 0.05217050209205021, 0.08564330543933055, 0.1154550209205021], ""dropout_1"": [0.0634152719665272, 0.11676255230125523, 0.08564330543933055, 0.05661610878661088, 0.18135460251046026, 0.1863232217573222, 0.07596757322175732, 0.2339173640167364], ""dropout_2"": [0.08224372384937238, 0.23051778242677826, 0.05661610878661088, 0.12094665271966527, 0.061584728033472806, 0.20619769874476987, 0.16906380753138076, 0.07282949790794979], ""loss"": [0.1732479079497908, 0.058446652719665274, 0.24385460251046026, 0.13977510460251047, 0.05792364016736402, 0.08015167364016737, 0.16357217573221758, 0.08302824267782427], ""optimizer"": [0.12146966527196652, 0.07727510460251046, 0.24280857740585773, 0.17010983263598325, 0.20279811715481172, 0.010591004184100418, 0.08538179916317992, 0.08956589958158996]}",False,False,selu,success
paper_conventional-main-ants20-iterations5-epochs5-seed-43,paper_conventional,paper_faithful,iteration_based_paper_interpretation,main,20,5,5,43,5,9,cbecfd4e27eb06f6,512,64,0.5,0.1,512,softplus,adadelta,cosine_similarity,,0.1315000057220459,0.2016250044107437,0.1315000057220459,-0.2561458349227905,5,5,7.131888833999255,cached,,nonstandard_loss_for_multiclass_sparse_labels,0.0010000000474974513,True,"{""activation"": [0.10237970711297072, 0.11205543933054393, 0.1371600418410042, 0.13323744769874477, 0.08538179916317992, 0.24934623430962344, 0.09505753138075314, 0.08538179916317992], ""batch_size"": [0.03987970711297071, 0.11388598326359832, 0.12382322175732217, 0.07047594142259414, 0.24359309623430964, 0.06995292887029289, 0.2509152719665272, 0.08747384937238493], ""dense_units_1"": [0.08956589958158996, 0.06576882845188285, 0.1240847280334728, 0.1638336820083682, 0.17952405857740586, 0.08276673640167365, 0.0785826359832636, 0.2158734309623431], ""dense_units_2"": [0.21639644351464435, 0.0634152719665272, 0.08250523012552301, 0.2836035564853556, 0.10081066945606694, 0.05217050209205021, 0.08564330543933055, 0.1154550209205021], ""dropout_1"": [0.0634152719665272, 0.11676255230125523, 0.08564330543933055, 0.05661610878661088, 0.18135460251046026, 0.1863232217573222, 0.07596757322175732, 0.2339173640167364], ""dropout_2"": [0.08224372384937238, 0.23051778242677826, 0.05661610878661088, 0.12094665271966527, 0.061584728033472806, 0.20619769874476987, 0.16906380753138076, 0.07282949790794979], ""loss"": [0.1732479079497908, 0.058446652719665274, 0.24385460251046026, 0.13977510460251047, 0.05792364016736402, 0.08015167364016737, 0.16357217573221758, 0.08302824267782427], ""optimizer"": [0.12146966527196652, 0.07727510460251046, 0.24280857740585773, 0.17010983263598325, 0.20279811715481172, 0.010591004184100418, 0.08538179916317992, 0.08956589958158996]}",False,False,softplus,success
paper_conventional-main-ants20-iterations5-epochs5-seed-43,paper_conventional,paper_faithful,iteration_based_paper_interpretation,main,20,5,5,43,5,10,39db8a8b42814739,128,2048,0.8,0.3,2048,tanh,adagrad,squared_hinge,,0.10599999874830246,0.0898749977350235,0.10599999874830246,1.1700925827026367,1,5,5.663684545001161,cached,,nonstandard_loss_for_multiclass_sparse_labels,0.0010000000474974513,True,"{""activation"": [0.10237970711297072, 0.11205543933054393, 0.1371600418410042, 0.13323744769874477, 0.08538179916317992, 0.24934623430962344, 0.09505753138075314, 0.08538179916317992], ""batch_size"": [0.03987970711297071, 0.11388598326359832, 0.12382322175732217, 0.07047594142259414, 0.24359309623430964, 0.06995292887029289, 0.2509152719665272, 0.08747384937238493], ""dense_units_1"": [0.08956589958158996, 0.06576882845188285, 0.1240847280334728, 0.1638336820083682, 0.17952405857740586, 0.08276673640167365, 0.0785826359832636, 0.2158734309623431], ""dense_units_2"": [0.21639644351464435, 0.0634152719665272, 0.08250523012552301, 0.2836035564853556, 0.10081066945606694, 0.05217050209205021, 0.08564330543933055, 0.1154550209205021], ""dropout_1"": [0.0634152719665272, 0.11676255230125523, 0.08564330543933055, 0.05661610878661088, 0.18135460251046026, 0.1863232217573222, 0.07596757322175732, 0.2339173640167364], ""dropout_2"": [0.08224372384937238, 0.23051778242677826, 0.05661610878661088, 0.12094665271966527, 0.061584728033472806, 0.20619769874476987, 0.16906380753138076, 0.07282949790794979], ""loss"": [0.1732479079497908, 0.058446652719665274, 0.24385460251046026, 0.13977510460251047, 0.05792364016736402, 0.08015167364016737, 0.16357217573221758, 0.08302824267782427], ""optimizer"": [0.12146966527196652, 0.07727510460251046, 0.24280857740585773, 0.17010983263598325, 0.20279811715481172, 0.010591004184100418, 0.08538179916317992, 0.08956589958158996]}",False,False,tanh,success
paper_conventional-main-ants20-iterations5-epochs5-seed-43,paper_conventional,paper_faithful,iteration_based_paper_interpretation,main,20,5,5,43,5,11,422d32d0c8cfa5e9,16,512,0.5,0.1,256,relu,adadelta,binary_crossentropy,,0.15600000321865082,0.11562500149011612,0.15600000321865082,0.6862004995346069,5,5,7.094548629000201,cached,,nonstandard_loss_for_multiclass_sparse_labels,0.0010000000474974513,True,"{""activation"": [0.10237970711297072, 0.11205543933054393, 0.1371600418410042, 0.13323744769874477, 0.08538179916317992, 0.24934623430962344, 0.09505753138075314, 0.08538179916317992], ""batch_size"": [0.03987970711297071, 0.11388598326359832, 0.12382322175732217, 0.07047594142259414, 0.24359309623430964, 0.06995292887029289, 0.2509152719665272, 0.08747384937238493], ""dense_units_1"": [0.08956589958158996, 0.06576882845188285, 0.1240847280334728, 0.1638336820083682, 0.17952405857740586, 0.08276673640167365, 0.0785826359832636, 0.2158734309623431], ""dense_units_2"": [0.21639644351464435, 0.0634152719665272, 0.08250523012552301, 0.2836035564853556, 0.10081066945606694, 0.05217050209205021, 0.08564330543933055, 0.1154550209205021], ""dropout_1"": [0.0634152719665272, 0.11676255230125523, 0.08564330543933055, 0.05661610878661088, 0.18135460251046026, 0.1863232217573222, 0.07596757322175732, 0.2339173640167364], ""dropout_2"": [0.08224372384937238, 0.23051778242677826, 0.05661610878661088, 0.12094665271966527, 0.061584728033472806, 0.20619769874476987, 0.16906380753138076, 0.07282949790794979], ""loss"": [0.1732479079497908, 0.058446652719665274, 0.24385460251046026, 0.13977510460251047, 0.05792364016736402, 0.08015167364016737, 0.16357217573221758, 0.08302824267782427], ""optimizer"": [0.12146966527196652, 0.07727510460251046, 0.24280857740585773, 0.17010983263598325, 0.20279811715481172, 0.010591004184100418, 0.08538179916317992, 0.08956589958158996]}",False,False,relu,success
paper_conventional-main-ants20-iterations5-epochs5-seed-43,paper_conventional,paper_faithful,iteration_based_paper_interpretation,main,20,5,5,43,5,12,93a41cacbc4ef8a7,2048,256,0.8,0.8,1024,linear,adam,categorical_hinge,,0.7394999861717224,0.5423750281333923,0.7394999861717224,0.6128541231155396,1,5,6.603983846998744,cached,,nonstandard_loss_for_multiclass_sparse_labels,0.0010000000474974513,True,"{""activation"": [0.10237970711297072, 0.11205543933054393, 0.1371600418410042, 0.13323744769874477, 0.08538179916317992, 0.24934623430962344, 0.09505753138075314, 0.08538179916317992], ""batch_size"": [0.03987970711297071, 0.11388598326359832, 0.12382322175732217, 0.07047594142259414, 0.24359309623430964, 0.06995292887029289, 0.2509152719665272, 0.08747384937238493], ""dense_units_1"": [0.08956589958158996, 0.06576882845188285, 0.1240847280334728, 0.1638336820083682, 0.17952405857740586, 0.08276673640167365, 0.0785826359832636, 0.2158734309623431], ""dense_units_2"": [0.21639644351464435, 0.0634152719665272, 0.08250523012552301, 0.2836035564853556, 0.10081066945606694, 0.05217050209205021, 0.08564330543933055, 0.1154550209205021], ""dropout_1"": [0.0634152719665272, 0.11676255230125523, 0.08564330543933055, 0.05661610878661088, 0.18135460251046026, 0.1863232217573222, 0.07596757322175732, 0.2339173640167364], ""dropout_2"": [0.08224372384937238, 0.23051778242677826, 0.05661610878661088, 0.12094665271966527, 0.061584728033472806, 0.20619769874476987, 0.16906380753138076, 0.07282949790794979], ""loss"": [0.1732479079497908, 0.058446652719665274, 0.24385460251046026, 0.13977510460251047, 0.05792364016736402, 0.08015167364016737, 0.16357217573221758, 0.08302824267782427], ""optimizer"": [0.12146966527196652, 0.07727510460251046, 0.24280857740585773, 0.17010983263598325, 0.20279811715481172, 0.010591004184100418, 0.08538179916317992, 0.08956589958158996]}",False,False,linier,success
paper_conventional-main-ants20-iterations5-epochs5-seed-43,paper_conventional,paper_faithful,iteration_based_paper_interpretation,main,20,5,5,43,5,13,1dd3b51f3df4081a,64,128,0.6,0.7,128,tanh,adagrad,mean_squared_error,,0.1404999941587448,0.08937499672174454,0.1404999941587448,0.09028889983892441,4,5,5.490220694999152,cached,,nonstandard_loss_for_multiclass_sparse_labels,0.0010000000474974513,True,"{""activation"": [0.10237970711297072, 0.11205543933054393, 0.1371600418410042, 0.13323744769874477, 0.08538179916317992, 0.24934623430962344, 0.09505753138075314, 0.08538179916317992], ""batch_size"": [0.03987970711297071, 0.11388598326359832, 0.12382322175732217, 0.07047594142259414, 0.24359309623430964, 0.06995292887029289, 0.2509152719665272, 0.08747384937238493], ""dense_units_1"": [0.08956589958158996, 0.06576882845188285, 0.1240847280334728, 0.1638336820083682, 0.17952405857740586, 0.08276673640167365, 0.0785826359832636, 0.2158734309623431], ""dense_units_2"": [0.21639644351464435, 0.0634152719665272, 0.08250523012552301, 0.2836035564853556, 0.10081066945606694, 0.05217050209205021, 0.08564330543933055, 0.1154550209205021], ""dropout_1"": [0.0634152719665272, 0.11676255230125523, 0.08564330543933055, 0.05661610878661088, 0.18135460251046026, 0.1863232217573222, 0.07596757322175732, 0.2339173640167364], ""dropout_2"": [0.08224372384937238, 0.23051778242677826, 0.05661610878661088, 0.12094665271966527, 0.061584728033472806, 0.20619769874476987, 0.16906380753138076, 0.07282949790794979], ""loss"": [0.1732479079497908, 0.058446652719665274, 0.24385460251046026, 0.13977510460251047, 0.05792364016736402, 0.08015167364016737, 0.16357217573221758, 0.08302824267782427], ""optimizer"": [0.12146966527196652, 0.07727510460251046, 0.24280857740585773, 0.17010983263598325, 0.20279811715481172, 0.010591004184100418, 0.08538179916317992, 0.08956589958158996]}",False,False,tanh,success
paper_conventional-main-ants20-iterations5-epochs5-seed-43,paper_conventional,paper_faithful,iteration_based_paper_interpretation,main,20,5,5,43,5,14,5fa93afa3f84e1d4,128,64,0.5,0.6,128,softsign,sgd,binary_crossentropy,,0.49300000071525574,0.34337499737739563,0.49300000071525574,0.578236997127533,5,5,5.1029575310021755,cached,,nonstandard_loss_for_multiclass_sparse_labels,0.009999999776482582,True,"{""activation"": [0.10237970711297072, 0.11205543933054393, 0.1371600418410042, 0.13323744769874477, 0.08538179916317992, 0.24934623430962344, 0.09505753138075314, 0.08538179916317992], ""batch_size"": [0.03987970711297071, 0.11388598326359832, 0.12382322175732217, 0.07047594142259414, 0.24359309623430964, 0.06995292887029289, 0.2509152719665272, 0.08747384937238493], ""dense_units_1"": [0.08956589958158996, 0.06576882845188285, 0.1240847280334728, 0.1638336820083682, 0.17952405857740586, 0.08276673640167365, 0.0785826359832636, 0.2158734309623431], ""dense_units_2"": [0.21639644351464435, 0.0634152719665272, 0.08250523012552301, 0.2836035564853556, 0.10081066945606694, 0.05217050209205021, 0.08564330543933055, 0.1154550209205021], ""dropout_1"": [0.0634152719665272, 0.11676255230125523, 0.08564330543933055, 0.05661610878661088, 0.18135460251046026, 0.1863232217573222, 0.07596757322175732, 0.2339173640167364], ""dropout_2"": [0.08224372384937238, 0.23051778242677826, 0.05661610878661088, 0.12094665271966527, 0.061584728033472806, 0.20619769874476987, 0.16906380753138076, 0.07282949790794979], ""loss"": [0.1732479079497908, 0.058446652719665274, 0.24385460251046026, 0.13977510460251047, 0.05792364016736402, 0.08015167364016737, 0.16357217573221758, 0.08302824267782427], ""optimizer"": [0.12146966527196652, 0.07727510460251046, 0.24280857740585773, 0.17010983263598325, 0.20279811715481172, 0.010591004184100418, 0.08538179916317992, 0.08956589958158996]}",False,False,softsign,success
paper_conventional-main-ants20-iterations5-epochs5-seed-43,paper_conventional,paper_faithful,iteration_based_paper_interpretation,main,20,5,5,43,5,15,4bc1d8521bb4d1e3,128,1024,0.5,0.4,128,linear,ftrl,sparse_categorical_crossentropy,,0.10000000149011612,0.0951249971985817,0.10000000149011612,2.3025848865509033,5,5,7.101912121001078,cached,,,0.0010000000474974513,True,"{""activation"": [0.10237970711297072, 0.11205543933054393, 0.1371600418410042, 0.13323744769874477, 0.08538179916317992, 0.24934623430962344, 0.09505753138075314, 0.08538179916317992], ""batch_size"": [0.03987970711297071, 0.11388598326359832, 0.12382322175732217, 0.07047594142259414, 0.24359309623430964, 0.06995292887029289, 0.2509152719665272, 0.08747384937238493], ""dense_units_1"": [0.08956589958158996, 0.06576882845188285, 0.1240847280334728, 0.1638336820083682, 0.17952405857740586, 0.08276673640167365, 0.0785826359832636, 0.2158734309623431], ""dense_units_2"": [0.21639644351464435, 0.0634152719665272, 0.08250523012552301, 0.2836035564853556, 0.10081066945606694, 0.05217050209205021, 0.08564330543933055, 0.1154550209205021], ""dropout_1"": [0.0634152719665272, 0.11676255230125523, 0.08564330543933055, 0.05661610878661088, 0.18135460251046026, 0.1863232217573222, 0.07596757322175732, 0.2339173640167364], ""dropout_2"": [0.08224372384937238, 0.23051778242677826, 0.05661610878661088, 0.12094665271966527, 0.061584728033472806, 0.20619769874476987, 0.16906380753138076, 0.07282949790794979], ""loss"": [0.1732479079497908, 0.058446652719665274, 0.24385460251046026, 0.13977510460251047, 0.05792364016736402, 0.08015167364016737, 0.16357217573221758, 0.08302824267782427], ""optimizer"": [0.12146966527196652, 0.07727510460251046, 0.24280857740585773, 0.17010983263598325, 0.20279811715481172, 0.010591004184100418, 0.08538179916317992, 0.08956589958158996]}",False,False,linier,success
paper_conventional-main-ants20-iterations5-epochs5-seed-43,paper_conventional,paper_faithful,iteration_based_paper_interpretation,main,20,5,5,43,5,16,d730b638633c8228,2048,128,0.2,0.7,1024,tanh,adadelta,sparse_categorical_crossentropy,,0.41200000047683716,0.23937499523162842,0.41200000047683716,2.016958475112915,5,5,6.536260344000766,cached,,,0.0010000000474974513,True,"{""activation"": [0.10237970711297072, 0.11205543933054393, 0.1371600418410042, 0.13323744769874477, 0.08538179916317992, 0.24934623430962344, 0.09505753138075314, 0.08538179916317992], ""batch_size"": [0.03987970711297071, 0.11388598326359832, 0.12382322175732217, 0.07047594142259414, 0.24359309623430964, 0.06995292887029289, 0.2509152719665272, 0.08747384937238493], ""dense_units_1"": [0.08956589958158996, 0.06576882845188285, 0.1240847280334728, 0.1638336820083682, 0.17952405857740586, 0.08276673640167365, 0.0785826359832636, 0.2158734309623431], ""dense_units_2"": [0.21639644351464435, 0.0634152719665272, 0.08250523012552301, 0.2836035564853556, 0.10081066945606694, 0.05217050209205021, 0.08564330543933055, 0.1154550209205021], ""dropout_1"": [0.0634152719665272, 0.11676255230125523, 0.08564330543933055, 0.05661610878661088, 0.18135460251046026, 0.1863232217573222, 0.07596757322175732, 0.2339173640167364], ""dropout_2"": [0.08224372384937238, 0.23051778242677826, 0.05661610878661088, 0.12094665271966527, 0.061584728033472806, 0.20619769874476987, 0.16906380753138076, 0.07282949790794979], ""loss"": [0.1732479079497908, 0.058446652719665274, 0.24385460251046026, 0.13977510460251047, 0.05792364016736402, 0.08015167364016737, 0.16357217573221758, 0.08302824267782427], ""optimizer"": [0.12146966527196652, 0.07727510460251046, 0.24280857740585773, 0.17010983263598325, 0.20279811715481172, 0.010591004184100418, 0.08538179916317992, 0.08956589958158996]}",False,False,tanh,success
paper_conventional-main-ants20-iterations5-epochs5-seed-43,paper_conventional,paper_faithful,iteration_based_paper_interpretation,main,20,5,5,43,5,17,1338bff755e513fa,32,128,0.7,0.7,256,selu,adadelta,sparse_categorical_crossentropy,,0.11150000244379044,0.08787500113248825,0.11150000244379044,2.305715322494507,1,5,6.643959584998811,cached,,,0.0010000000474974513,True,"{""activation"": [0.10237970711297072, 0.11205543933054393, 0.1371600418410042, 0.13323744769874477, 0.08538179916317992, 0.24934623430962344, 0.09505753138075314, 0.08538179916317992], ""batch_size"": [0.03987970711297071, 0.11388598326359832, 0.12382322175732217, 0.07047594142259414, 0.24359309623430964, 0.06995292887029289, 0.2509152719665272, 0.08747384937238493], ""dense_units_1"": [0.08956589958158996, 0.06576882845188285, 0.1240847280334728, 0.1638336820083682, 0.17952405857740586, 0.08276673640167365, 0.0785826359832636, 0.2158734309623431], ""dense_units_2"": [0.21639644351464435, 0.0634152719665272, 0.08250523012552301, 0.2836035564853556, 0.10081066945606694, 0.05217050209205021, 0.08564330543933055, 0.1154550209205021], ""dropout_1"": [0.0634152719665272, 0.11676255230125523, 0.08564330543933055, 0.05661610878661088, 0.18135460251046026, 0.1863232217573222, 0.07596757322175732, 0.2339173640167364], ""dropout_2"": [0.08224372384937238, 0.23051778242677826, 0.05661610878661088, 0.12094665271966527, 0.061584728033472806, 0.20619769874476987, 0.16906380753138076, 0.07282949790794979], ""loss"": [0.1732479079497908, 0.058446652719665274, 0.24385460251046026, 0.13977510460251047, 0.05792364016736402, 0.08015167364016737, 0.16357217573221758, 0.08302824267782427], ""optimizer"": [0.12146966527196652, 0.07727510460251046, 0.24280857740585773, 0.17010983263598325, 0.20279811715481172, 0.010591004184100418, 0.08538179916317992, 0.08956589958158996]}",False,False,selu,success
paper_conventional-main-ants20-iterations5-epochs5-seed-43,paper_conventional,paper_faithful,iteration_based_paper_interpretation,main,20,5,5,43,5,18,ac747fb36c5d69cf,1024,256,0.5,0.2,2048,softplus,adagrad,binary_crossentropy,,0.3804999887943268,0.3356249928474426,0.3804999887943268,0.3130987882614136,5,5,5.497272606000479,cached,,nonstandard_loss_for_multiclass_sparse_labels,0.0010000000474974513,True,"{""activation"": [0.10237970711297072, 0.11205543933054393, 0.1371600418410042, 0.13323744769874477, 0.08538179916317992, 0.24934623430962344, 0.09505753138075314, 0.08538179916317992], ""batch_size"": [0.03987970711297071, 0.11388598326359832, 0.12382322175732217, 0.07047594142259414, 0.24359309623430964, 0.06995292887029289, 0.2509152719665272, 0.08747384937238493], ""dense_units_1"": [0.08956589958158996, 0.06576882845188285, 0.1240847280334728, 0.1638336820083682, 0.17952405857740586, 0.08276673640167365, 0.0785826359832636, 0.2158734309623431], ""dense_units_2"": [0.21639644351464435, 0.0634152719665272, 0.08250523012552301, 0.2836035564853556, 0.10081066945606694, 0.05217050209205021, 0.08564330543933055, 0.1154550209205021], ""dropout_1"": [0.0634152719665272, 0.11676255230125523, 0.08564330543933055, 0.05661610878661088, 0.18135460251046026, 0.1863232217573222, 0.07596757322175732, 0.2339173640167364], ""dropout_2"": [0.08224372384937238, 0.23051778242677826, 0.05661610878661088, 0.12094665271966527, 0.061584728033472806, 0.20619769874476987, 0.16906380753138076, 0.07282949790794979], ""loss"": [0.1732479079497908, 0.058446652719665274, 0.24385460251046026, 0.13977510460251047, 0.05792364016736402, 0.08015167364016737, 0.16357217573221758, 0.08302824267782427], ""optimizer"": [0.12146966527196652, 0.07727510460251046, 0.24280857740585773, 0.17010983263598325, 0.20279811715481172, 0.010591004184100418, 0.08538179916317992, 0.08956589958158996]}",False,False,softplus,success
paper_conventional-main-ants20-iterations5-epochs5-seed-43,paper_conventional,paper_faithful,iteration_based_paper_interpretation,main,20,5,5,43,5,19,11db974eb85b7f8a,512,16,0.2,0.7,2048,tanh,sgd,binary_crossentropy,,0.6169999837875366,0.4244999885559082,0.6169999837875366,0.5422579050064087,5,5,5.581912739002291,cached,,nonstandard_loss_for_multiclass_sparse_labels,0.009999999776482582,True,"{""activation"": [0.10237970711297072, 0.11205543933054393, 0.1371600418410042, 0.13323744769874477, 0.08538179916317992, 0.24934623430962344, 0.09505753138075314, 0.08538179916317992], ""batch_size"": [0.03987970711297071, 0.11388598326359832, 0.12382322175732217, 0.07047594142259414, 0.24359309623430964, 0.06995292887029289, 0.2509152719665272, 0.08747384937238493], ""dense_units_1"": [0.08956589958158996, 0.06576882845188285, 0.1240847280334728, 0.1638336820083682, 0.17952405857740586, 0.08276673640167365, 0.0785826359832636, 0.2158734309623431], ""dense_units_2"": [0.21639644351464435, 0.0634152719665272, 0.08250523012552301, 0.2836035564853556, 0.10081066945606694, 0.05217050209205021, 0.08564330543933055, 0.1154550209205021], ""dropout_1"": [0.0634152719665272, 0.11676255230125523, 0.08564330543933055, 0.05661610878661088, 0.18135460251046026, 0.1863232217573222, 0.07596757322175732, 0.2339173640167364], ""dropout_2"": [0.08224372384937238, 0.23051778242677826, 0.05661610878661088, 0.12094665271966527, 0.061584728033472806, 0.20619769874476987, 0.16906380753138076, 0.07282949790794979], ""loss"": [0.1732479079497908, 0.058446652719665274, 0.24385460251046026, 0.13977510460251047, 0.05792364016736402, 0.08015167364016737, 0.16357217573221758, 0.08302824267782427], ""optimizer"": [0.12146966527196652, 0.07727510460251046, 0.24280857740585773, 0.17010983263598325, 0.20279811715481172, 0.010591004184100418, 0.08538179916317992, 0.08956589958158996]}",False,False,tanh,success
paper_conventional-main-ants20-iterations5-epochs5-seed-43,paper_conventional,paper_faithful,iteration_based_paper_interpretation,main,20,5,5,43,5,20,a16fddc822581e84,32,16,0.8,0.2,1024,selu,adagrad,binary_crossentropy,,0.1860000044107437,0.1432500034570694,0.1860000044107437,0.65301114320755,1,5,7.088242252000782,cached,,nonstandard_loss_for_multiclass_sparse_labels,0.0010000000474974513,True,"{""activation"": [0.10237970711297072, 0.11205543933054393, 0.1371600418410042, 0.13323744769874477, 0.08538179916317992, 0.24934623430962344, 0.09505753138075314, 0.08538179916317992], ""batch_size"": [0.03987970711297071, 0.11388598326359832, 0.12382322175732217, 0.07047594142259414, 0.24359309623430964, 0.06995292887029289, 0.2509152719665272, 0.08747384937238493], ""dense_units_1"": [0.08956589958158996, 0.06576882845188285, 0.1240847280334728, 0.1638336820083682, 0.17952405857740586, 0.08276673640167365, 0.0785826359832636, 0.2158734309623431], ""dense_units_2"": [0.21639644351464435, 0.0634152719665272, 0.08250523012552301, 0.2836035564853556, 0.10081066945606694, 0.05217050209205021, 0.08564330543933055, 0.1154550209205021], ""dropout_1"": [0.0634152719665272, 0.11676255230125523, 0.08564330543933055, 0.05661610878661088, 0.18135460251046026, 0.1863232217573222, 0.07596757322175732, 0.2339173640167364], ""dropout_2"": [0.08224372384937238, 0.23051778242677826, 0.05661610878661088, 0.12094665271966527, 0.061584728033472806, 0.20619769874476987, 0.16906380753138076, 0.07282949790794979], ""loss"": [0.1732479079497908, 0.058446652719665274, 0.24385460251046026, 0.13977510460251047, 0.05792364016736402, 0.08015167364016737, 0.16357217573221758, 0.08302824267782427], ""optimizer"": [0.12146966527196652, 0.07727510460251046, 0.24280857740585773, 0.17010983263598325, 0.20279811715481172, 0.010591004184100418, 0.08538179916317992, 0.08956589958158996]}",False,False,selu,success
