run_id,mode,family,mode_interpretation,budget,effective_ants,effective_iterations,effective_max_epochs,seed,iteration,ant_id,update_step,phase,hyperparameter,option_index,option_value,paper_label,pheromone,probability,run_status
paper_conventional-main-ants20-iterations5-epochs5-seed-43,paper_conventional,paper_faithful,iteration_based_paper_interpretation,main,20,5,5,43,1,,0,before_sampling,dense_units_1,0,16,16,1.0,0.125,success
paper_conventional-main-ants20-iterations5-epochs5-seed-43,paper_conventional,paper_faithful,iteration_based_paper_interpretation,main,20,5,5,43,1,,0,before_sampling,dense_units_1,1,32,32,1.0,0.125,success
paper_conventional-main-ants20-iterations5-epochs5-seed-43,paper_conventional,paper_faithful,iteration_based_paper_interpretation,main,20,5,5,43,1,,0,before_sampling,dense_units_1,2,64,64,1.0,0.125,success
paper_conventional-main-ants20-iterations5-epochs5-seed-43,paper_conventional,paper_faithful,iteration_based_paper_interpretation,main,20,5,5,43,1,,0,before_sampling,dense_units_1,3,128,128,1.0,0.125,success
paper_conventional-main-ants20-iterations5-epochs5-seed-43,paper_conventional,paper_faithful,iteration_based_paper_interpretation,main,20,5,5,43,1,,0,before_sampling,dense_units_1,4,256,256,1.0,0.125,success
paper_conventional-main-ants20-iterations5-epochs5-seed-43,paper_conventional,paper_faithful,iteration_based_paper_interpretation,main,20,5,5,43,1,,0,before_sampling,dense_units_1,5,512,512,1.0,0.125,success
paper_conventional-main-ants20-iterations5-epochs5-seed-43,paper_conventional,paper_faithful,iteration_based_paper_interpretation,main,20,5,5,43,1,,0,before_sampling,dense_units_1,6,1024,1024,1.0,0.125,success
paper_conventional-main-ants20-iterations5-epochs5-seed-43,paper_conventional,paper_faithful,iteration_based_paper_interpretation,main,20,5,5,43,1,,0,before_sampling,dense_units_1,7,2048,2048,1.0,0.125,success
paper_conventional-main-ants20-iterations5-epochs5-seed-43,paper_conventional,paper_faithful,iteration_based_paper_interpretation,main,20,5,5,43,1,,0,before_sampling,dense_units_2,0,16,16,1.0,0.125,success
paper_conventional-main-ants20-iterations5-epochs5-seed-43,paper_conventional,paper_faithful,iteration_based_paper_interpretation,main,20,5,5,43,1,,0,before_sampling,dense_units_2,1,32,32,1.0,0.125,success
paper_conventional-main-ants20-iterations5-epochs5-seed-43,paper_conventional,paper_faithful,iteration_based_paper_interpretation,main,20,5,5,43,1,,0,before_sampling,dense_units_2,2,64,64,1.0,0.125,success
paper_conventional-main-ants20-iterations5-epochs5-seed-43,paper_conventional,paper_faithful,iteration_based_paper_interpretation,main,20,5,5,43,1,,0,before_sampling,dense_units_2,3,128,128,1.0,0.125,success
paper_conventional-main-ants20-iterations5-epochs5-seed-43,paper_conventional,paper_faithful,iteration_based_paper_interpretation,main,20,5,5,43,1,,0,before_sampling,dense_units_2,4,256,256,1.0,0.125,success
paper_conventional-main-ants20-iterations5-epochs5-seed-43,paper_conventional,paper_faithful,iteration_based_paper_interpretation,main,20,5,5,43,1,,0,before_sampling,dense_units_2,5,512,512,1.0,0.125,success
paper_conventional-main-ants20-iterations5-epochs5-seed-43,paper_conventional,paper_faithful,iteration_based_paper_interpretation,main,20,5,5,43,1,,0,before_sampling,dense_units_2,6,1024,1024,1.0,0.125,success
paper_conventional-main-ants20-iterations5-epochs5-seed-43,paper_conventional,paper_faithful,iteration_based_paper_interpretation,main,20,5,5,43,1,,0,before_sampling,dense_units_2,7,2048,2048,1.0,0.125,success
paper_conventional-main-ants20-iterations5-epochs5-seed-43,paper_conventional,paper_faithful,iteration_based_paper_interpretation,main,20,5,5,43,1,,0,before_sampling,dropout_1,0,0.1,0.1,1.0,0.125,success
paper_conventional-main-ants20-iterations5-epochs5-seed-43,paper_conventional,paper_faithful,iteration_based_paper_interpretation,main,20,5,5,43,1,,0,before_sampling,dropout_1,1,0.2,0.2,1.0,0.125,success
paper_conventional-main-ants20-iterations5-epochs5-seed-43,paper_conventional,paper_faithful,iteration_based_paper_interpretation,main,20,5,5,43,1,,0,before_sampling,dropout_1,2,0.3,0.3,1.0,0.125,success
paper_conventional-main-ants20-iterations5-epochs5-seed-43,paper_conventional,paper_faithful,iteration_based_paper_interpretation,main,20,5,5,43,1,,0,before_sampling,dropout_1,3,0.4,0.4,1.0,0.125,success
paper_conventional-main-ants20-iterations5-epochs5-seed-43,paper_conventional,paper_faithful,iteration_based_paper_interpretation,main,20,5,5,43,1,,0,before_sampling,dropout_1,4,0.5,0.5,1.0,0.125,success
paper_conventional-main-ants20-iterations5-epochs5-seed-43,paper_conventional,paper_faithful,iteration_based_paper_interpretation,main,20,5,5,43,1,,0,before_sampling,dropout_1,5,0.6,0.6,1.0,0.125,success
paper_conventional-main-ants20-iterations5-epochs5-seed-43,paper_conventional,paper_faithful,iteration_based_paper_interpretation,main,20,5,5,43,1,,0,before_sampling,dropout_1,6,0.7,0.7,1.0,0.125,success
paper_conventional-main-ants20-iterations5-epochs5-seed-43,paper_conventional,paper_faithful,iteration_based_paper_interpretation,main,20,5,5,43,1,,0,before_sampling,dropout_1,7,0.8,0.8,1.0,0.125,success
paper_conventional-main-ants20-iterations5-epochs5-seed-43,paper_conventional,paper_faithful,iteration_based_paper_interpretation,main,20,5,5,43,1,,0,before_sampling,dropout_2,0,0.1,0.1,1.0,0.125,success
paper_conventional-main-ants20-iterations5-epochs5-seed-43,paper_conventional,paper_faithful,iteration_based_paper_interpretation,main,20,5,5,43,1,,0,before_sampling,dropout_2,1,0.2,0.2,1.0,0.125,success
paper_conventional-main-ants20-iterations5-epochs5-seed-43,paper_conventional,paper_faithful,iteration_based_paper_interpretation,main,20,5,5,43,1,,0,before_sampling,dropout_2,2,0.3,0.3,1.0,0.125,success
paper_conventional-main-ants20-iterations5-epochs5-seed-43,paper_conventional,paper_faithful,iteration_based_paper_interpretation,main,20,5,5,43,1,,0,before_sampling,dropout_2,3,0.4,0.4,1.0,0.125,success
paper_conventional-main-ants20-iterations5-epochs5-seed-43,paper_conventional,paper_faithful,iteration_based_paper_interpretation,main,20,5,5,43,1,,0,before_sampling,dropout_2,4,0.5,0.5,1.0,0.125,success
paper_conventional-main-ants20-iterations5-epochs5-seed-43,paper_conventional,paper_faithful,iteration_based_paper_interpretation,main,20,5,5,43,1,,0,before_sampling,dropout_2,5,0.6,0.6,1.0,0.125,success
paper_conventional-main-ants20-iterations5-epochs5-seed-43,paper_conventional,paper_faithful,iteration_based_paper_interpretation,main,20,5,5,43,1,,0,before_sampling,dropout_2,6,0.7,0.7,1.0,0.125,success
paper_conventional-main-ants20-iterations5-epochs5-seed-43,paper_conventional,paper_faithful,iteration_based_paper_interpretation,main,20,5,5,43,1,,0,before_sampling,dropout_2,7,0.8,0.8,1.0,0.125,success
paper_conventional-main-ants20-iterations5-epochs5-seed-43,paper_conventional,paper_faithful,iteration_based_paper_interpretation,main,20,5,5,43,1,,0,before_sampling,batch_size,0,16,16,1.0,0.125,success
paper_conventional-main-ants20-iterations5-epochs5-seed-43,paper_conventional,paper_faithful,iteration_based_paper_interpretation,main,20,5,5,43,1,,0,before_sampling,batch_size,1,32,32,1.0,0.125,success
paper_conventional-main-ants20-iterations5-epochs5-seed-43,paper_conventional,paper_faithful,iteration_based_paper_interpretation,main,20,5,5,43,1,,0,before_sampling,batch_size,2,64,64,1.0,0.125,success
paper_conventional-main-ants20-iterations5-epochs5-seed-43,paper_conventional,paper_faithful,iteration_based_paper_interpretation,main,20,5,5,43,1,,0,before_sampling,batch_size,3,128,128,1.0,0.125,success
paper_conventional-main-ants20-iterations5-epochs5-seed-43,paper_conventional,paper_faithful,iteration_based_paper_interpretation,main,20,5,5,43,1,,0,before_sampling,batch_size,4,256,256,1.0,0.125,success
paper_conventional-main-ants20-iterations5-epochs5-seed-43,paper_conventional,paper_faithful,iteration_based_paper_interpretation,main,20,5,5,43,1,,0,before_sampling,batch_size,5,512,512,1.0,0.125,success
paper_conventional-main-ants20-iterations5-epochs5-seed-43,paper_conventional,paper_faithful,iteration_based_paper_interpretation,main,20,5,5,43,1,,0,before_sampling,batch_size,6,1024,1024,1.0,0.125,success
paper_conventional-main-ants20-iterations5-epochs5-seed-43,paper_conventional,paper_faithful,iteration_based_paper_interpretation,main,20,5,5,43,1,,0,before_sampling,batch_size,7,2048,2048,1.0,0.125,success
paper_conventional-main-ants20-iterations5-epochs5-seed-43,paper_conventional,paper_faithful,iteration_based_paper_interpretation,main,20,5,5,43,1,,0,before_sampling,activation,0,"""relu""","""relu""",1.0,0.125,success
paper_conventional-main-ants20-iterations5-epochs5-seed-43,paper_conventional,paper_faithful,iteration_based_paper_interpretation,main,20,5,5,43,1,,0,before_sampling,activation,1,"""sigmoid""","""sigmoid""",1.0,0.125,success
paper_conventional-main-ants20-iterations5-epochs5-seed-43,paper_conventional,paper_faithful,iteration_based_paper_interpretation,main,20,5,5,43,1,,0,before_sampling,activation,2,"""softplus""","""softplus""",1.0,0.125,success
paper_conventional-main-ants20-iterations5-epochs5-seed-43,paper_conventional,paper_faithful,iteration_based_paper_interpretation,main,20,5,5,43,1,,0,before_sampling,activation,3,"""softsign""","""softsign""",1.0,0.125,success
paper_conventional-main-ants20-iterations5-epochs5-seed-43,paper_conventional,paper_faithful,iteration_based_paper_interpretation,main,20,5,5,43,1,,0,before_sampling,activation,4,"""tanh""","""tanh""",1.0,0.125,success
paper_conventional-main-ants20-iterations5-epochs5-seed-43,paper_conventional,paper_faithful,iteration_based_paper_interpretation,main,20,5,5,43,1,,0,before_sampling,activation,5,"""selu""","""selu""",1.0,0.125,success
paper_conventional-main-ants20-iterations5-epochs5-seed-43,paper_conventional,paper_faithful,iteration_based_paper_interpretation,main,20,5,5,43,1,,0,before_sampling,activation,6,"""gelu""","""gelu""",1.0,0.125,success
paper_conventional-main-ants20-iterations5-epochs5-seed-43,paper_conventional,paper_faithful,iteration_based_paper_interpretation,main,20,5,5,43,1,,0,before_sampling,activation,7,"""linear""","""linier""",1.0,0.125,success
paper_conventional-main-ants20-iterations5-epochs5-seed-43,paper_conventional,paper_faithful,iteration_based_paper_interpretation,main,20,5,5,43,1,,0,before_sampling,optimizer,0,"""adam""","""adam""",1.0,0.125,success
paper_conventional-main-ants20-iterations5-epochs5-seed-43,paper_conventional,paper_faithful,iteration_based_paper_interpretation,main,20,5,5,43,1,,0,before_sampling,optimizer,1,"""rmsprop""","""rmsprop""",1.0,0.125,success
paper_conventional-main-ants20-iterations5-epochs5-seed-43,paper_conventional,paper_faithful,iteration_based_paper_interpretation,main,20,5,5,43,1,,0,before_sampling,optimizer,2,"""sgd""","""sgd""",1.0,0.125,success
paper_conventional-main-ants20-iterations5-epochs5-seed-43,paper_conventional,paper_faithful,iteration_based_paper_interpretation,main,20,5,5,43,1,,0,before_sampling,optimizer,3,"""adadelta""","""adadelta""",1.0,0.125,success
paper_conventional-main-ants20-iterations5-epochs5-seed-43,paper_conventional,paper_faithful,iteration_based_paper_interpretation,main,20,5,5,43,1,,0,before_sampling,optimizer,4,"""adagrad""","""adagrad""",1.0,0.125,success
paper_conventional-main-ants20-iterations5-epochs5-seed-43,paper_conventional,paper_faithful,iteration_based_paper_interpretation,main,20,5,5,43,1,,0,before_sampling,optimizer,5,"""adamax""","""adamax""",1.0,0.125,success
paper_conventional-main-ants20-iterations5-epochs5-seed-43,paper_conventional,paper_faithful,iteration_based_paper_interpretation,main,20,5,5,43,1,,0,before_sampling,optimizer,6,"""ftrl""","""ftrl""",1.0,0.125,success
paper_conventional-main-ants20-iterations5-epochs5-seed-43,paper_conventional,paper_faithful,iteration_based_paper_interpretation,main,20,5,5,43,1,,0,before_sampling,optimizer,7,"""nadam""","""nadam""",1.0,0.125,success
paper_conventional-main-ants20-iterations5-epochs5-seed-43,paper_conventional,paper_faithful,iteration_based_paper_interpretation,main,20,5,5,43,1,,0,before_sampling,loss,0,"""sparse_categorical_crossentropy""","""sparse_categorical_crossentropy""",1.0,0.125,success
paper_conventional-main-ants20-iterations5-epochs5-seed-43,paper_conventional,paper_faithful,iteration_based_paper_interpretation,main,20,5,5,43,1,,0,before_sampling,loss,1,"""categorical_crossentropy""","""categorical_crossentropy""",1.0,0.125,success
paper_conventional-main-ants20-iterations5-epochs5-seed-43,paper_conventional,paper_faithful,iteration_based_paper_interpretation,main,20,5,5,43,1,,0,before_sampling,loss,2,"""binary_crossentropy""","""binary_crossentropy""",1.0,0.125,success
paper_conventional-main-ants20-iterations5-epochs5-seed-43,paper_conventional,paper_faithful,iteration_based_paper_interpretation,main,20,5,5,43,1,,0,before_sampling,loss,3,"""mean_absolute_error""","""mean_absolute_error""",1.0,0.125,success
paper_conventional-main-ants20-iterations5-epochs5-seed-43,paper_conventional,paper_faithful,iteration_based_paper_interpretation,main,20,5,5,43,1,,0,before_sampling,loss,4,"""mean_squared_error""","""mean_squared_error""",1.0,0.125,success
paper_conventional-main-ants20-iterations5-epochs5-seed-43,paper_conventional,paper_faithful,iteration_based_paper_interpretation,main,20,5,5,43,1,,0,before_sampling,loss,5,"""squared_hinge""","""squared_hinge""",1.0,0.125,success
paper_conventional-main-ants20-iterations5-epochs5-seed-43,paper_conventional,paper_faithful,iteration_based_paper_interpretation,main,20,5,5,43,1,,0,before_sampling,loss,6,"""categorical_hinge""","""categorical_hinge""",1.0,0.125,success
paper_conventional-main-ants20-iterations5-epochs5-seed-43,paper_conventional,paper_faithful,iteration_based_paper_interpretation,main,20,5,5,43,1,,0,before_sampling,loss,7,"""cosine_similarity""","""cosine_similarity""",1.0,0.125,success
paper_conventional-main-ants20-iterations5-epochs5-seed-43,paper_conventional,paper_faithful,iteration_based_paper_interpretation,main,20,5,5,43,1,,1,after_update,dense_units_1,0,16,16,1.75,0.109375,success
paper_conventional-main-ants20-iterations5-epochs5-seed-43,paper_conventional,paper_faithful,iteration_based_paper_interpretation,main,20,5,5,43,1,,1,after_update,dense_units_1,1,32,32,1.25,0.078125,success
paper_conventional-main-ants20-iterations5-epochs5-seed-43,paper_conventional,paper_faithful,iteration_based_paper_interpretation,main,20,5,5,43,1,,1,after_update,dense_units_1,2,64,64,1.75,0.109375,success
paper_conventional-main-ants20-iterations5-epochs5-seed-43,paper_conventional,paper_faithful,iteration_based_paper_interpretation,main,20,5,5,43,1,,1,after_update,dense_units_1,3,128,128,3.75,0.234375,success
paper_conventional-main-ants20-iterations5-epochs5-seed-43,paper_conventional,paper_faithful,iteration_based_paper_interpretation,main,20,5,5,43,1,,1,after_update,dense_units_1,4,256,256,1.75,0.109375,success
paper_conventional-main-ants20-iterations5-epochs5-seed-43,paper_conventional,paper_faithful,iteration_based_paper_interpretation,main,20,5,5,43,1,,1,after_update,dense_units_1,5,512,512,2.75,0.171875,success
paper_conventional-main-ants20-iterations5-epochs5-seed-43,paper_conventional,paper_faithful,iteration_based_paper_interpretation,main,20,5,5,43,1,,1,after_update,dense_units_1,6,1024,1024,0.75,0.046875,success
paper_conventional-main-ants20-iterations5-epochs5-seed-43,paper_conventional,paper_faithful,iteration_based_paper_interpretation,main,20,5,5,43,1,,1,after_update,dense_units_1,7,2048,2048,2.25,0.140625,success
paper_conventional-main-ants20-iterations5-epochs5-seed-43,paper_conventional,paper_faithful,iteration_based_paper_interpretation,main,20,5,5,43,1,,1,after_update,dense_units_2,0,16,16,3.25,0.203125,success
paper_conventional-main-ants20-iterations5-epochs5-seed-43,paper_conventional,paper_faithful,iteration_based_paper_interpretation,main,20,5,5,43,1,,1,after_update,dense_units_2,1,32,32,1.75,0.109375,success
paper_conventional-main-ants20-iterations5-epochs5-seed-43,paper_conventional,paper_faithful,iteration_based_paper_interpretation,main,20,5,5,43,1,,1,after_update,dense_units_2,2,64,64,1.25,0.078125,success
paper_conventional-main-ants20-iterations5-epochs5-seed-43,paper_conventional,paper_faithful,iteration_based_paper_interpretation,main,20,5,5,43,1,,1,after_update,dense_units_2,3,128,128,2.75,0.171875,success
paper_conventional-main-ants20-iterations5-epochs5-seed-43,paper_conventional,paper_faithful,iteration_based_paper_interpretation,main,20,5,5,43,1,,1,after_update,dense_units_2,4,256,256,2.25,0.140625,success
paper_conventional-main-ants20-iterations5-epochs5-seed-43,paper_conventional,paper_faithful,iteration_based_paper_interpretation,main,20,5,5,43,1,,1,after_update,dense_units_2,5,512,512,1.25,0.078125,success
paper_conventional-main-ants20-iterations5-epochs5-seed-43,paper_conventional,paper_faithful,iteration_based_paper_interpretation,main,20,5,5,43,1,,1,after_update,dense_units_2,6,1024,1024,1.25,0.078125,success
paper_conventional-main-ants20-iterations5-epochs5-seed-43,paper_conventional,paper_faithful,iteration_based_paper_interpretation,main,20,5,5,43,1,,1,after_update,dense_units_2,7,2048,2048,2.25,0.140625,success
paper_conventional-main-ants20-iterations5-epochs5-seed-43,paper_conventional,paper_faithful,iteration_based_paper_interpretation,main,20,5,5,43,1,,1,after_update,dropout_1,0,0.1,0.1,1.75,0.109375,success
paper_conventional-main-ants20-iterations5-epochs5-seed-43,paper_conventional,paper_faithful,iteration_based_paper_interpretation,main,20,5,5,43,1,,1,after_update,dropout_1,1,0.2,0.2,1.75,0.109375,success
paper_conventional-main-ants20-iterations5-epochs5-seed-43,paper_conventional,paper_faithful,iteration_based_paper_interpretation,main,20,5,5,43,1,,1,after_update,dropout_1,2,0.3,0.3,1.25,0.078125,success
paper_conventional-main-ants20-iterations5-epochs5-seed-43,paper_conventional,paper_faithful,iteration_based_paper_interpretation,main,20,5,5,43,1,,1,after_update,dropout_1,3,0.4,0.4,0.75,0.046875,success
paper_conventional-main-ants20-iterations5-epochs5-seed-43,paper_conventional,paper_faithful,iteration_based_paper_interpretation,main,20,5,5,43,1,,1,after_update,dropout_1,4,0.5,0.5,2.25,0.140625,success
paper_conventional-main-ants20-iterations5-epochs5-seed-43,paper_conventional,paper_faithful,iteration_based_paper_interpretation,main,20,5,5,43,1,,1,after_update,dropout_1,5,0.6,0.6,2.75,0.171875,success
paper_conventional-main-ants20-iterations5-epochs5-seed-43,paper_conventional,paper_faithful,iteration_based_paper_interpretation,main,20,5,5,43,1,,1,after_update,dropout_1,6,0.7,0.7,1.75,0.109375,success
paper_conventional-main-ants20-iterations5-epochs5-seed-43,paper_conventional,paper_faithful,iteration_based_paper_interpretation,main,20,5,5,43,1,,1,after_update,dropout_1,7,0.8,0.8,3.75,0.234375,success
paper_conventional-main-ants20-iterations5-epochs5-seed-43,paper_conventional,paper_faithful,iteration_based_paper_interpretation,main,20,5,5,43,1,,1,after_update,dropout_2,0,0.1,0.1,1.75,0.109375,success
paper_conventional-main-ants20-iterations5-epochs5-seed-43,paper_conventional,paper_faithful,iteration_based_paper_interpretation,main,20,5,5,43,1,,1,after_update,dropout_2,1,0.2,0.2,2.25,0.140625,success
paper_conventional-main-ants20-iterations5-epochs5-seed-43,paper_conventional,paper_faithful,iteration_based_paper_interpretation,main,20,5,5,43,1,,1,after_update,dropout_2,2,0.3,0.3,0.75,0.046875,success
paper_conventional-main-ants20-iterations5-epochs5-seed-43,paper_conventional,paper_faithful,iteration_based_paper_interpretation,main,20,5,5,43,1,,1,after_update,dropout_2,3,0.4,0.4,1.75,0.109375,success
paper_conventional-main-ants20-iterations5-epochs5-seed-43,paper_conventional,paper_faithful,iteration_based_paper_interpretation,main,20,5,5,43,1,,1,after_update,dropout_2,4,0.5,0.5,1.25,0.078125,success
paper_conventional-main-ants20-iterations5-epochs5-seed-43,paper_conventional,paper_faithful,iteration_based_paper_interpretation,main,20,5,5,43,1,,1,after_update,dropout_2,5,0.6,0.6,2.75,0.171875,success
paper_conventional-main-ants20-iterations5-epochs5-seed-43,paper_conventional,paper_faithful,iteration_based_paper_interpretation,main,20,5,5,43,1,,1,after_update,dropout_2,6,0.7,0.7,3.75,0.234375,success
paper_conventional-main-ants20-iterations5-epochs5-seed-43,paper_conventional,paper_faithful,iteration_based_paper_interpretation,main,20,5,5,43,1,,1,after_update,dropout_2,7,0.8,0.8,1.75,0.109375,success
paper_conventional-main-ants20-iterations5-epochs5-seed-43,paper_conventional,paper_faithful,iteration_based_paper_interpretation,main,20,5,5,43,1,,1,after_update,batch_size,0,16,16,0.75,0.046875,success
paper_conventional-main-ants20-iterations5-epochs5-seed-43,paper_conventional,paper_faithful,iteration_based_paper_interpretation,main,20,5,5,43,1,,1,after_update,batch_size,1,32,32,1.25,0.078125,success
paper_conventional-main-ants20-iterations5-epochs5-seed-43,paper_conventional,paper_faithful,iteration_based_paper_interpretation,main,20,5,5,43,1,,1,after_update,batch_size,2,64,64,2.25,0.140625,success
paper_conventional-main-ants20-iterations5-epochs5-seed-43,paper_conventional,paper_faithful,iteration_based_paper_interpretation,main,20,5,5,43,1,,1,after_update,batch_size,3,128,128,2.25,0.140625,success
paper_conventional-main-ants20-iterations5-epochs5-seed-43,paper_conventional,paper_faithful,iteration_based_paper_interpretation,main,20,5,5,43,1,,1,after_update,batch_size,4,256,256,3.25,0.203125,success
paper_conventional-main-ants20-iterations5-epochs5-seed-43,paper_conventional,paper_faithful,iteration_based_paper_interpretation,main,20,5,5,43,1,,1,after_update,batch_size,5,512,512,1.25,0.078125,success
paper_conventional-main-ants20-iterations5-epochs5-seed-43,paper_conventional,paper_faithful,iteration_based_paper_interpretation,main,20,5,5,43,1,,1,after_update,batch_size,6,1024,1024,3.25,0.203125,success
paper_conventional-main-ants20-iterations5-epochs5-seed-43,paper_conventional,paper_faithful,iteration_based_paper_interpretation,main,20,5,5,43,1,,1,after_update,batch_size,7,2048,2048,1.75,0.109375,success
paper_conventional-main-ants20-iterations5-epochs5-seed-43,paper_conventional,paper_faithful,iteration_based_paper_interpretation,main,20,5,5,43,1,,1,after_update,activation,0,"""relu""","""relu""",1.25,0.078125,success
paper_conventional-main-ants20-iterations5-epochs5-seed-43,paper_conventional,paper_faithful,iteration_based_paper_interpretation,main,20,5,5,43,1,,1,after_update,activation,1,"""sigmoid""","""sigmoid""",2.75,0.171875,success
paper_conventional-main-ants20-iterations5-epochs5-seed-43,paper_conventional,paper_faithful,iteration_based_paper_interpretation,main,20,5,5,43,1,,1,after_update,activation,2,"""softplus""","""softplus""",2.75,0.171875,success
paper_conventional-main-ants20-iterations5-epochs5-seed-43,paper_conventional,paper_faithful,iteration_based_paper_interpretation,main,20,5,5,43,1,,1,after_update,activation,3,"""softsign""","""softsign""",2.25,0.140625,success
paper_conventional-main-ants20-iterations5-epochs5-seed-43,paper_conventional,paper_faithful,iteration_based_paper_interpretation,main,20,5,5,43,1,,1,after_update,activation,4,"""tanh""","""tanh""",1.75,0.109375,success
paper_conventional-main-ants20-iterations5-epochs5-seed-43,paper_conventional,paper_faithful,iteration_based_paper_interpretation,main,20,5,5,43,1,,1,after_update,activation,5,"""selu""","""selu""",2.25,0.140625,success
paper_conventional-main-ants20-iterations5-epochs5-seed-43,paper_conventional,paper_faithful,iteration_based_paper_interpretation,main,20,5,5,43,1,,1,after_update,activation,6,"""gelu""","""gelu""",1.25,0.078125,success
paper_conventional-main-ants20-iterations5-epochs5-seed-43,paper_conventional,paper_faithful,iteration_based_paper_interpretation,main,20,5,5,43,1,,1,after_update,activation,7,"""linear""","""linier""",1.75,0.109375,success
paper_conventional-main-ants20-iterations5-epochs5-seed-43,paper_conventional,paper_faithful,iteration_based_paper_interpretation,main,20,5,5,43,1,,1,after_update,optimizer,0,"""adam""","""adam""",2.75,0.171875,success
paper_conventional-main-ants20-iterations5-epochs5-seed-43,paper_conventional,paper_faithful,iteration_based_paper_interpretation,main,20,5,5,43,1,,1,after_update,optimizer,1,"""rmsprop""","""rmsprop""",1.25,0.078125,success
paper_conventional-main-ants20-iterations5-epochs5-seed-43,paper_conventional,paper_faithful,iteration_based_paper_interpretation,main,20,5,5,43,1,,1,after_update,optimizer,2,"""sgd""","""sgd""",2.75,0.171875,success
paper_conventional-main-ants20-iterations5-epochs5-seed-43,paper_conventional,paper_faithful,iteration_based_paper_interpretation,main,20,5,5,43,1,,1,after_update,optimizer,3,"""adadelta""","""adadelta""",1.75,0.109375,success
paper_conventional-main-ants20-iterations5-epochs5-seed-43,paper_conventional,paper_faithful,iteration_based_paper_interpretation,main,20,5,5,43,1,,1,after_update,optimizer,4,"""adagrad""","""adagrad""",3.25,0.203125,success
paper_conventional-main-ants20-iterations5-epochs5-seed-43,paper_conventional,paper_faithful,iteration_based_paper_interpretation,main,20,5,5,43,1,,1,after_update,optimizer,5,"""adamax""","""adamax""",0.75,0.046875,success
paper_conventional-main-ants20-iterations5-epochs5-seed-43,paper_conventional,paper_faithful,iteration_based_paper_interpretation,main,20,5,5,43,1,,1,after_update,optimizer,6,"""ftrl""","""ftrl""",1.75,0.109375,success
paper_conventional-main-ants20-iterations5-epochs5-seed-43,paper_conventional,paper_faithful,iteration_based_paper_interpretation,main,20,5,5,43,1,,1,after_update,optimizer,7,"""nadam""","""nadam""",1.75,0.109375,success
paper_conventional-main-ants20-iterations5-epochs5-seed-43,paper_conventional,paper_faithful,iteration_based_paper_interpretation,main,20,5,5,43,1,,1,after_update,loss,0,"""sparse_categorical_crossentropy""","""sparse_categorical_crossentropy""",1.75,0.109375,success
paper_conventional-main-ants20-iterations5-epochs5-seed-43,paper_conventional,paper_faithful,iteration_based_paper_interpretation,main,20,5,5,43,1,,1,after_update,loss,1,"""categorical_crossentropy""","""categorical_crossentropy""",1.25,0.078125,success
paper_conventional-main-ants20-iterations5-epochs5-seed-43,paper_conventional,paper_faithful,iteration_based_paper_interpretation,main,20,5,5,43,1,,1,after_update,loss,2,"""binary_crossentropy""","""binary_crossentropy""",2.75,0.171875,success
paper_conventional-main-ants20-iterations5-epochs5-seed-43,paper_conventional,paper_faithful,iteration_based_paper_interpretation,main,20,5,5,43,1,,1,after_update,loss,3,"""mean_absolute_error""","""mean_absolute_error""",1.75,0.109375,success
paper_conventional-main-ants20-iterations5-epochs5-seed-43,paper_conventional,paper_faithful,iteration_based_paper_interpretation,main,20,5,5,43,1,,1,after_update,loss,4,"""mean_squared_error""","""mean_squared_error""",2.25,0.140625,success
paper_conventional-main-ants20-iterations5-epochs5-seed-43,paper_conventional,paper_faithful,iteration_based_paper_interpretation,main,20,5,5,43,1,,1,after_update,loss,5,"""squared_hinge""","""squared_hinge""",1.75,0.109375,success
paper_conventional-main-ants20-iterations5-epochs5-seed-43,paper_conventional,paper_faithful,iteration_based_paper_interpretation,main,20,5,5,43,1,,1,after_update,loss,6,"""categorical_hinge""","""categorical_hinge""",2.25,0.140625,success
paper_conventional-main-ants20-iterations5-epochs5-seed-43,paper_conventional,paper_faithful,iteration_based_paper_interpretation,main,20,5,5,43,1,,1,after_update,loss,7,"""cosine_similarity""","""cosine_similarity""",2.25,0.140625,success
paper_conventional-main-ants20-iterations5-epochs5-seed-43,paper_conventional,paper_faithful,iteration_based_paper_interpretation,main,20,5,5,43,2,,2,before_sampling,dense_units_1,0,16,16,1.75,0.109375,success
paper_conventional-main-ants20-iterations5-epochs5-seed-43,paper_conventional,paper_faithful,iteration_based_paper_interpretation,main,20,5,5,43,2,,2,before_sampling,dense_units_1,1,32,32,1.25,0.078125,success
paper_conventional-main-ants20-iterations5-epochs5-seed-43,paper_conventional,paper_faithful,iteration_based_paper_interpretation,main,20,5,5,43,2,,2,before_sampling,dense_units_1,2,64,64,1.75,0.109375,success
paper_conventional-main-ants20-iterations5-epochs5-seed-43,paper_conventional,paper_faithful,iteration_based_paper_interpretation,main,20,5,5,43,2,,2,before_sampling,dense_units_1,3,128,128,3.75,0.234375,success
paper_conventional-main-ants20-iterations5-epochs5-seed-43,paper_conventional,paper_faithful,iteration_based_paper_interpretation,main,20,5,5,43,2,,2,before_sampling,dense_units_1,4,256,256,1.75,0.109375,success
paper_conventional-main-ants20-iterations5-epochs5-seed-43,paper_conventional,paper_faithful,iteration_based_paper_interpretation,main,20,5,5,43,2,,2,before_sampling,dense_units_1,5,512,512,2.75,0.171875,success
paper_conventional-main-ants20-iterations5-epochs5-seed-43,paper_conventional,paper_faithful,iteration_based_paper_interpretation,main,20,5,5,43,2,,2,before_sampling,dense_units_1,6,1024,1024,0.75,0.046875,success
paper_conventional-main-ants20-iterations5-epochs5-seed-43,paper_conventional,paper_faithful,iteration_based_paper_interpretation,main,20,5,5,43,2,,2,before_sampling,dense_units_1,7,2048,2048,2.25,0.140625,success
paper_conventional-main-ants20-iterations5-epochs5-seed-43,paper_conventional,paper_faithful,iteration_based_paper_interpretation,main,20,5,5,43,2,,2,before_sampling,dense_units_2,0,16,16,3.25,0.203125,success
paper_conventional-main-ants20-iterations5-epochs5-seed-43,paper_conventional,paper_faithful,iteration_based_paper_interpretation,main,20,5,5,43,2,,2,before_sampling,dense_units_2,1,32,32,1.75,0.109375,success
paper_conventional-main-ants20-iterations5-epochs5-seed-43,paper_conventional,paper_faithful,iteration_based_paper_interpretation,main,20,5,5,43,2,,2,before_sampling,dense_units_2,2,64,64,1.25,0.078125,success
paper_conventional-main-ants20-iterations5-epochs5-seed-43,paper_conventional,paper_faithful,iteration_based_paper_interpretation,main,20,5,5,43,2,,2,before_sampling,dense_units_2,3,128,128,2.75,0.171875,success
paper_conventional-main-ants20-iterations5-epochs5-seed-43,paper_conventional,paper_faithful,iteration_based_paper_interpretation,main,20,5,5,43,2,,2,before_sampling,dense_units_2,4,256,256,2.25,0.140625,success
paper_conventional-main-ants20-iterations5-epochs5-seed-43,paper_conventional,paper_faithful,iteration_based_paper_interpretation,main,20,5,5,43,2,,2,before_sampling,dense_units_2,5,512,512,1.25,0.078125,success
paper_conventional-main-ants20-iterations5-epochs5-seed-43,paper_conventional,paper_faithful,iteration_based_paper_interpretation,main,20,5,5,43,2,,2,before_sampling,dense_units_2,6,1024,1024,1.25,0.078125,success
paper_conventional-main-ants20-iterations5-epochs5-seed-43,paper_conventional,paper_faithful,iteration_based_paper_interpretation,main,20,5,5,43,2,,2,before_sampling,dense_units_2,7,2048,2048,2.25,0.140625,success
paper_conventional-main-ants20-iterations5-epochs5-seed-43,paper_conventional,paper_faithful,iteration_based_paper_interpretation,main,20,5,5,43,2,,2,before_sampling,dropout_1,0,0.1,0.1,1.75,0.109375,success
paper_conventional-main-ants20-iterations5-epochs5-seed-43,paper_conventional,paper_faithful,iteration_based_paper_interpretation,main,20,5,5,43,2,,2,before_sampling,dropout_1,1,0.2,0.2,1.75,0.109375,success
paper_conventional-main-ants20-iterations5-epochs5-seed-43,paper_conventional,paper_faithful,iteration_based_paper_interpretation,main,20,5,5,43,2,,2,before_sampling,dropout_1,2,0.3,0.3,1.25,0.078125,success
paper_conventional-main-ants20-iterations5-epochs5-seed-43,paper_conventional,paper_faithful,iteration_based_paper_interpretation,main,20,5,5,43,2,,2,before_sampling,dropout_1,3,0.4,0.4,0.75,0.046875,success
paper_conventional-main-ants20-iterations5-epochs5-seed-43,paper_conventional,paper_faithful,iteration_based_paper_interpretation,main,20,5,5,43,2,,2,before_sampling,dropout_1,4,0.5,0.5,2.25,0.140625,success
paper_conventional-main-ants20-iterations5-epochs5-seed-43,paper_conventional,paper_faithful,iteration_based_paper_interpretation,main,20,5,5,43,2,,2,before_sampling,dropout_1,5,0.6,0.6,2.75,0.171875,success
paper_conventional-main-ants20-iterations5-epochs5-seed-43,paper_conventional,paper_faithful,iteration_based_paper_interpretation,main,20,5,5,43,2,,2,before_sampling,dropout_1,6,0.7,0.7,1.75,0.109375,success
paper_conventional-main-ants20-iterations5-epochs5-seed-43,paper_conventional,paper_faithful,iteration_based_paper_interpretation,main,20,5,5,43,2,,2,before_sampling,dropout_1,7,0.8,0.8,3.75,0.234375,success
paper_conventional-main-ants20-iterations5-epochs5-seed-43,paper_conventional,paper_faithful,iteration_based_paper_interpretation,main,20,5,5,43,2,,2,before_sampling,dropout_2,0,0.1,0.1,1.75,0.109375,success
paper_conventional-main-ants20-iterations5-epochs5-seed-43,paper_conventional,paper_faithful,iteration_based_paper_interpretation,main,20,5,5,43,2,,2,before_sampling,dropout_2,1,0.2,0.2,2.25,0.140625,success
paper_conventional-main-ants20-iterations5-epochs5-seed-43,paper_conventional,paper_faithful,iteration_based_paper_interpretation,main,20,5,5,43,2,,2,before_sampling,dropout_2,2,0.3,0.3,0.75,0.046875,success
paper_conventional-main-ants20-iterations5-epochs5-seed-43,paper_conventional,paper_faithful,iteration_based_paper_interpretation,main,20,5,5,43,2,,2,before_sampling,dropout_2,3,0.4,0.4,1.75,0.109375,success
paper_conventional-main-ants20-iterations5-epochs5-seed-43,paper_conventional,paper_faithful,iteration_based_paper_interpretation,main,20,5,5,43,2,,2,before_sampling,dropout_2,4,0.5,0.5,1.25,0.078125,success
paper_conventional-main-ants20-iterations5-epochs5-seed-43,paper_conventional,paper_faithful,iteration_based_paper_interpretation,main,20,5,5,43,2,,2,before_sampling,dropout_2,5,0.6,0.6,2.75,0.171875,success
paper_conventional-main-ants20-iterations5-epochs5-seed-43,paper_conventional,paper_faithful,iteration_based_paper_interpretation,main,20,5,5,43,2,,2,before_sampling,dropout_2,6,0.7,0.7,3.75,0.234375,success
paper_conventional-main-ants20-iterations5-epochs5-seed-43,paper_conventional,paper_faithful,iteration_based_paper_interpretation,main,20,5,5,43,2,,2,before_sampling,dropout_2,7,0.8,0.8,1.75,0.109375,success
paper_conventional-main-ants20-iterations5-epochs5-seed-43,paper_conventional,paper_faithful,iteration_based_paper_interpretation,main,20,5,5,43,2,,2,before_sampling,batch_size,0,16,16,0.75,0.046875,success
paper_conventional-main-ants20-iterations5-epochs5-seed-43,paper_conventional,paper_faithful,iteration_based_paper_interpretation,main,20,5,5,43,2,,2,before_sampling,batch_size,1,32,32,1.25,0.078125,success
paper_conventional-main-ants20-iterations5-epochs5-seed-43,paper_conventional,paper_faithful,iteration_based_paper_interpretation,main,20,5,5,43,2,,2,before_sampling,batch_size,2,64,64,2.25,0.140625,success
paper_conventional-main-ants20-iterations5-epochs5-seed-43,paper_conventional,paper_faithful,iteration_based_paper_interpretation,main,20,5,5,43,2,,2,before_sampling,batch_size,3,128,128,2.25,0.140625,success
paper_conventional-main-ants20-iterations5-epochs5-seed-43,paper_conventional,paper_faithful,iteration_based_paper_interpretation,main,20,5,5,43,2,,2,before_sampling,batch_size,4,256,256,3.25,0.203125,success
paper_conventional-main-ants20-iterations5-epochs5-seed-43,paper_conventional,paper_faithful,iteration_based_paper_interpretation,main,20,5,5,43,2,,2,before_sampling,batch_size,5,512,512,1.25,0.078125,success
paper_conventional-main-ants20-iterations5-epochs5-seed-43,paper_conventional,paper_faithful,iteration_based_paper_interpretation,main,20,5,5,43,2,,2,before_sampling,batch_size,6,1024,1024,3.25,0.203125,success
paper_conventional-main-ants20-iterations5-epochs5-seed-43,paper_conventional,paper_faithful,iteration_based_paper_interpretation,main,20,5,5,43,2,,2,before_sampling,batch_size,7,2048,2048,1.75,0.109375,success
paper_conventional-main-ants20-iterations5-epochs5-seed-43,paper_conventional,paper_faithful,iteration_based_paper_interpretation,main,20,5,5,43,2,,2,before_sampling,activation,0,"""relu""","""relu""",1.25,0.078125,success
paper_conventional-main-ants20-iterations5-epochs5-seed-43,paper_conventional,paper_faithful,iteration_based_paper_interpretation,main,20,5,5,43,2,,2,before_sampling,activation,1,"""sigmoid""","""sigmoid""",2.75,0.171875,success
paper_conventional-main-ants20-iterations5-epochs5-seed-43,paper_conventional,paper_faithful,iteration_based_paper_interpretation,main,20,5,5,43,2,,2,before_sampling,activation,2,"""softplus""","""softplus""",2.75,0.171875,success
paper_conventional-main-ants20-iterations5-epochs5-seed-43,paper_conventional,paper_faithful,iteration_based_paper_interpretation,main,20,5,5,43,2,,2,before_sampling,activation,3,"""softsign""","""softsign""",2.25,0.140625,success
paper_conventional-main-ants20-iterations5-epochs5-seed-43,paper_conventional,paper_faithful,iteration_based_paper_interpretation,main,20,5,5,43,2,,2,before_sampling,activation,4,"""tanh""","""tanh""",1.75,0.109375,success
paper_conventional-main-ants20-iterations5-epochs5-seed-43,paper_conventional,paper_faithful,iteration_based_paper_interpretation,main,20,5,5,43,2,,2,before_sampling,activation,5,"""selu""","""selu""",2.25,0.140625,success
paper_conventional-main-ants20-iterations5-epochs5-seed-43,paper_conventional,paper_faithful,iteration_based_paper_interpretation,main,20,5,5,43,2,,2,before_sampling,activation,6,"""gelu""","""gelu""",1.25,0.078125,success
paper_conventional-main-ants20-iterations5-epochs5-seed-43,paper_conventional,paper_faithful,iteration_based_paper_interpretation,main,20,5,5,43,2,,2,before_sampling,activation,7,"""linear""","""linier""",1.75,0.109375,success
paper_conventional-main-ants20-iterations5-epochs5-seed-43,paper_conventional,paper_faithful,iteration_based_paper_interpretation,main,20,5,5,43,2,,2,before_sampling,optimizer,0,"""adam""","""adam""",2.75,0.171875,success
paper_conventional-main-ants20-iterations5-epochs5-seed-43,paper_conventional,paper_faithful,iteration_based_paper_interpretation,main,20,5,5,43,2,,2,before_sampling,optimizer,1,"""rmsprop""","""rmsprop""",1.25,0.078125,success
paper_conventional-main-ants20-iterations5-epochs5-seed-43,paper_conventional,paper_faithful,iteration_based_paper_interpretation,main,20,5,5,43,2,,2,before_sampling,optimizer,2,"""sgd""","""sgd""",2.75,0.171875,success
paper_conventional-main-ants20-iterations5-epochs5-seed-43,paper_conventional,paper_faithful,iteration_based_paper_interpretation,main,20,5,5,43,2,,2,before_sampling,optimizer,3,"""adadelta""","""adadelta""",1.75,0.109375,success
paper_conventional-main-ants20-iterations5-epochs5-seed-43,paper_conventional,paper_faithful,iteration_based_paper_interpretation,main,20,5,5,43,2,,2,before_sampling,optimizer,4,"""adagrad""","""adagrad""",3.25,0.203125,success
paper_conventional-main-ants20-iterations5-epochs5-seed-43,paper_conventional,paper_faithful,iteration_based_paper_interpretation,main,20,5,5,43,2,,2,before_sampling,optimizer,5,"""adamax""","""adamax""",0.75,0.046875,success
paper_conventional-main-ants20-iterations5-epochs5-seed-43,paper_conventional,paper_faithful,iteration_based_paper_interpretation,main,20,5,5,43,2,,2,before_sampling,optimizer,6,"""ftrl""","""ftrl""",1.75,0.109375,success
paper_conventional-main-ants20-iterations5-epochs5-seed-43,paper_conventional,paper_faithful,iteration_based_paper_interpretation,main,20,5,5,43,2,,2,before_sampling,optimizer,7,"""nadam""","""nadam""",1.75,0.109375,success
paper_conventional-main-ants20-iterations5-epochs5-seed-43,paper_conventional,paper_faithful,iteration_based_paper_interpretation,main,20,5,5,43,2,,2,before_sampling,loss,0,"""sparse_categorical_crossentropy""","""sparse_categorical_crossentropy""",1.75,0.109375,success
paper_conventional-main-ants20-iterations5-epochs5-seed-43,paper_conventional,paper_faithful,iteration_based_paper_interpretation,main,20,5,5,43,2,,2,before_sampling,loss,1,"""categorical_crossentropy""","""categorical_crossentropy""",1.25,0.078125,success
paper_conventional-main-ants20-iterations5-epochs5-seed-43,paper_conventional,paper_faithful,iteration_based_paper_interpretation,main,20,5,5,43,2,,2,before_sampling,loss,2,"""binary_crossentropy""","""binary_crossentropy""",2.75,0.171875,success
paper_conventional-main-ants20-iterations5-epochs5-seed-43,paper_conventional,paper_faithful,iteration_based_paper_interpretation,main,20,5,5,43,2,,2,before_sampling,loss,3,"""mean_absolute_error""","""mean_absolute_error""",1.75,0.109375,success
paper_conventional-main-ants20-iterations5-epochs5-seed-43,paper_conventional,paper_faithful,iteration_based_paper_interpretation,main,20,5,5,43,2,,2,before_sampling,loss,4,"""mean_squared_error""","""mean_squared_error""",2.25,0.140625,success
paper_conventional-main-ants20-iterations5-epochs5-seed-43,paper_conventional,paper_faithful,iteration_based_paper_interpretation,main,20,5,5,43,2,,2,before_sampling,loss,5,"""squared_hinge""","""squared_hinge""",1.75,0.109375,success
paper_conventional-main-ants20-iterations5-epochs5-seed-43,paper_conventional,paper_faithful,iteration_based_paper_interpretation,main,20,5,5,43,2,,2,before_sampling,loss,6,"""categorical_hinge""","""categorical_hinge""",2.25,0.140625,success
paper_conventional-main-ants20-iterations5-epochs5-seed-43,paper_conventional,paper_faithful,iteration_based_paper_interpretation,main,20,5,5,43,2,,2,before_sampling,loss,7,"""cosine_similarity""","""cosine_similarity""",2.25,0.140625,success
paper_conventional-main-ants20-iterations5-epochs5-seed-43,paper_conventional,paper_faithful,iteration_based_paper_interpretation,main,20,5,5,43,2,,3,after_update,dense_units_1,0,16,16,2.3125,0.10511363636363637,success
paper_conventional-main-ants20-iterations5-epochs5-seed-43,paper_conventional,paper_faithful,iteration_based_paper_interpretation,main,20,5,5,43,2,,3,after_update,dense_units_1,1,32,32,1.9375,0.08806818181818182,success
paper_conventional-main-ants20-iterations5-epochs5-seed-43,paper_conventional,paper_faithful,iteration_based_paper_interpretation,main,20,5,5,43,2,,3,after_update,dense_units_1,2,64,64,2.8125,0.1278409090909091,success
paper_conventional-main-ants20-iterations5-epochs5-seed-43,paper_conventional,paper_faithful,iteration_based_paper_interpretation,main,20,5,5,43,2,,3,after_update,dense_units_1,3,128,128,3.8125,0.17329545454545456,success
paper_conventional-main-ants20-iterations5-epochs5-seed-43,paper_conventional,paper_faithful,iteration_based_paper_interpretation,main,20,5,5,43,2,,3,after_update,dense_units_1,4,256,256,3.3125,0.15056818181818182,success
paper_conventional-main-ants20-iterations5-epochs5-seed-43,paper_conventional,paper_faithful,iteration_based_paper_interpretation,main,20,5,5,43,2,,3,after_update,dense_units_1,5,512,512,3.0625,0.13920454545454544,success
paper_conventional-main-ants20-iterations5-epochs5-seed-43,paper_conventional,paper_faithful,iteration_based_paper_interpretation,main,20,5,5,43,2,,3,after_update,dense_units_1,6,1024,1024,1.0625,0.048295454545454544,success
paper_conventional-main-ants20-iterations5-epochs5-seed-43,paper_conventional,paper_faithful,iteration_based_paper_interpretation,main,20,5,5,43,2,,3,after_update,dense_units_1,7,2048,2048,3.6875,0.16761363636363635,success
paper_conventional-main-ants20-iterations5-epochs5-seed-43,paper_conventional,paper_faithful,iteration_based_paper_interpretation,main,20,5,5,43,2,,3,after_update,dense_units_2,0,16,16,3.9375,0.17897727272727273,success
paper_conventional-main-ants20-iterations5-epochs5-seed-43,paper_conventional,paper_faithful,iteration_based_paper_interpretation,main,20,5,5,43,2,,3,after_update,dense_units_2,1,32,32,1.8125,0.08238636363636363,success
paper_conventional-main-ants20-iterations5-epochs5-seed-43,paper_conventional,paper_faithful,iteration_based_paper_interpretation,main,20,5,5,43,2,,3,after_update,dense_units_2,2,64,64,1.9375,0.08806818181818182,success
paper_conventional-main-ants20-iterations5-epochs5-seed-43,paper_conventional,paper_faithful,iteration_based_paper_interpretation,main,20,5,5,43,2,,3,after_update,dense_units_2,3,128,128,5.0625,0.23011363636363635,success
paper_conventional-main-ants20-iterations5-epochs5-seed-43,paper_conventional,paper_faithful,iteration_based_paper_interpretation,main,20,5,5,43,2,,3,after_update,dense_units_2,4,256,256,2.6875,0.12215909090909091,success
paper_conventional-main-ants20-iterations5-epochs5-seed-43,paper_conventional,paper_faithful,iteration_based_paper_interpretation,main,20,5,5,43,2,,3,after_update,dense_units_2,5,512,512,1.4375,0.06534090909090909,success
paper_conventional-main-ants20-iterations5-epochs5-seed-43,paper_conventional,paper_faithful,iteration_based_paper_interpretation,main,20,5,5,43,2,,3,after_update,dense_units_2,6,1024,1024,1.4375,0.06534090909090909,success
paper_conventional-main-ants20-iterations5-epochs5-seed-43,paper_conventional,paper_faithful,iteration_based_paper_interpretation,main,20,5,5,43,2,,3,after_update,dense_units_2,7,2048,2048,3.6875,0.16761363636363635,success
paper_conventional-main-ants20-iterations5-epochs5-seed-43,paper_conventional,paper_faithful,iteration_based_paper_interpretation,main,20,5,5,43,2,,3,after_update,dropout_1,0,0.1,0.1,1.8125,0.08238636363636363,success
paper_conventional-main-ants20-iterations5-epochs5-seed-43,paper_conventional,paper_faithful,iteration_based_paper_interpretation,main,20,5,5,43,2,,3,after_update,dropout_1,1,0.2,0.2,3.3125,0.15056818181818182,success
paper_conventional-main-ants20-iterations5-epochs5-seed-43,paper_conventional,paper_faithful,iteration_based_paper_interpretation,main,20,5,5,43,2,,3,after_update,dropout_1,2,0.3,0.3,1.4375,0.06534090909090909,success
paper_conventional-main-ants20-iterations5-epochs5-seed-43,paper_conventional,paper_faithful,iteration_based_paper_interpretation,main,20,5,5,43,2,,3,after_update,dropout_1,3,0.4,0.4,0.5625,0.02556818181818182,success
paper_conventional-main-ants20-iterations5-epochs5-seed-43,paper_conventional,paper_faithful,iteration_based_paper_interpretation,main,20,5,5,43,2,,3,after_update,dropout_1,4,0.5,0.5,3.1875,0.14488636363636365,success
paper_conventional-main-ants20-iterations5-epochs5-seed-43,paper_conventional,paper_faithful,iteration_based_paper_interpretation,main,20,5,5,43,2,,3,after_update,dropout_1,5,0.6,0.6,4.5625,0.20738636363636365,success
paper_conventional-main-ants20-iterations5-epochs5-seed-43,paper_conventional,paper_faithful,iteration_based_paper_interpretation,main,20,5,5,43,2,,3,after_update,dropout_1,6,0.7,0.7,1.8125,0.08238636363636363,success
paper_conventional-main-ants20-iterations5-epochs5-seed-43,paper_conventional,paper_faithful,iteration_based_paper_interpretation,main,20,5,5,43,2,,3,after_update,dropout_1,7,0.8,0.8,5.3125,0.24147727272727273,success
paper_conventional-main-ants20-iterations5-epochs5-seed-43,paper_conventional,paper_faithful,iteration_based_paper_interpretation,main,20,5,5,43,2,,3,after_update,dropout_2,0,0.1,0.1,2.8125,0.1278409090909091,success
paper_conventional-main-ants20-iterations5-epochs5-seed-43,paper_conventional,paper_faithful,iteration_based_paper_interpretation,main,20,5,5,43,2,,3,after_update,dropout_2,1,0.2,0.2,2.6875,0.12215909090909091,success
paper_conventional-main-ants20-iterations5-epochs5-seed-43,paper_conventional,paper_faithful,iteration_based_paper_interpretation,main,20,5,5,43,2,,3,after_update,dropout_2,2,0.3,0.3,0.5625,0.02556818181818182,success
paper_conventional-main-ants20-iterations5-epochs5-seed-43,paper_conventional,paper_faithful,iteration_based_paper_interpretation,main,20,5,5,43,2,,3,after_update,dropout_2,3,0.4,0.4,3.3125,0.15056818181818182,success
paper_conventional-main-ants20-iterations5-epochs5-seed-43,paper_conventional,paper_faithful,iteration_based_paper_interpretation,main,20,5,5,43,2,,3,after_update,dropout_2,4,0.5,0.5,1.9375,0.08806818181818182,success
paper_conventional-main-ants20-iterations5-epochs5-seed-43,paper_conventional,paper_faithful,iteration_based_paper_interpretation,main,20,5,5,43,2,,3,after_update,dropout_2,5,0.6,0.6,4.0625,0.1846590909090909,success
paper_conventional-main-ants20-iterations5-epochs5-seed-43,paper_conventional,paper_faithful,iteration_based_paper_interpretation,main,20,5,5,43,2,,3,after_update,dropout_2,6,0.7,0.7,4.3125,0.19602272727272727,success
paper_conventional-main-ants20-iterations5-epochs5-seed-43,paper_conventional,paper_faithful,iteration_based_paper_interpretation,main,20,5,5,43,2,,3,after_update,dropout_2,7,0.8,0.8,2.3125,0.10511363636363637,success
paper_conventional-main-ants20-iterations5-epochs5-seed-43,paper_conventional,paper_faithful,iteration_based_paper_interpretation,main,20,5,5,43,2,,3,after_update,batch_size,0,16,16,0.5625,0.02556818181818182,success
paper_conventional-main-ants20-iterations5-epochs5-seed-43,paper_conventional,paper_faithful,iteration_based_paper_interpretation,main,20,5,5,43,2,,3,after_update,batch_size,1,32,32,2.9375,0.13352272727272727,success
paper_conventional-main-ants20-iterations5-epochs5-seed-43,paper_conventional,paper_faithful,iteration_based_paper_interpretation,main,20,5,5,43,2,,3,after_update,batch_size,2,64,64,3.6875,0.16761363636363635,success
paper_conventional-main-ants20-iterations5-epochs5-seed-43,paper_conventional,paper_faithful,iteration_based_paper_interpretation,main,20,5,5,43,2,,3,after_update,batch_size,3,128,128,2.1875,0.09943181818181818,success
paper_conventional-main-ants20-iterations5-epochs5-seed-43,paper_conventional,paper_faithful,iteration_based_paper_interpretation,main,20,5,5,43,2,,3,after_update,batch_size,4,256,256,4.9375,0.22443181818181818,success
paper_conventional-main-ants20-iterations5-epochs5-seed-43,paper_conventional,paper_faithful,iteration_based_paper_interpretation,main,20,5,5,43,2,,3,after_update,batch_size,5,512,512,1.9375,0.08806818181818182,success
paper_conventional-main-ants20-iterations5-epochs5-seed-43,paper_conventional,paper_faithful,iteration_based_paper_interpretation,main,20,5,5,43,2,,3,after_update,batch_size,6,1024,1024,4.4375,0.20170454545454544,success
paper_conventional-main-ants20-iterations5-epochs5-seed-43,paper_conventional,paper_faithful,iteration_based_paper_interpretation,main,20,5,5,43,2,,3,after_update,batch_size,7,2048,2048,1.3125,0.05965909090909091,success
paper_conventional-main-ants20-iterations5-epochs5-seed-43,paper_conventional,paper_faithful,iteration_based_paper_interpretation,main,20,5,5,43,2,,3,after_update,activation,0,"""relu""","""relu""",1.4375,0.06534090909090909,success
paper_conventional-main-ants20-iterations5-epochs5-seed-43,paper_conventional,paper_faithful,iteration_based_paper_interpretation,main,20,5,5,43,2,,3,after_update,activation,1,"""sigmoid""","""sigmoid""",3.0625,0.13920454545454544,success
paper_conventional-main-ants20-iterations5-epochs5-seed-43,paper_conventional,paper_faithful,iteration_based_paper_interpretation,main,20,5,5,43,2,,3,after_update,activation,2,"""softplus""","""softplus""",5.0625,0.23011363636363635,success
paper_conventional-main-ants20-iterations5-epochs5-seed-43,paper_conventional,paper_faithful,iteration_based_paper_interpretation,main,20,5,5,43,2,,3,after_update,activation,3,"""softsign""","""softsign""",2.1875,0.09943181818181818,success
paper_conventional-main-ants20-iterations5-epochs5-seed-43,paper_conventional,paper_faithful,iteration_based_paper_interpretation,main,20,5,5,43,2,,3,after_update,activation,4,"""tanh""","""tanh""",2.3125,0.10511363636363637,success
paper_conventional-main-ants20-iterations5-epochs5-seed-43,paper_conventional,paper_faithful,iteration_based_paper_interpretation,main,20,5,5,43,2,,3,after_update,activation,5,"""selu""","""selu""",3.6875,0.16761363636363635,success
paper_conventional-main-ants20-iterations5-epochs5-seed-43,paper_conventional,paper_faithful,iteration_based_paper_interpretation,main,20,5,5,43,2,,3,after_update,activation,6,"""gelu""","""gelu""",1.9375,0.08806818181818182,success
paper_conventional-main-ants20-iterations5-epochs5-seed-43,paper_conventional,paper_faithful,iteration_based_paper_interpretation,main,20,5,5,43,2,,3,after_update,activation,7,"""linear""","""linier""",2.3125,0.10511363636363637,success
paper_conventional-main-ants20-iterations5-epochs5-seed-43,paper_conventional,paper_faithful,iteration_based_paper_interpretation,main,20,5,5,43,2,,3,after_update,optimizer,0,"""adam""","""adam""",3.5625,0.16193181818181818,success
paper_conventional-main-ants20-iterations5-epochs5-seed-43,paper_conventional,paper_faithful,iteration_based_paper_interpretation,main,20,5,5,43,2,,3,after_update,optimizer,1,"""rmsprop""","""rmsprop""",1.4375,0.06534090909090909,success
paper_conventional-main-ants20-iterations5-epochs5-seed-43,paper_conventional,paper_faithful,iteration_based_paper_interpretation,main,20,5,5,43,2,,3,after_update,optimizer,2,"""sgd""","""sgd""",5.5625,0.2528409090909091,success
paper_conventional-main-ants20-iterations5-epochs5-seed-43,paper_conventional,paper_faithful,iteration_based_paper_interpretation,main,20,5,5,43,2,,3,after_update,optimizer,3,"""adadelta""","""adadelta""",2.8125,0.1278409090909091,success
paper_conventional-main-ants20-iterations5-epochs5-seed-43,paper_conventional,paper_faithful,iteration_based_paper_interpretation,main,20,5,5,43,2,,3,after_update,optimizer,4,"""adagrad""","""adagrad""",3.4375,0.15625,success
paper_conventional-main-ants20-iterations5-epochs5-seed-43,paper_conventional,paper_faithful,iteration_based_paper_interpretation,main,20,5,5,43,2,,3,after_update,optimizer,5,"""adamax""","""adamax""",0.5625,0.02556818181818182,success
paper_conventional-main-ants20-iterations5-epochs5-seed-43,paper_conventional,paper_faithful,iteration_based_paper_interpretation,main,20,5,5,43,2,,3,after_update,optimizer,6,"""ftrl""","""ftrl""",2.3125,0.10511363636363637,success
paper_conventional-main-ants20-iterations5-epochs5-seed-43,paper_conventional,paper_faithful,iteration_based_paper_interpretation,main,20,5,5,43,2,,3,after_update,optimizer,7,"""nadam""","""nadam""",2.3125,0.10511363636363637,success
paper_conventional-main-ants20-iterations5-epochs5-seed-43,paper_conventional,paper_faithful,iteration_based_paper_interpretation,main,20,5,5,43,2,,3,after_update,loss,0,"""sparse_categorical_crossentropy""","""sparse_categorical_crossentropy""",2.3125,0.10511363636363637,success
paper_conventional-main-ants20-iterations5-epochs5-seed-43,paper_conventional,paper_faithful,iteration_based_paper_interpretation,main,20,5,5,43,2,,3,after_update,loss,1,"""categorical_crossentropy""","""categorical_crossentropy""",2.4375,0.11079545454545454,success
paper_conventional-main-ants20-iterations5-epochs5-seed-43,paper_conventional,paper_faithful,iteration_based_paper_interpretation,main,20,5,5,43,2,,3,after_update,loss,2,"""binary_crossentropy""","""binary_crossentropy""",4.0625,0.1846590909090909,success
paper_conventional-main-ants20-iterations5-epochs5-seed-43,paper_conventional,paper_faithful,iteration_based_paper_interpretation,main,20,5,5,43,2,,3,after_update,loss,3,"""mean_absolute_error""","""mean_absolute_error""",2.3125,0.10511363636363637,success
paper_conventional-main-ants20-iterations5-epochs5-seed-43,paper_conventional,paper_faithful,iteration_based_paper_interpretation,main,20,5,5,43,2,,3,after_update,loss,4,"""mean_squared_error""","""mean_squared_error""",2.1875,0.09943181818181818,success
paper_conventional-main-ants20-iterations5-epochs5-seed-43,paper_conventional,paper_faithful,iteration_based_paper_interpretation,main,20,5,5,43,2,,3,after_update,loss,5,"""squared_hinge""","""squared_hinge""",1.8125,0.08238636363636363,success
paper_conventional-main-ants20-iterations5-epochs5-seed-43,paper_conventional,paper_faithful,iteration_based_paper_interpretation,main,20,5,5,43,2,,3,after_update,loss,6,"""categorical_hinge""","""categorical_hinge""",4.6875,0.21306818181818182,success
paper_conventional-main-ants20-iterations5-epochs5-seed-43,paper_conventional,paper_faithful,iteration_based_paper_interpretation,main,20,5,5,43,2,,3,after_update,loss,7,"""cosine_similarity""","""cosine_similarity""",2.1875,0.09943181818181818,success
paper_conventional-main-ants20-iterations5-epochs5-seed-43,paper_conventional,paper_faithful,iteration_based_paper_interpretation,main,20,5,5,43,3,,4,before_sampling,dense_units_1,0,16,16,2.3125,0.10511363636363637,success
paper_conventional-main-ants20-iterations5-epochs5-seed-43,paper_conventional,paper_faithful,iteration_based_paper_interpretation,main,20,5,5,43,3,,4,before_sampling,dense_units_1,1,32,32,1.9375,0.08806818181818182,success
paper_conventional-main-ants20-iterations5-epochs5-seed-43,paper_conventional,paper_faithful,iteration_based_paper_interpretation,main,20,5,5,43,3,,4,before_sampling,dense_units_1,2,64,64,2.8125,0.1278409090909091,success
paper_conventional-main-ants20-iterations5-epochs5-seed-43,paper_conventional,paper_faithful,iteration_based_paper_interpretation,main,20,5,5,43,3,,4,before_sampling,dense_units_1,3,128,128,3.8125,0.17329545454545456,success
paper_conventional-main-ants20-iterations5-epochs5-seed-43,paper_conventional,paper_faithful,iteration_based_paper_interpretation,main,20,5,5,43,3,,4,before_sampling,dense_units_1,4,256,256,3.3125,0.15056818181818182,success
paper_conventional-main-ants20-iterations5-epochs5-seed-43,paper_conventional,paper_faithful,iteration_based_paper_interpretation,main,20,5,5,43,3,,4,before_sampling,dense_units_1,5,512,512,3.0625,0.13920454545454544,success
paper_conventional-main-ants20-iterations5-epochs5-seed-43,paper_conventional,paper_faithful,iteration_based_paper_interpretation,main,20,5,5,43,3,,4,before_sampling,dense_units_1,6,1024,1024,1.0625,0.048295454545454544,success
paper_conventional-main-ants20-iterations5-epochs5-seed-43,paper_conventional,paper_faithful,iteration_based_paper_interpretation,main,20,5,5,43,3,,4,before_sampling,dense_units_1,7,2048,2048,3.6875,0.16761363636363635,success
paper_conventional-main-ants20-iterations5-epochs5-seed-43,paper_conventional,paper_faithful,iteration_based_paper_interpretation,main,20,5,5,43,3,,4,before_sampling,dense_units_2,0,16,16,3.9375,0.17897727272727273,success
paper_conventional-main-ants20-iterations5-epochs5-seed-43,paper_conventional,paper_faithful,iteration_based_paper_interpretation,main,20,5,5,43,3,,4,before_sampling,dense_units_2,1,32,32,1.8125,0.08238636363636363,success
paper_conventional-main-ants20-iterations5-epochs5-seed-43,paper_conventional,paper_faithful,iteration_based_paper_interpretation,main,20,5,5,43,3,,4,before_sampling,dense_units_2,2,64,64,1.9375,0.08806818181818182,success
paper_conventional-main-ants20-iterations5-epochs5-seed-43,paper_conventional,paper_faithful,iteration_based_paper_interpretation,main,20,5,5,43,3,,4,before_sampling,dense_units_2,3,128,128,5.0625,0.23011363636363635,success
paper_conventional-main-ants20-iterations5-epochs5-seed-43,paper_conventional,paper_faithful,iteration_based_paper_interpretation,main,20,5,5,43,3,,4,before_sampling,dense_units_2,4,256,256,2.6875,0.12215909090909091,success
paper_conventional-main-ants20-iterations5-epochs5-seed-43,paper_conventional,paper_faithful,iteration_based_paper_interpretation,main,20,5,5,43,3,,4,before_sampling,dense_units_2,5,512,512,1.4375,0.06534090909090909,success
paper_conventional-main-ants20-iterations5-epochs5-seed-43,paper_conventional,paper_faithful,iteration_based_paper_interpretation,main,20,5,5,43,3,,4,before_sampling,dense_units_2,6,1024,1024,1.4375,0.06534090909090909,success
paper_conventional-main-ants20-iterations5-epochs5-seed-43,paper_conventional,paper_faithful,iteration_based_paper_interpretation,main,20,5,5,43,3,,4,before_sampling,dense_units_2,7,2048,2048,3.6875,0.16761363636363635,success
paper_conventional-main-ants20-iterations5-epochs5-seed-43,paper_conventional,paper_faithful,iteration_based_paper_interpretation,main,20,5,5,43,3,,4,before_sampling,dropout_1,0,0.1,0.1,1.8125,0.08238636363636363,success
paper_conventional-main-ants20-iterations5-epochs5-seed-43,paper_conventional,paper_faithful,iteration_based_paper_interpretation,main,20,5,5,43,3,,4,before_sampling,dropout_1,1,0.2,0.2,3.3125,0.15056818181818182,success
paper_conventional-main-ants20-iterations5-epochs5-seed-43,paper_conventional,paper_faithful,iteration_based_paper_interpretation,main,20,5,5,43,3,,4,before_sampling,dropout_1,2,0.3,0.3,1.4375,0.06534090909090909,success
paper_conventional-main-ants20-iterations5-epochs5-seed-43,paper_conventional,paper_faithful,iteration_based_paper_interpretation,main,20,5,5,43,3,,4,before_sampling,dropout_1,3,0.4,0.4,0.5625,0.02556818181818182,success
paper_conventional-main-ants20-iterations5-epochs5-seed-43,paper_conventional,paper_faithful,iteration_based_paper_interpretation,main,20,5,5,43,3,,4,before_sampling,dropout_1,4,0.5,0.5,3.1875,0.14488636363636365,success
paper_conventional-main-ants20-iterations5-epochs5-seed-43,paper_conventional,paper_faithful,iteration_based_paper_interpretation,main,20,5,5,43,3,,4,before_sampling,dropout_1,5,0.6,0.6,4.5625,0.20738636363636365,success
paper_conventional-main-ants20-iterations5-epochs5-seed-43,paper_conventional,paper_faithful,iteration_based_paper_interpretation,main,20,5,5,43,3,,4,before_sampling,dropout_1,6,0.7,0.7,1.8125,0.08238636363636363,success
paper_conventional-main-ants20-iterations5-epochs5-seed-43,paper_conventional,paper_faithful,iteration_based_paper_interpretation,main,20,5,5,43,3,,4,before_sampling,dropout_1,7,0.8,0.8,5.3125,0.24147727272727273,success
paper_conventional-main-ants20-iterations5-epochs5-seed-43,paper_conventional,paper_faithful,iteration_based_paper_interpretation,main,20,5,5,43,3,,4,before_sampling,dropout_2,0,0.1,0.1,2.8125,0.1278409090909091,success
paper_conventional-main-ants20-iterations5-epochs5-seed-43,paper_conventional,paper_faithful,iteration_based_paper_interpretation,main,20,5,5,43,3,,4,before_sampling,dropout_2,1,0.2,0.2,2.6875,0.12215909090909091,success
paper_conventional-main-ants20-iterations5-epochs5-seed-43,paper_conventional,paper_faithful,iteration_based_paper_interpretation,main,20,5,5,43,3,,4,before_sampling,dropout_2,2,0.3,0.3,0.5625,0.02556818181818182,success
paper_conventional-main-ants20-iterations5-epochs5-seed-43,paper_conventional,paper_faithful,iteration_based_paper_interpretation,main,20,5,5,43,3,,4,before_sampling,dropout_2,3,0.4,0.4,3.3125,0.15056818181818182,success
paper_conventional-main-ants20-iterations5-epochs5-seed-43,paper_conventional,paper_faithful,iteration_based_paper_interpretation,main,20,5,5,43,3,,4,before_sampling,dropout_2,4,0.5,0.5,1.9375,0.08806818181818182,success
paper_conventional-main-ants20-iterations5-epochs5-seed-43,paper_conventional,paper_faithful,iteration_based_paper_interpretation,main,20,5,5,43,3,,4,before_sampling,dropout_2,5,0.6,0.6,4.0625,0.1846590909090909,success
paper_conventional-main-ants20-iterations5-epochs5-seed-43,paper_conventional,paper_faithful,iteration_based_paper_interpretation,main,20,5,5,43,3,,4,before_sampling,dropout_2,6,0.7,0.7,4.3125,0.19602272727272727,success
paper_conventional-main-ants20-iterations5-epochs5-seed-43,paper_conventional,paper_faithful,iteration_based_paper_interpretation,main,20,5,5,43,3,,4,before_sampling,dropout_2,7,0.8,0.8,2.3125,0.10511363636363637,success
paper_conventional-main-ants20-iterations5-epochs5-seed-43,paper_conventional,paper_faithful,iteration_based_paper_interpretation,main,20,5,5,43,3,,4,before_sampling,batch_size,0,16,16,0.5625,0.02556818181818182,success
paper_conventional-main-ants20-iterations5-epochs5-seed-43,paper_conventional,paper_faithful,iteration_based_paper_interpretation,main,20,5,5,43,3,,4,before_sampling,batch_size,1,32,32,2.9375,0.13352272727272727,success
paper_conventional-main-ants20-iterations5-epochs5-seed-43,paper_conventional,paper_faithful,iteration_based_paper_interpretation,main,20,5,5,43,3,,4,before_sampling,batch_size,2,64,64,3.6875,0.16761363636363635,success
paper_conventional-main-ants20-iterations5-epochs5-seed-43,paper_conventional,paper_faithful,iteration_based_paper_interpretation,main,20,5,5,43,3,,4,before_sampling,batch_size,3,128,128,2.1875,0.09943181818181818,success
paper_conventional-main-ants20-iterations5-epochs5-seed-43,paper_conventional,paper_faithful,iteration_based_paper_interpretation,main,20,5,5,43,3,,4,before_sampling,batch_size,4,256,256,4.9375,0.22443181818181818,success
paper_conventional-main-ants20-iterations5-epochs5-seed-43,paper_conventional,paper_faithful,iteration_based_paper_interpretation,main,20,5,5,43,3,,4,before_sampling,batch_size,5,512,512,1.9375,0.08806818181818182,success
paper_conventional-main-ants20-iterations5-epochs5-seed-43,paper_conventional,paper_faithful,iteration_based_paper_interpretation,main,20,5,5,43,3,,4,before_sampling,batch_size,6,1024,1024,4.4375,0.20170454545454544,success
paper_conventional-main-ants20-iterations5-epochs5-seed-43,paper_conventional,paper_faithful,iteration_based_paper_interpretation,main,20,5,5,43,3,,4,before_sampling,batch_size,7,2048,2048,1.3125,0.05965909090909091,success
paper_conventional-main-ants20-iterations5-epochs5-seed-43,paper_conventional,paper_faithful,iteration_based_paper_interpretation,main,20,5,5,43,3,,4,before_sampling,activation,0,"""relu""","""relu""",1.4375,0.06534090909090909,success
paper_conventional-main-ants20-iterations5-epochs5-seed-43,paper_conventional,paper_faithful,iteration_based_paper_interpretation,main,20,5,5,43,3,,4,before_sampling,activation,1,"""sigmoid""","""sigmoid""",3.0625,0.13920454545454544,success
paper_conventional-main-ants20-iterations5-epochs5-seed-43,paper_conventional,paper_faithful,iteration_based_paper_interpretation,main,20,5,5,43,3,,4,before_sampling,activation,2,"""softplus""","""softplus""",5.0625,0.23011363636363635,success
paper_conventional-main-ants20-iterations5-epochs5-seed-43,paper_conventional,paper_faithful,iteration_based_paper_interpretation,main,20,5,5,43,3,,4,before_sampling,activation,3,"""softsign""","""softsign""",2.1875,0.09943181818181818,success
paper_conventional-main-ants20-iterations5-epochs5-seed-43,paper_conventional,paper_faithful,iteration_based_paper_interpretation,main,20,5,5,43,3,,4,before_sampling,activation,4,"""tanh""","""tanh""",2.3125,0.10511363636363637,success
paper_conventional-main-ants20-iterations5-epochs5-seed-43,paper_conventional,paper_faithful,iteration_based_paper_interpretation,main,20,5,5,43,3,,4,before_sampling,activation,5,"""selu""","""selu""",3.6875,0.16761363636363635,success
paper_conventional-main-ants20-iterations5-epochs5-seed-43,paper_conventional,paper_faithful,iteration_based_paper_interpretation,main,20,5,5,43,3,,4,before_sampling,activation,6,"""gelu""","""gelu""",1.9375,0.08806818181818182,success
paper_conventional-main-ants20-iterations5-epochs5-seed-43,paper_conventional,paper_faithful,iteration_based_paper_interpretation,main,20,5,5,43,3,,4,before_sampling,activation,7,"""linear""","""linier""",2.3125,0.10511363636363637,success
paper_conventional-main-ants20-iterations5-epochs5-seed-43,paper_conventional,paper_faithful,iteration_based_paper_interpretation,main,20,5,5,43,3,,4,before_sampling,optimizer,0,"""adam""","""adam""",3.5625,0.16193181818181818,success
paper_conventional-main-ants20-iterations5-epochs5-seed-43,paper_conventional,paper_faithful,iteration_based_paper_interpretation,main,20,5,5,43,3,,4,before_sampling,optimizer,1,"""rmsprop""","""rmsprop""",1.4375,0.06534090909090909,success
paper_conventional-main-ants20-iterations5-epochs5-seed-43,paper_conventional,paper_faithful,iteration_based_paper_interpretation,main,20,5,5,43,3,,4,before_sampling,optimizer,2,"""sgd""","""sgd""",5.5625,0.2528409090909091,success
paper_conventional-main-ants20-iterations5-epochs5-seed-43,paper_conventional,paper_faithful,iteration_based_paper_interpretation,main,20,5,5,43,3,,4,before_sampling,optimizer,3,"""adadelta""","""adadelta""",2.8125,0.1278409090909091,success
paper_conventional-main-ants20-iterations5-epochs5-seed-43,paper_conventional,paper_faithful,iteration_based_paper_interpretation,main,20,5,5,43,3,,4,before_sampling,optimizer,4,"""adagrad""","""adagrad""",3.4375,0.15625,success
paper_conventional-main-ants20-iterations5-epochs5-seed-43,paper_conventional,paper_faithful,iteration_based_paper_interpretation,main,20,5,5,43,3,,4,before_sampling,optimizer,5,"""adamax""","""adamax""",0.5625,0.02556818181818182,success
paper_conventional-main-ants20-iterations5-epochs5-seed-43,paper_conventional,paper_faithful,iteration_based_paper_interpretation,main,20,5,5,43,3,,4,before_sampling,optimizer,6,"""ftrl""","""ftrl""",2.3125,0.10511363636363637,success
paper_conventional-main-ants20-iterations5-epochs5-seed-43,paper_conventional,paper_faithful,iteration_based_paper_interpretation,main,20,5,5,43,3,,4,before_sampling,optimizer,7,"""nadam""","""nadam""",2.3125,0.10511363636363637,success
paper_conventional-main-ants20-iterations5-epochs5-seed-43,paper_conventional,paper_faithful,iteration_based_paper_interpretation,main,20,5,5,43,3,,4,before_sampling,loss,0,"""sparse_categorical_crossentropy""","""sparse_categorical_crossentropy""",2.3125,0.10511363636363637,success
paper_conventional-main-ants20-iterations5-epochs5-seed-43,paper_conventional,paper_faithful,iteration_based_paper_interpretation,main,20,5,5,43,3,,4,before_sampling,loss,1,"""categorical_crossentropy""","""categorical_crossentropy""",2.4375,0.11079545454545454,success
paper_conventional-main-ants20-iterations5-epochs5-seed-43,paper_conventional,paper_faithful,iteration_based_paper_interpretation,main,20,5,5,43,3,,4,before_sampling,loss,2,"""binary_crossentropy""","""binary_crossentropy""",4.0625,0.1846590909090909,success
paper_conventional-main-ants20-iterations5-epochs5-seed-43,paper_conventional,paper_faithful,iteration_based_paper_interpretation,main,20,5,5,43,3,,4,before_sampling,loss,3,"""mean_absolute_error""","""mean_absolute_error""",2.3125,0.10511363636363637,success
paper_conventional-main-ants20-iterations5-epochs5-seed-43,paper_conventional,paper_faithful,iteration_based_paper_interpretation,main,20,5,5,43,3,,4,before_sampling,loss,4,"""mean_squared_error""","""mean_squared_error""",2.1875,0.09943181818181818,success
paper_conventional-main-ants20-iterations5-epochs5-seed-43,paper_conventional,paper_faithful,iteration_based_paper_interpretation,main,20,5,5,43,3,,4,before_sampling,loss,5,"""squared_hinge""","""squared_hinge""",1.8125,0.08238636363636363,success
paper_conventional-main-ants20-iterations5-epochs5-seed-43,paper_conventional,paper_faithful,iteration_based_paper_interpretation,main,20,5,5,43,3,,4,before_sampling,loss,6,"""categorical_hinge""","""categorical_hinge""",4.6875,0.21306818181818182,success
paper_conventional-main-ants20-iterations5-epochs5-seed-43,paper_conventional,paper_faithful,iteration_based_paper_interpretation,main,20,5,5,43,3,,4,before_sampling,loss,7,"""cosine_similarity""","""cosine_similarity""",2.1875,0.09943181818181818,success
paper_conventional-main-ants20-iterations5-epochs5-seed-43,paper_conventional,paper_faithful,iteration_based_paper_interpretation,main,20,5,5,43,3,,5,after_update,dense_units_1,0,16,16,2.234375,0.08431603773584906,success
paper_conventional-main-ants20-iterations5-epochs5-seed-43,paper_conventional,paper_faithful,iteration_based_paper_interpretation,main,20,5,5,43,3,,5,after_update,dense_units_1,1,32,32,1.953125,0.07370283018867925,success
paper_conventional-main-ants20-iterations5-epochs5-seed-43,paper_conventional,paper_faithful,iteration_based_paper_interpretation,main,20,5,5,43,3,,5,after_update,dense_units_1,2,64,64,3.609375,0.13620283018867924,success
paper_conventional-main-ants20-iterations5-epochs5-seed-43,paper_conventional,paper_faithful,iteration_based_paper_interpretation,main,20,5,5,43,3,,5,after_update,dense_units_1,3,128,128,3.859375,0.14563679245283018,success
paper_conventional-main-ants20-iterations5-epochs5-seed-43,paper_conventional,paper_faithful,iteration_based_paper_interpretation,main,20,5,5,43,3,,5,after_update,dense_units_1,4,256,256,4.484375,0.16922169811320756,success
paper_conventional-main-ants20-iterations5-epochs5-seed-43,paper_conventional,paper_faithful,iteration_based_paper_interpretation,main,20,5,5,43,3,,5,after_update,dense_units_1,5,512,512,3.296875,0.12441037735849056,success
paper_conventional-main-ants20-iterations5-epochs5-seed-43,paper_conventional,paper_faithful,iteration_based_paper_interpretation,main,20,5,5,43,3,,5,after_update,dense_units_1,6,1024,1024,1.796875,0.06780660377358491,success
paper_conventional-main-ants20-iterations5-epochs5-seed-43,paper_conventional,paper_faithful,iteration_based_paper_interpretation,main,20,5,5,43,3,,5,after_update,dense_units_1,7,2048,2048,5.265625,0.19870283018867924,success
paper_conventional-main-ants20-iterations5-epochs5-seed-43,paper_conventional,paper_faithful,iteration_based_paper_interpretation,main,20,5,5,43,3,,5,after_update,dense_units_2,0,16,16,5.953125,0.22464622641509435,success
paper_conventional-main-ants20-iterations5-epochs5-seed-43,paper_conventional,paper_faithful,iteration_based_paper_interpretation,main,20,5,5,43,3,,5,after_update,dense_units_2,1,32,32,1.859375,0.07016509433962265,success
paper_conventional-main-ants20-iterations5-epochs5-seed-43,paper_conventional,paper_faithful,iteration_based_paper_interpretation,main,20,5,5,43,3,,5,after_update,dense_units_2,2,64,64,1.953125,0.07370283018867925,success
paper_conventional-main-ants20-iterations5-epochs5-seed-43,paper_conventional,paper_faithful,iteration_based_paper_interpretation,main,20,5,5,43,3,,5,after_update,dense_units_2,3,128,128,7.296875,0.27535377358490565,success
paper_conventional-main-ants20-iterations5-epochs5-seed-43,paper_conventional,paper_faithful,iteration_based_paper_interpretation,main,20,5,5,43,3,,5,after_update,dense_units_2,4,256,256,2.015625,0.07606132075471699,success
paper_conventional-main-ants20-iterations5-epochs5-seed-43,paper_conventional,paper_faithful,iteration_based_paper_interpretation,main,20,5,5,43,3,,5,after_update,dense_units_2,5,512,512,2.078125,0.07841981132075472,success
paper_conventional-main-ants20-iterations5-epochs5-seed-43,paper_conventional,paper_faithful,iteration_based_paper_interpretation,main,20,5,5,43,3,,5,after_update,dense_units_2,6,1024,1024,2.078125,0.07841981132075472,success
paper_conventional-main-ants20-iterations5-epochs5-seed-43,paper_conventional,paper_faithful,iteration_based_paper_interpretation,main,20,5,5,43,3,,5,after_update,dense_units_2,7,2048,2048,3.265625,0.12323113207547169,success
paper_conventional-main-ants20-iterations5-epochs5-seed-43,paper_conventional,paper_faithful,iteration_based_paper_interpretation,main,20,5,5,43,3,,5,after_update,dropout_1,0,0.1,0.1,1.859375,0.07016509433962265,success
paper_conventional-main-ants20-iterations5-epochs5-seed-43,paper_conventional,paper_faithful,iteration_based_paper_interpretation,main,20,5,5,43,3,,5,after_update,dropout_1,1,0.2,0.2,3.984375,0.15035377358490565,success
paper_conventional-main-ants20-iterations5-epochs5-seed-43,paper_conventional,paper_faithful,iteration_based_paper_interpretation,main,20,5,5,43,3,,5,after_update,dropout_1,2,0.3,0.3,2.078125,0.07841981132075472,success
paper_conventional-main-ants20-iterations5-epochs5-seed-43,paper_conventional,paper_faithful,iteration_based_paper_interpretation,main,20,5,5,43,3,,5,after_update,dropout_1,3,0.4,0.4,0.921875,0.0347877358490566,success
paper_conventional-main-ants20-iterations5-epochs5-seed-43,paper_conventional,paper_faithful,iteration_based_paper_interpretation,main,20,5,5,43,3,,5,after_update,dropout_1,4,0.5,0.5,3.890625,0.14681603773584906,success
paper_conventional-main-ants20-iterations5-epochs5-seed-43,paper_conventional,paper_faithful,iteration_based_paper_interpretation,main,20,5,5,43,3,,5,after_update,dropout_1,5,0.6,0.6,5.421875,0.2045990566037736,success
paper_conventional-main-ants20-iterations5-epochs5-seed-43,paper_conventional,paper_faithful,iteration_based_paper_interpretation,main,20,5,5,43,3,,5,after_update,dropout_1,6,0.7,0.7,2.359375,0.08903301886792453,success
paper_conventional-main-ants20-iterations5-epochs5-seed-43,paper_conventional,paper_faithful,iteration_based_paper_interpretation,main,20,5,5,43,3,,5,after_update,dropout_1,7,0.8,0.8,5.984375,0.2258254716981132,success
paper_conventional-main-ants20-iterations5-epochs5-seed-43,paper_conventional,paper_faithful,iteration_based_paper_interpretation,main,20,5,5,43,3,,5,after_update,dropout_2,0,0.1,0.1,2.609375,0.09846698113207547,success
paper_conventional-main-ants20-iterations5-epochs5-seed-43,paper_conventional,paper_faithful,iteration_based_paper_interpretation,main,20,5,5,43,3,,5,after_update,dropout_2,1,0.2,0.2,4.515625,0.1704009433962264,success
paper_conventional-main-ants20-iterations5-epochs5-seed-43,paper_conventional,paper_faithful,iteration_based_paper_interpretation,main,20,5,5,43,3,,5,after_update,dropout_2,2,0.3,0.3,0.921875,0.0347877358490566,success
paper_conventional-main-ants20-iterations5-epochs5-seed-43,paper_conventional,paper_faithful,iteration_based_paper_interpretation,main,20,5,5,43,3,,5,after_update,dropout_2,3,0.4,0.4,3.484375,0.13148584905660377,success
paper_conventional-main-ants20-iterations5-epochs5-seed-43,paper_conventional,paper_faithful,iteration_based_paper_interpretation,main,20,5,5,43,3,,5,after_update,dropout_2,4,0.5,0.5,2.453125,0.09257075471698113,success
paper_conventional-main-ants20-iterations5-epochs5-seed-43,paper_conventional,paper_faithful,iteration_based_paper_interpretation,main,20,5,5,43,3,,5,after_update,dropout_2,5,0.6,0.6,5.546875,0.20931603773584906,success
paper_conventional-main-ants20-iterations5-epochs5-seed-43,paper_conventional,paper_faithful,iteration_based_paper_interpretation,main,20,5,5,43,3,,5,after_update,dropout_2,6,0.7,0.7,4.734375,0.1786556603773585,success
paper_conventional-main-ants20-iterations5-epochs5-seed-43,paper_conventional,paper_faithful,iteration_based_paper_interpretation,main,20,5,5,43,3,,5,after_update,dropout_2,7,0.8,0.8,2.234375,0.08431603773584906,success
paper_conventional-main-ants20-iterations5-epochs5-seed-43,paper_conventional,paper_faithful,iteration_based_paper_interpretation,main,20,5,5,43,3,,5,after_update,batch_size,0,16,16,0.921875,0.0347877358490566,success
paper_conventional-main-ants20-iterations5-epochs5-seed-43,paper_conventional,paper_faithful,iteration_based_paper_interpretation,main,20,5,5,43,3,,5,after_update,batch_size,1,32,32,3.203125,0.12087264150943396,success
paper_conventional-main-ants20-iterations5-epochs5-seed-43,paper_conventional,paper_faithful,iteration_based_paper_interpretation,main,20,5,5,43,3,,5,after_update,batch_size,2,64,64,4.265625,0.16096698113207547,success
paper_conventional-main-ants20-iterations5-epochs5-seed-43,paper_conventional,paper_faithful,iteration_based_paper_interpretation,main,20,5,5,43,3,,5,after_update,batch_size,3,128,128,2.140625,0.08077830188679246,success
paper_conventional-main-ants20-iterations5-epochs5-seed-43,paper_conventional,paper_faithful,iteration_based_paper_interpretation,main,20,5,5,43,3,,5,after_update,batch_size,4,256,256,5.703125,0.21521226415094338,success
paper_conventional-main-ants20-iterations5-epochs5-seed-43,paper_conventional,paper_faithful,iteration_based_paper_interpretation,main,20,5,5,43,3,,5,after_update,batch_size,5,512,512,1.453125,0.05483490566037736,success
paper_conventional-main-ants20-iterations5-epochs5-seed-43,paper_conventional,paper_faithful,iteration_based_paper_interpretation,main,20,5,5,43,3,,5,after_update,batch_size,6,1024,1024,7.328125,0.27653301886792453,success
paper_conventional-main-ants20-iterations5-epochs5-seed-43,paper_conventional,paper_faithful,iteration_based_paper_interpretation,main,20,5,5,43,3,,5,after_update,batch_size,7,2048,2048,1.484375,0.05601415094339623,success
paper_conventional-main-ants20-iterations5-epochs5-seed-43,paper_conventional,paper_faithful,iteration_based_paper_interpretation,main,20,5,5,43,3,,5,after_update,activation,0,"""relu""","""relu""",2.078125,0.07841981132075472,success
paper_conventional-main-ants20-iterations5-epochs5-seed-43,paper_conventional,paper_faithful,iteration_based_paper_interpretation,main,20,5,5,43,3,,5,after_update,activation,1,"""sigmoid""","""sigmoid""",3.796875,0.14327830188679244,success
paper_conventional-main-ants20-iterations5-epochs5-seed-43,paper_conventional,paper_faithful,iteration_based_paper_interpretation,main,20,5,5,43,3,,5,after_update,activation,2,"""softplus""","""softplus""",4.796875,0.18101415094339623,success
paper_conventional-main-ants20-iterations5-epochs5-seed-43,paper_conventional,paper_faithful,iteration_based_paper_interpretation,main,20,5,5,43,3,,5,after_update,activation,3,"""softsign""","""softsign""",2.640625,0.09964622641509434,success
paper_conventional-main-ants20-iterations5-epochs5-seed-43,paper_conventional,paper_faithful,iteration_based_paper_interpretation,main,20,5,5,43,3,,5,after_update,activation,4,"""tanh""","""tanh""",2.734375,0.10318396226415094,success
paper_conventional-main-ants20-iterations5-epochs5-seed-43,paper_conventional,paper_faithful,iteration_based_paper_interpretation,main,20,5,5,43,3,,5,after_update,activation,5,"""selu""","""selu""",5.265625,0.19870283018867924,success
paper_conventional-main-ants20-iterations5-epochs5-seed-43,paper_conventional,paper_faithful,iteration_based_paper_interpretation,main,20,5,5,43,3,,5,after_update,activation,6,"""gelu""","""gelu""",2.453125,0.09257075471698113,success
paper_conventional-main-ants20-iterations5-epochs5-seed-43,paper_conventional,paper_faithful,iteration_based_paper_interpretation,main,20,5,5,43,3,,5,after_update,activation,7,"""linear""","""linier""",2.734375,0.10318396226415094,success
paper_conventional-main-ants20-iterations5-epochs5-seed-43,paper_conventional,paper_faithful,iteration_based_paper_interpretation,main,20,5,5,43,3,,5,after_update,optimizer,0,"""adam""","""adam""",4.171875,0.15742924528301888,success
paper_conventional-main-ants20-iterations5-epochs5-seed-43,paper_conventional,paper_faithful,iteration_based_paper_interpretation,main,20,5,5,43,3,,5,after_update,optimizer,1,"""rmsprop""","""rmsprop""",1.078125,0.04068396226415094,success
paper_conventional-main-ants20-iterations5-epochs5-seed-43,paper_conventional,paper_faithful,iteration_based_paper_interpretation,main,20,5,5,43,3,,5,after_update,optimizer,2,"""sgd""","""sgd""",7.671875,0.28950471698113206,success
paper_conventional-main-ants20-iterations5-epochs5-seed-43,paper_conventional,paper_faithful,iteration_based_paper_interpretation,main,20,5,5,43,3,,5,after_update,optimizer,3,"""adadelta""","""adadelta""",4.109375,0.15507075471698112,success
paper_conventional-main-ants20-iterations5-epochs5-seed-43,paper_conventional,paper_faithful,iteration_based_paper_interpretation,main,20,5,5,43,3,,5,after_update,optimizer,4,"""adagrad""","""adagrad""",4.078125,0.15389150943396226,success
paper_conventional-main-ants20-iterations5-epochs5-seed-43,paper_conventional,paper_faithful,iteration_based_paper_interpretation,main,20,5,5,43,3,,5,after_update,optimizer,5,"""adamax""","""adamax""",0.421875,0.015919811320754717,success
paper_conventional-main-ants20-iterations5-epochs5-seed-43,paper_conventional,paper_faithful,iteration_based_paper_interpretation,main,20,5,5,43,3,,5,after_update,optimizer,6,"""ftrl""","""ftrl""",2.734375,0.10318396226415094,success
paper_conventional-main-ants20-iterations5-epochs5-seed-43,paper_conventional,paper_faithful,iteration_based_paper_interpretation,main,20,5,5,43,3,,5,after_update,optimizer,7,"""nadam""","""nadam""",2.234375,0.08431603773584906,success
paper_conventional-main-ants20-iterations5-epochs5-seed-43,paper_conventional,paper_faithful,iteration_based_paper_interpretation,main,20,5,5,43,3,,5,after_update,loss,0,"""sparse_categorical_crossentropy""","""sparse_categorical_crossentropy""",4.234375,0.15978773584905662,success
paper_conventional-main-ants20-iterations5-epochs5-seed-43,paper_conventional,paper_faithful,iteration_based_paper_interpretation,main,20,5,5,43,3,,5,after_update,loss,1,"""categorical_crossentropy""","""categorical_crossentropy""",2.328125,0.08785377358490566,success
paper_conventional-main-ants20-iterations5-epochs5-seed-43,paper_conventional,paper_faithful,iteration_based_paper_interpretation,main,20,5,5,43,3,,5,after_update,loss,2,"""binary_crossentropy""","""binary_crossentropy""",5.046875,0.19044811320754718,success
paper_conventional-main-ants20-iterations5-epochs5-seed-43,paper_conventional,paper_faithful,iteration_based_paper_interpretation,main,20,5,5,43,3,,5,after_update,loss,3,"""mean_absolute_error""","""mean_absolute_error""",4.234375,0.15978773584905662,success
paper_conventional-main-ants20-iterations5-epochs5-seed-43,paper_conventional,paper_faithful,iteration_based_paper_interpretation,main,20,5,5,43,3,,5,after_update,loss,4,"""mean_squared_error""","""mean_squared_error""",1.640625,0.061910377358490566,success
paper_conventional-main-ants20-iterations5-epochs5-seed-43,paper_conventional,paper_faithful,iteration_based_paper_interpretation,main,20,5,5,43,3,,5,after_update,loss,5,"""squared_hinge""","""squared_hinge""",1.859375,0.07016509433962265,success
paper_conventional-main-ants20-iterations5-epochs5-seed-43,paper_conventional,paper_faithful,iteration_based_paper_interpretation,main,20,5,5,43,3,,5,after_update,loss,6,"""categorical_hinge""","""categorical_hinge""",4.515625,0.1704009433962264,success
paper_conventional-main-ants20-iterations5-epochs5-seed-43,paper_conventional,paper_faithful,iteration_based_paper_interpretation,main,20,5,5,43,3,,5,after_update,loss,7,"""cosine_similarity""","""cosine_similarity""",2.640625,0.09964622641509434,success
paper_conventional-main-ants20-iterations5-epochs5-seed-43,paper_conventional,paper_faithful,iteration_based_paper_interpretation,main,20,5,5,43,4,,6,before_sampling,dense_units_1,0,16,16,2.234375,0.08431603773584906,success
paper_conventional-main-ants20-iterations5-epochs5-seed-43,paper_conventional,paper_faithful,iteration_based_paper_interpretation,main,20,5,5,43,4,,6,before_sampling,dense_units_1,1,32,32,1.953125,0.07370283018867925,success
paper_conventional-main-ants20-iterations5-epochs5-seed-43,paper_conventional,paper_faithful,iteration_based_paper_interpretation,main,20,5,5,43,4,,6,before_sampling,dense_units_1,2,64,64,3.609375,0.13620283018867924,success
paper_conventional-main-ants20-iterations5-epochs5-seed-43,paper_conventional,paper_faithful,iteration_based_paper_interpretation,main,20,5,5,43,4,,6,before_sampling,dense_units_1,3,128,128,3.859375,0.14563679245283018,success
paper_conventional-main-ants20-iterations5-epochs5-seed-43,paper_conventional,paper_faithful,iteration_based_paper_interpretation,main,20,5,5,43,4,,6,before_sampling,dense_units_1,4,256,256,4.484375,0.16922169811320756,success
paper_conventional-main-ants20-iterations5-epochs5-seed-43,paper_conventional,paper_faithful,iteration_based_paper_interpretation,main,20,5,5,43,4,,6,before_sampling,dense_units_1,5,512,512,3.296875,0.12441037735849056,success
paper_conventional-main-ants20-iterations5-epochs5-seed-43,paper_conventional,paper_faithful,iteration_based_paper_interpretation,main,20,5,5,43,4,,6,before_sampling,dense_units_1,6,1024,1024,1.796875,0.06780660377358491,success
paper_conventional-main-ants20-iterations5-epochs5-seed-43,paper_conventional,paper_faithful,iteration_based_paper_interpretation,main,20,5,5,43,4,,6,before_sampling,dense_units_1,7,2048,2048,5.265625,0.19870283018867924,success
paper_conventional-main-ants20-iterations5-epochs5-seed-43,paper_conventional,paper_faithful,iteration_based_paper_interpretation,main,20,5,5,43,4,,6,before_sampling,dense_units_2,0,16,16,5.953125,0.22464622641509435,success
paper_conventional-main-ants20-iterations5-epochs5-seed-43,paper_conventional,paper_faithful,iteration_based_paper_interpretation,main,20,5,5,43,4,,6,before_sampling,dense_units_2,1,32,32,1.859375,0.07016509433962265,success
paper_conventional-main-ants20-iterations5-epochs5-seed-43,paper_conventional,paper_faithful,iteration_based_paper_interpretation,main,20,5,5,43,4,,6,before_sampling,dense_units_2,2,64,64,1.953125,0.07370283018867925,success
paper_conventional-main-ants20-iterations5-epochs5-seed-43,paper_conventional,paper_faithful,iteration_based_paper_interpretation,main,20,5,5,43,4,,6,before_sampling,dense_units_2,3,128,128,7.296875,0.27535377358490565,success
paper_conventional-main-ants20-iterations5-epochs5-seed-43,paper_conventional,paper_faithful,iteration_based_paper_interpretation,main,20,5,5,43,4,,6,before_sampling,dense_units_2,4,256,256,2.015625,0.07606132075471699,success
paper_conventional-main-ants20-iterations5-epochs5-seed-43,paper_conventional,paper_faithful,iteration_based_paper_interpretation,main,20,5,5,43,4,,6,before_sampling,dense_units_2,5,512,512,2.078125,0.07841981132075472,success
paper_conventional-main-ants20-iterations5-epochs5-seed-43,paper_conventional,paper_faithful,iteration_based_paper_interpretation,main,20,5,5,43,4,,6,before_sampling,dense_units_2,6,1024,1024,2.078125,0.07841981132075472,success
paper_conventional-main-ants20-iterations5-epochs5-seed-43,paper_conventional,paper_faithful,iteration_based_paper_interpretation,main,20,5,5,43,4,,6,before_sampling,dense_units_2,7,2048,2048,3.265625,0.12323113207547169,success
paper_conventional-main-ants20-iterations5-epochs5-seed-43,paper_conventional,paper_faithful,iteration_based_paper_interpretation,main,20,5,5,43,4,,6,before_sampling,dropout_1,0,0.1,0.1,1.859375,0.07016509433962265,success
paper_conventional-main-ants20-iterations5-epochs5-seed-43,paper_conventional,paper_faithful,iteration_based_paper_interpretation,main,20,5,5,43,4,,6,before_sampling,dropout_1,1,0.2,0.2,3.984375,0.15035377358490565,success
paper_conventional-main-ants20-iterations5-epochs5-seed-43,paper_conventional,paper_faithful,iteration_based_paper_interpretation,main,20,5,5,43,4,,6,before_sampling,dropout_1,2,0.3,0.3,2.078125,0.07841981132075472,success
paper_conventional-main-ants20-iterations5-epochs5-seed-43,paper_conventional,paper_faithful,iteration_based_paper_interpretation,main,20,5,5,43,4,,6,before_sampling,dropout_1,3,0.4,0.4,0.921875,0.0347877358490566,success
paper_conventional-main-ants20-iterations5-epochs5-seed-43,paper_conventional,paper_faithful,iteration_based_paper_interpretation,main,20,5,5,43,4,,6,before_sampling,dropout_1,4,0.5,0.5,3.890625,0.14681603773584906,success
paper_conventional-main-ants20-iterations5-epochs5-seed-43,paper_conventional,paper_faithful,iteration_based_paper_interpretation,main,20,5,5,43,4,,6,before_sampling,dropout_1,5,0.6,0.6,5.421875,0.2045990566037736,success
paper_conventional-main-ants20-iterations5-epochs5-seed-43,paper_conventional,paper_faithful,iteration_based_paper_interpretation,main,20,5,5,43,4,,6,before_sampling,dropout_1,6,0.7,0.7,2.359375,0.08903301886792453,success
paper_conventional-main-ants20-iterations5-epochs5-seed-43,paper_conventional,paper_faithful,iteration_based_paper_interpretation,main,20,5,5,43,4,,6,before_sampling,dropout_1,7,0.8,0.8,5.984375,0.2258254716981132,success
paper_conventional-main-ants20-iterations5-epochs5-seed-43,paper_conventional,paper_faithful,iteration_based_paper_interpretation,main,20,5,5,43,4,,6,before_sampling,dropout_2,0,0.1,0.1,2.609375,0.09846698113207547,success
paper_conventional-main-ants20-iterations5-epochs5-seed-43,paper_conventional,paper_faithful,iteration_based_paper_interpretation,main,20,5,5,43,4,,6,before_sampling,dropout_2,1,0.2,0.2,4.515625,0.1704009433962264,success
paper_conventional-main-ants20-iterations5-epochs5-seed-43,paper_conventional,paper_faithful,iteration_based_paper_interpretation,main,20,5,5,43,4,,6,before_sampling,dropout_2,2,0.3,0.3,0.921875,0.0347877358490566,success
paper_conventional-main-ants20-iterations5-epochs5-seed-43,paper_conventional,paper_faithful,iteration_based_paper_interpretation,main,20,5,5,43,4,,6,before_sampling,dropout_2,3,0.4,0.4,3.484375,0.13148584905660377,success
paper_conventional-main-ants20-iterations5-epochs5-seed-43,paper_conventional,paper_faithful,iteration_based_paper_interpretation,main,20,5,5,43,4,,6,before_sampling,dropout_2,4,0.5,0.5,2.453125,0.09257075471698113,success
paper_conventional-main-ants20-iterations5-epochs5-seed-43,paper_conventional,paper_faithful,iteration_based_paper_interpretation,main,20,5,5,43,4,,6,before_sampling,dropout_2,5,0.6,0.6,5.546875,0.20931603773584906,success
paper_conventional-main-ants20-iterations5-epochs5-seed-43,paper_conventional,paper_faithful,iteration_based_paper_interpretation,main,20,5,5,43,4,,6,before_sampling,dropout_2,6,0.7,0.7,4.734375,0.1786556603773585,success
paper_conventional-main-ants20-iterations5-epochs5-seed-43,paper_conventional,paper_faithful,iteration_based_paper_interpretation,main,20,5,5,43,4,,6,before_sampling,dropout_2,7,0.8,0.8,2.234375,0.08431603773584906,success
paper_conventional-main-ants20-iterations5-epochs5-seed-43,paper_conventional,paper_faithful,iteration_based_paper_interpretation,main,20,5,5,43,4,,6,before_sampling,batch_size,0,16,16,0.921875,0.0347877358490566,success
paper_conventional-main-ants20-iterations5-epochs5-seed-43,paper_conventional,paper_faithful,iteration_based_paper_interpretation,main,20,5,5,43,4,,6,before_sampling,batch_size,1,32,32,3.203125,0.12087264150943396,success
paper_conventional-main-ants20-iterations5-epochs5-seed-43,paper_conventional,paper_faithful,iteration_based_paper_interpretation,main,20,5,5,43,4,,6,before_sampling,batch_size,2,64,64,4.265625,0.16096698113207547,success
paper_conventional-main-ants20-iterations5-epochs5-seed-43,paper_conventional,paper_faithful,iteration_based_paper_interpretation,main,20,5,5,43,4,,6,before_sampling,batch_size,3,128,128,2.140625,0.08077830188679246,success
paper_conventional-main-ants20-iterations5-epochs5-seed-43,paper_conventional,paper_faithful,iteration_based_paper_interpretation,main,20,5,5,43,4,,6,before_sampling,batch_size,4,256,256,5.703125,0.21521226415094338,success
paper_conventional-main-ants20-iterations5-epochs5-seed-43,paper_conventional,paper_faithful,iteration_based_paper_interpretation,main,20,5,5,43,4,,6,before_sampling,batch_size,5,512,512,1.453125,0.05483490566037736,success
paper_conventional-main-ants20-iterations5-epochs5-seed-43,paper_conventional,paper_faithful,iteration_based_paper_interpretation,main,20,5,5,43,4,,6,before_sampling,batch_size,6,1024,1024,7.328125,0.27653301886792453,success
paper_conventional-main-ants20-iterations5-epochs5-seed-43,paper_conventional,paper_faithful,iteration_based_paper_interpretation,main,20,5,5,43,4,,6,before_sampling,batch_size,7,2048,2048,1.484375,0.05601415094339623,success
paper_conventional-main-ants20-iterations5-epochs5-seed-43,paper_conventional,paper_faithful,iteration_based_paper_interpretation,main,20,5,5,43,4,,6,before_sampling,activation,0,"""relu""","""relu""",2.078125,0.07841981132075472,success
paper_conventional-main-ants20-iterations5-epochs5-seed-43,paper_conventional,paper_faithful,iteration_based_paper_interpretation,main,20,5,5,43,4,,6,before_sampling,activation,1,"""sigmoid""","""sigmoid""",3.796875,0.14327830188679244,success
paper_conventional-main-ants20-iterations5-epochs5-seed-43,paper_conventional,paper_faithful,iteration_based_paper_interpretation,main,20,5,5,43,4,,6,before_sampling,activation,2,"""softplus""","""softplus""",4.796875,0.18101415094339623,success
paper_conventional-main-ants20-iterations5-epochs5-seed-43,paper_conventional,paper_faithful,iteration_based_paper_interpretation,main,20,5,5,43,4,,6,before_sampling,activation,3,"""softsign""","""softsign""",2.640625,0.09964622641509434,success
paper_conventional-main-ants20-iterations5-epochs5-seed-43,paper_conventional,paper_faithful,iteration_based_paper_interpretation,main,20,5,5,43,4,,6,before_sampling,activation,4,"""tanh""","""tanh""",2.734375,0.10318396226415094,success
paper_conventional-main-ants20-iterations5-epochs5-seed-43,paper_conventional,paper_faithful,iteration_based_paper_interpretation,main,20,5,5,43,4,,6,before_sampling,activation,5,"""selu""","""selu""",5.265625,0.19870283018867924,success
paper_conventional-main-ants20-iterations5-epochs5-seed-43,paper_conventional,paper_faithful,iteration_based_paper_interpretation,main,20,5,5,43,4,,6,before_sampling,activation,6,"""gelu""","""gelu""",2.453125,0.09257075471698113,success
paper_conventional-main-ants20-iterations5-epochs5-seed-43,paper_conventional,paper_faithful,iteration_based_paper_interpretation,main,20,5,5,43,4,,6,before_sampling,activation,7,"""linear""","""linier""",2.734375,0.10318396226415094,success
paper_conventional-main-ants20-iterations5-epochs5-seed-43,paper_conventional,paper_faithful,iteration_based_paper_interpretation,main,20,5,5,43,4,,6,before_sampling,optimizer,0,"""adam""","""adam""",4.171875,0.15742924528301888,success
paper_conventional-main-ants20-iterations5-epochs5-seed-43,paper_conventional,paper_faithful,iteration_based_paper_interpretation,main,20,5,5,43,4,,6,before_sampling,optimizer,1,"""rmsprop""","""rmsprop""",1.078125,0.04068396226415094,success
paper_conventional-main-ants20-iterations5-epochs5-seed-43,paper_conventional,paper_faithful,iteration_based_paper_interpretation,main,20,5,5,43,4,,6,before_sampling,optimizer,2,"""sgd""","""sgd""",7.671875,0.28950471698113206,success
paper_conventional-main-ants20-iterations5-epochs5-seed-43,paper_conventional,paper_faithful,iteration_based_paper_interpretation,main,20,5,5,43,4,,6,before_sampling,optimizer,3,"""adadelta""","""adadelta""",4.109375,0.15507075471698112,success
paper_conventional-main-ants20-iterations5-epochs5-seed-43,paper_conventional,paper_faithful,iteration_based_paper_interpretation,main,20,5,5,43,4,,6,before_sampling,optimizer,4,"""adagrad""","""adagrad""",4.078125,0.15389150943396226,success
paper_conventional-main-ants20-iterations5-epochs5-seed-43,paper_conventional,paper_faithful,iteration_based_paper_interpretation,main,20,5,5,43,4,,6,before_sampling,optimizer,5,"""adamax""","""adamax""",0.421875,0.015919811320754717,success
paper_conventional-main-ants20-iterations5-epochs5-seed-43,paper_conventional,paper_faithful,iteration_based_paper_interpretation,main,20,5,5,43,4,,6,before_sampling,optimizer,6,"""ftrl""","""ftrl""",2.734375,0.10318396226415094,success
paper_conventional-main-ants20-iterations5-epochs5-seed-43,paper_conventional,paper_faithful,iteration_based_paper_interpretation,main,20,5,5,43,4,,6,before_sampling,optimizer,7,"""nadam""","""nadam""",2.234375,0.08431603773584906,success
paper_conventional-main-ants20-iterations5-epochs5-seed-43,paper_conventional,paper_faithful,iteration_based_paper_interpretation,main,20,5,5,43,4,,6,before_sampling,loss,0,"""sparse_categorical_crossentropy""","""sparse_categorical_crossentropy""",4.234375,0.15978773584905662,success
paper_conventional-main-ants20-iterations5-epochs5-seed-43,paper_conventional,paper_faithful,iteration_based_paper_interpretation,main,20,5,5,43,4,,6,before_sampling,loss,1,"""categorical_crossentropy""","""categorical_crossentropy""",2.328125,0.08785377358490566,success
paper_conventional-main-ants20-iterations5-epochs5-seed-43,paper_conventional,paper_faithful,iteration_based_paper_interpretation,main,20,5,5,43,4,,6,before_sampling,loss,2,"""binary_crossentropy""","""binary_crossentropy""",5.046875,0.19044811320754718,success
paper_conventional-main-ants20-iterations5-epochs5-seed-43,paper_conventional,paper_faithful,iteration_based_paper_interpretation,main,20,5,5,43,4,,6,before_sampling,loss,3,"""mean_absolute_error""","""mean_absolute_error""",4.234375,0.15978773584905662,success
paper_conventional-main-ants20-iterations5-epochs5-seed-43,paper_conventional,paper_faithful,iteration_based_paper_interpretation,main,20,5,5,43,4,,6,before_sampling,loss,4,"""mean_squared_error""","""mean_squared_error""",1.640625,0.061910377358490566,success
paper_conventional-main-ants20-iterations5-epochs5-seed-43,paper_conventional,paper_faithful,iteration_based_paper_interpretation,main,20,5,5,43,4,,6,before_sampling,loss,5,"""squared_hinge""","""squared_hinge""",1.859375,0.07016509433962265,success
paper_conventional-main-ants20-iterations5-epochs5-seed-43,paper_conventional,paper_faithful,iteration_based_paper_interpretation,main,20,5,5,43,4,,6,before_sampling,loss,6,"""categorical_hinge""","""categorical_hinge""",4.515625,0.1704009433962264,success
paper_conventional-main-ants20-iterations5-epochs5-seed-43,paper_conventional,paper_faithful,iteration_based_paper_interpretation,main,20,5,5,43,4,,6,before_sampling,loss,7,"""cosine_similarity""","""cosine_similarity""",2.640625,0.09964622641509434,success
paper_conventional-main-ants20-iterations5-epochs5-seed-43,paper_conventional,paper_faithful,iteration_based_paper_interpretation,main,20,5,5,43,4,,7,after_update,dense_units_1,0,16,16,2.67578125,0.08956589958158996,success
paper_conventional-main-ants20-iterations5-epochs5-seed-43,paper_conventional,paper_faithful,iteration_based_paper_interpretation,main,20,5,5,43,4,,7,after_update,dense_units_1,1,32,32,1.96484375,0.06576882845188285,success
paper_conventional-main-ants20-iterations5-epochs5-seed-43,paper_conventional,paper_faithful,iteration_based_paper_interpretation,main,20,5,5,43,4,,7,after_update,dense_units_1,2,64,64,3.70703125,0.1240847280334728,success
paper_conventional-main-ants20-iterations5-epochs5-seed-43,paper_conventional,paper_faithful,iteration_based_paper_interpretation,main,20,5,5,43,4,,7,after_update,dense_units_1,3,128,128,4.89453125,0.1638336820083682,success
paper_conventional-main-ants20-iterations5-epochs5-seed-43,paper_conventional,paper_faithful,iteration_based_paper_interpretation,main,20,5,5,43,4,,7,after_update,dense_units_1,4,256,256,5.36328125,0.17952405857740586,success
paper_conventional-main-ants20-iterations5-epochs5-seed-43,paper_conventional,paper_faithful,iteration_based_paper_interpretation,main,20,5,5,43,4,,7,after_update,dense_units_1,5,512,512,2.47265625,0.08276673640167365,success
paper_conventional-main-ants20-iterations5-epochs5-seed-43,paper_conventional,paper_faithful,iteration_based_paper_interpretation,main,20,5,5,43,4,,7,after_update,dense_units_1,6,1024,1024,2.34765625,0.0785826359832636,success
paper_conventional-main-ants20-iterations5-epochs5-seed-43,paper_conventional,paper_faithful,iteration_based_paper_interpretation,main,20,5,5,43,4,,7,after_update,dense_units_1,7,2048,2048,6.44921875,0.2158734309623431,success
paper_conventional-main-ants20-iterations5-epochs5-seed-43,paper_conventional,paper_faithful,iteration_based_paper_interpretation,main,20,5,5,43,4,,7,after_update,dense_units_2,0,16,16,6.46484375,0.21639644351464435,success
paper_conventional-main-ants20-iterations5-epochs5-seed-43,paper_conventional,paper_faithful,iteration_based_paper_interpretation,main,20,5,5,43,4,,7,after_update,dense_units_2,1,32,32,1.89453125,0.0634152719665272,success
paper_conventional-main-ants20-iterations5-epochs5-seed-43,paper_conventional,paper_faithful,iteration_based_paper_interpretation,main,20,5,5,43,4,,7,after_update,dense_units_2,2,64,64,2.46484375,0.08250523012552301,success
paper_conventional-main-ants20-iterations5-epochs5-seed-43,paper_conventional,paper_faithful,iteration_based_paper_interpretation,main,20,5,5,43,4,,7,after_update,dense_units_2,3,128,128,8.47265625,0.2836035564853556,success
paper_conventional-main-ants20-iterations5-epochs5-seed-43,paper_conventional,paper_faithful,iteration_based_paper_interpretation,main,20,5,5,43,4,,7,after_update,dense_units_2,4,256,256,3.01171875,0.10081066945606694,success
paper_conventional-main-ants20-iterations5-epochs5-seed-43,paper_conventional,paper_faithful,iteration_based_paper_interpretation,main,20,5,5,43,4,,7,after_update,dense_units_2,5,512,512,1.55859375,0.05217050209205021,success
paper_conventional-main-ants20-iterations5-epochs5-seed-43,paper_conventional,paper_faithful,iteration_based_paper_interpretation,main,20,5,5,43,4,,7,after_update,dense_units_2,6,1024,1024,2.55859375,0.08564330543933055,success
paper_conventional-main-ants20-iterations5-epochs5-seed-43,paper_conventional,paper_faithful,iteration_based_paper_interpretation,main,20,5,5,43,4,,7,after_update,dense_units_2,7,2048,2048,3.44921875,0.1154550209205021,success
paper_conventional-main-ants20-iterations5-epochs5-seed-43,paper_conventional,paper_faithful,iteration_based_paper_interpretation,main,20,5,5,43,4,,7,after_update,dropout_1,0,0.1,0.1,1.89453125,0.0634152719665272,success
paper_conventional-main-ants20-iterations5-epochs5-seed-43,paper_conventional,paper_faithful,iteration_based_paper_interpretation,main,20,5,5,43,4,,7,after_update,dropout_1,1,0.2,0.2,3.48828125,0.11676255230125523,success
paper_conventional-main-ants20-iterations5-epochs5-seed-43,paper_conventional,paper_faithful,iteration_based_paper_interpretation,main,20,5,5,43,4,,7,after_update,dropout_1,2,0.3,0.3,2.55859375,0.08564330543933055,success
paper_conventional-main-ants20-iterations5-epochs5-seed-43,paper_conventional,paper_faithful,iteration_based_paper_interpretation,main,20,5,5,43,4,,7,after_update,dropout_1,3,0.4,0.4,1.69140625,0.05661610878661088,success
paper_conventional-main-ants20-iterations5-epochs5-seed-43,paper_conventional,paper_faithful,iteration_based_paper_interpretation,main,20,5,5,43,4,,7,after_update,dropout_1,4,0.5,0.5,5.41796875,0.18135460251046026,success
paper_conventional-main-ants20-iterations5-epochs5-seed-43,paper_conventional,paper_faithful,iteration_based_paper_interpretation,main,20,5,5,43,4,,7,after_update,dropout_1,5,0.6,0.6,5.56640625,0.1863232217573222,success
paper_conventional-main-ants20-iterations5-epochs5-seed-43,paper_conventional,paper_faithful,iteration_based_paper_interpretation,main,20,5,5,43,4,,7,after_update,dropout_1,6,0.7,0.7,2.26953125,0.07596757322175732,success
paper_conventional-main-ants20-iterations5-epochs5-seed-43,paper_conventional,paper_faithful,iteration_based_paper_interpretation,main,20,5,5,43,4,,7,after_update,dropout_1,7,0.8,0.8,6.98828125,0.2339173640167364,success
paper_conventional-main-ants20-iterations5-epochs5-seed-43,paper_conventional,paper_faithful,iteration_based_paper_interpretation,main,20,5,5,43,4,,7,after_update,dropout_2,0,0.1,0.1,2.45703125,0.08224372384937238,success
paper_conventional-main-ants20-iterations5-epochs5-seed-43,paper_conventional,paper_faithful,iteration_based_paper_interpretation,main,20,5,5,43,4,,7,after_update,dropout_2,1,0.2,0.2,6.88671875,0.23051778242677826,success
paper_conventional-main-ants20-iterations5-epochs5-seed-43,paper_conventional,paper_faithful,iteration_based_paper_interpretation,main,20,5,5,43,4,,7,after_update,dropout_2,2,0.3,0.3,1.69140625,0.05661610878661088,success
paper_conventional-main-ants20-iterations5-epochs5-seed-43,paper_conventional,paper_faithful,iteration_based_paper_interpretation,main,20,5,5,43,4,,7,after_update,dropout_2,3,0.4,0.4,3.61328125,0.12094665271966527,success
paper_conventional-main-ants20-iterations5-epochs5-seed-43,paper_conventional,paper_faithful,iteration_based_paper_interpretation,main,20,5,5,43,4,,7,after_update,dropout_2,4,0.5,0.5,1.83984375,0.061584728033472806,success
paper_conventional-main-ants20-iterations5-epochs5-seed-43,paper_conventional,paper_faithful,iteration_based_paper_interpretation,main,20,5,5,43,4,,7,after_update,dropout_2,5,0.6,0.6,6.16015625,0.20619769874476987,success
paper_conventional-main-ants20-iterations5-epochs5-seed-43,paper_conventional,paper_faithful,iteration_based_paper_interpretation,main,20,5,5,43,4,,7,after_update,dropout_2,6,0.7,0.7,5.05078125,0.16906380753138076,success
paper_conventional-main-ants20-iterations5-epochs5-seed-43,paper_conventional,paper_faithful,iteration_based_paper_interpretation,main,20,5,5,43,4,,7,after_update,dropout_2,7,0.8,0.8,2.17578125,0.07282949790794979,success
paper_conventional-main-ants20-iterations5-epochs5-seed-43,paper_conventional,paper_faithful,iteration_based_paper_interpretation,main,20,5,5,43,4,,7,after_update,batch_size,0,16,16,1.19140625,0.03987970711297071,success
paper_conventional-main-ants20-iterations5-epochs5-seed-43,paper_conventional,paper_faithful,iteration_based_paper_interpretation,main,20,5,5,43,4,,7,after_update,batch_size,1,32,32,3.40234375,0.11388598326359832,success
paper_conventional-main-ants20-iterations5-epochs5-seed-43,paper_conventional,paper_faithful,iteration_based_paper_interpretation,main,20,5,5,43,4,,7,after_update,batch_size,2,64,64,3.69921875,0.12382322175732217,success
paper_conventional-main-ants20-iterations5-epochs5-seed-43,paper_conventional,paper_faithful,iteration_based_paper_interpretation,main,20,5,5,43,4,,7,after_update,batch_size,3,128,128,2.10546875,0.07047594142259414,success
paper_conventional-main-ants20-iterations5-epochs5-seed-43,paper_conventional,paper_faithful,iteration_based_paper_interpretation,main,20,5,5,43,4,,7,after_update,batch_size,4,256,256,7.27734375,0.24359309623430964,success
paper_conventional-main-ants20-iterations5-epochs5-seed-43,paper_conventional,paper_faithful,iteration_based_paper_interpretation,main,20,5,5,43,4,,7,after_update,batch_size,5,512,512,2.08984375,0.06995292887029289,success
paper_conventional-main-ants20-iterations5-epochs5-seed-43,paper_conventional,paper_faithful,iteration_based_paper_interpretation,main,20,5,5,43,4,,7,after_update,batch_size,6,1024,1024,7.49609375,0.2509152719665272,success
paper_conventional-main-ants20-iterations5-epochs5-seed-43,paper_conventional,paper_faithful,iteration_based_paper_interpretation,main,20,5,5,43,4,,7,after_update,batch_size,7,2048,2048,2.61328125,0.08747384937238493,success
paper_conventional-main-ants20-iterations5-epochs5-seed-43,paper_conventional,paper_faithful,iteration_based_paper_interpretation,main,20,5,5,43,4,,7,after_update,activation,0,"""relu""","""relu""",3.05859375,0.10237970711297072,success
paper_conventional-main-ants20-iterations5-epochs5-seed-43,paper_conventional,paper_faithful,iteration_based_paper_interpretation,main,20,5,5,43,4,,7,after_update,activation,1,"""sigmoid""","""sigmoid""",3.34765625,0.11205543933054393,success
paper_conventional-main-ants20-iterations5-epochs5-seed-43,paper_conventional,paper_faithful,iteration_based_paper_interpretation,main,20,5,5,43,4,,7,after_update,activation,2,"""softplus""","""softplus""",4.09765625,0.1371600418410042,success
paper_conventional-main-ants20-iterations5-epochs5-seed-43,paper_conventional,paper_faithful,iteration_based_paper_interpretation,main,20,5,5,43,4,,7,after_update,activation,3,"""softsign""","""softsign""",3.98046875,0.13323744769874477,success
paper_conventional-main-ants20-iterations5-epochs5-seed-43,paper_conventional,paper_faithful,iteration_based_paper_interpretation,main,20,5,5,43,4,,7,after_update,activation,4,"""tanh""","""tanh""",2.55078125,0.08538179916317992,success
paper_conventional-main-ants20-iterations5-epochs5-seed-43,paper_conventional,paper_faithful,iteration_based_paper_interpretation,main,20,5,5,43,4,,7,after_update,activation,5,"""selu""","""selu""",7.44921875,0.24934623430962344,success
paper_conventional-main-ants20-iterations5-epochs5-seed-43,paper_conventional,paper_faithful,iteration_based_paper_interpretation,main,20,5,5,43,4,,7,after_update,activation,6,"""gelu""","""gelu""",2.83984375,0.09505753138075314,success
paper_conventional-main-ants20-iterations5-epochs5-seed-43,paper_conventional,paper_faithful,iteration_based_paper_interpretation,main,20,5,5,43,4,,7,after_update,activation,7,"""linear""","""linier""",2.55078125,0.08538179916317992,success
paper_conventional-main-ants20-iterations5-epochs5-seed-43,paper_conventional,paper_faithful,iteration_based_paper_interpretation,main,20,5,5,43,4,,7,after_update,optimizer,0,"""adam""","""adam""",3.62890625,0.12146966527196652,success
paper_conventional-main-ants20-iterations5-epochs5-seed-43,paper_conventional,paper_faithful,iteration_based_paper_interpretation,main,20,5,5,43,4,,7,after_update,optimizer,1,"""rmsprop""","""rmsprop""",2.30859375,0.07727510460251046,success
paper_conventional-main-ants20-iterations5-epochs5-seed-43,paper_conventional,paper_faithful,iteration_based_paper_interpretation,main,20,5,5,43,4,,7,after_update,optimizer,2,"""sgd""","""sgd""",7.25390625,0.24280857740585773,success
paper_conventional-main-ants20-iterations5-epochs5-seed-43,paper_conventional,paper_faithful,iteration_based_paper_interpretation,main,20,5,5,43,4,,7,after_update,optimizer,3,"""adadelta""","""adadelta""",5.08203125,0.17010983263598325,success
paper_conventional-main-ants20-iterations5-epochs5-seed-43,paper_conventional,paper_faithful,iteration_based_paper_interpretation,main,20,5,5,43,4,,7,after_update,optimizer,4,"""adagrad""","""adagrad""",6.05859375,0.20279811715481172,success
paper_conventional-main-ants20-iterations5-epochs5-seed-43,paper_conventional,paper_faithful,iteration_based_paper_interpretation,main,20,5,5,43,4,,7,after_update,optimizer,5,"""adamax""","""adamax""",0.31640625,0.010591004184100418,success
paper_conventional-main-ants20-iterations5-epochs5-seed-43,paper_conventional,paper_faithful,iteration_based_paper_interpretation,main,20,5,5,43,4,,7,after_update,optimizer,6,"""ftrl""","""ftrl""",2.55078125,0.08538179916317992,success
paper_conventional-main-ants20-iterations5-epochs5-seed-43,paper_conventional,paper_faithful,iteration_based_paper_interpretation,main,20,5,5,43,4,,7,after_update,optimizer,7,"""nadam""","""nadam""",2.67578125,0.08956589958158996,success
paper_conventional-main-ants20-iterations5-epochs5-seed-43,paper_conventional,paper_faithful,iteration_based_paper_interpretation,main,20,5,5,43,4,,7,after_update,loss,0,"""sparse_categorical_crossentropy""","""sparse_categorical_crossentropy""",5.17578125,0.1732479079497908,success
paper_conventional-main-ants20-iterations5-epochs5-seed-43,paper_conventional,paper_faithful,iteration_based_paper_interpretation,main,20,5,5,43,4,,7,after_update,loss,1,"""categorical_crossentropy""","""categorical_crossentropy""",1.74609375,0.058446652719665274,success
paper_conventional-main-ants20-iterations5-epochs5-seed-43,paper_conventional,paper_faithful,iteration_based_paper_interpretation,main,20,5,5,43,4,,7,after_update,loss,2,"""binary_crossentropy""","""binary_crossentropy""",7.28515625,0.24385460251046026,success
paper_conventional-main-ants20-iterations5-epochs5-seed-43,paper_conventional,paper_faithful,iteration_based_paper_interpretation,main,20,5,5,43,4,,7,after_update,loss,3,"""mean_absolute_error""","""mean_absolute_error""",4.17578125,0.13977510460251047,success
paper_conventional-main-ants20-iterations5-epochs5-seed-43,paper_conventional,paper_faithful,iteration_based_paper_interpretation,main,20,5,5,43,4,,7,after_update,loss,4,"""mean_squared_error""","""mean_squared_error""",1.73046875,0.05792364016736402,success
paper_conventional-main-ants20-iterations5-epochs5-seed-43,paper_conventional,paper_faithful,iteration_based_paper_interpretation,main,20,5,5,43,4,,7,after_update,loss,5,"""squared_hinge""","""squared_hinge""",2.39453125,0.08015167364016737,success
paper_conventional-main-ants20-iterations5-epochs5-seed-43,paper_conventional,paper_faithful,iteration_based_paper_interpretation,main,20,5,5,43,4,,7,after_update,loss,6,"""categorical_hinge""","""categorical_hinge""",4.88671875,0.16357217573221758,success
paper_conventional-main-ants20-iterations5-epochs5-seed-43,paper_conventional,paper_faithful,iteration_based_paper_interpretation,main,20,5,5,43,4,,7,after_update,loss,7,"""cosine_similarity""","""cosine_similarity""",2.48046875,0.08302824267782427,success
paper_conventional-main-ants20-iterations5-epochs5-seed-43,paper_conventional,paper_faithful,iteration_based_paper_interpretation,main,20,5,5,43,5,,8,before_sampling,dense_units_1,0,16,16,2.67578125,0.08956589958158996,success
paper_conventional-main-ants20-iterations5-epochs5-seed-43,paper_conventional,paper_faithful,iteration_based_paper_interpretation,main,20,5,5,43,5,,8,before_sampling,dense_units_1,1,32,32,1.96484375,0.06576882845188285,success
paper_conventional-main-ants20-iterations5-epochs5-seed-43,paper_conventional,paper_faithful,iteration_based_paper_interpretation,main,20,5,5,43,5,,8,before_sampling,dense_units_1,2,64,64,3.70703125,0.1240847280334728,success
paper_conventional-main-ants20-iterations5-epochs5-seed-43,paper_conventional,paper_faithful,iteration_based_paper_interpretation,main,20,5,5,43,5,,8,before_sampling,dense_units_1,3,128,128,4.89453125,0.1638336820083682,success
paper_conventional-main-ants20-iterations5-epochs5-seed-43,paper_conventional,paper_faithful,iteration_based_paper_interpretation,main,20,5,5,43,5,,8,before_sampling,dense_units_1,4,256,256,5.36328125,0.17952405857740586,success
paper_conventional-main-ants20-iterations5-epochs5-seed-43,paper_conventional,paper_faithful,iteration_based_paper_interpretation,main,20,5,5,43,5,,8,before_sampling,dense_units_1,5,512,512,2.47265625,0.08276673640167365,success
paper_conventional-main-ants20-iterations5-epochs5-seed-43,paper_conventional,paper_faithful,iteration_based_paper_interpretation,main,20,5,5,43,5,,8,before_sampling,dense_units_1,6,1024,1024,2.34765625,0.0785826359832636,success
paper_conventional-main-ants20-iterations5-epochs5-seed-43,paper_conventional,paper_faithful,iteration_based_paper_interpretation,main,20,5,5,43,5,,8,before_sampling,dense_units_1,7,2048,2048,6.44921875,0.2158734309623431,success
paper_conventional-main-ants20-iterations5-epochs5-seed-43,paper_conventional,paper_faithful,iteration_based_paper_interpretation,main,20,5,5,43,5,,8,before_sampling,dense_units_2,0,16,16,6.46484375,0.21639644351464435,success
paper_conventional-main-ants20-iterations5-epochs5-seed-43,paper_conventional,paper_faithful,iteration_based_paper_interpretation,main,20,5,5,43,5,,8,before_sampling,dense_units_2,1,32,32,1.89453125,0.0634152719665272,success
paper_conventional-main-ants20-iterations5-epochs5-seed-43,paper_conventional,paper_faithful,iteration_based_paper_interpretation,main,20,5,5,43,5,,8,before_sampling,dense_units_2,2,64,64,2.46484375,0.08250523012552301,success
paper_conventional-main-ants20-iterations5-epochs5-seed-43,paper_conventional,paper_faithful,iteration_based_paper_interpretation,main,20,5,5,43,5,,8,before_sampling,dense_units_2,3,128,128,8.47265625,0.2836035564853556,success
paper_conventional-main-ants20-iterations5-epochs5-seed-43,paper_conventional,paper_faithful,iteration_based_paper_interpretation,main,20,5,5,43,5,,8,before_sampling,dense_units_2,4,256,256,3.01171875,0.10081066945606694,success
paper_conventional-main-ants20-iterations5-epochs5-seed-43,paper_conventional,paper_faithful,iteration_based_paper_interpretation,main,20,5,5,43,5,,8,before_sampling,dense_units_2,5,512,512,1.55859375,0.05217050209205021,success
paper_conventional-main-ants20-iterations5-epochs5-seed-43,paper_conventional,paper_faithful,iteration_based_paper_interpretation,main,20,5,5,43,5,,8,before_sampling,dense_units_2,6,1024,1024,2.55859375,0.08564330543933055,success
paper_conventional-main-ants20-iterations5-epochs5-seed-43,paper_conventional,paper_faithful,iteration_based_paper_interpretation,main,20,5,5,43,5,,8,before_sampling,dense_units_2,7,2048,2048,3.44921875,0.1154550209205021,success
paper_conventional-main-ants20-iterations5-epochs5-seed-43,paper_conventional,paper_faithful,iteration_based_paper_interpretation,main,20,5,5,43,5,,8,before_sampling,dropout_1,0,0.1,0.1,1.89453125,0.0634152719665272,success
paper_conventional-main-ants20-iterations5-epochs5-seed-43,paper_conventional,paper_faithful,iteration_based_paper_interpretation,main,20,5,5,43,5,,8,before_sampling,dropout_1,1,0.2,0.2,3.48828125,0.11676255230125523,success
paper_conventional-main-ants20-iterations5-epochs5-seed-43,paper_conventional,paper_faithful,iteration_based_paper_interpretation,main,20,5,5,43,5,,8,before_sampling,dropout_1,2,0.3,0.3,2.55859375,0.08564330543933055,success
paper_conventional-main-ants20-iterations5-epochs5-seed-43,paper_conventional,paper_faithful,iteration_based_paper_interpretation,main,20,5,5,43,5,,8,before_sampling,dropout_1,3,0.4,0.4,1.69140625,0.05661610878661088,success
paper_conventional-main-ants20-iterations5-epochs5-seed-43,paper_conventional,paper_faithful,iteration_based_paper_interpretation,main,20,5,5,43,5,,8,before_sampling,dropout_1,4,0.5,0.5,5.41796875,0.18135460251046026,success
paper_conventional-main-ants20-iterations5-epochs5-seed-43,paper_conventional,paper_faithful,iteration_based_paper_interpretation,main,20,5,5,43,5,,8,before_sampling,dropout_1,5,0.6,0.6,5.56640625,0.1863232217573222,success
paper_conventional-main-ants20-iterations5-epochs5-seed-43,paper_conventional,paper_faithful,iteration_based_paper_interpretation,main,20,5,5,43,5,,8,before_sampling,dropout_1,6,0.7,0.7,2.26953125,0.07596757322175732,success
paper_conventional-main-ants20-iterations5-epochs5-seed-43,paper_conventional,paper_faithful,iteration_based_paper_interpretation,main,20,5,5,43,5,,8,before_sampling,dropout_1,7,0.8,0.8,6.98828125,0.2339173640167364,success
paper_conventional-main-ants20-iterations5-epochs5-seed-43,paper_conventional,paper_faithful,iteration_based_paper_interpretation,main,20,5,5,43,5,,8,before_sampling,dropout_2,0,0.1,0.1,2.45703125,0.08224372384937238,success
paper_conventional-main-ants20-iterations5-epochs5-seed-43,paper_conventional,paper_faithful,iteration_based_paper_interpretation,main,20,5,5,43,5,,8,before_sampling,dropout_2,1,0.2,0.2,6.88671875,0.23051778242677826,success
paper_conventional-main-ants20-iterations5-epochs5-seed-43,paper_conventional,paper_faithful,iteration_based_paper_interpretation,main,20,5,5,43,5,,8,before_sampling,dropout_2,2,0.3,0.3,1.69140625,0.05661610878661088,success
paper_conventional-main-ants20-iterations5-epochs5-seed-43,paper_conventional,paper_faithful,iteration_based_paper_interpretation,main,20,5,5,43,5,,8,before_sampling,dropout_2,3,0.4,0.4,3.61328125,0.12094665271966527,success
paper_conventional-main-ants20-iterations5-epochs5-seed-43,paper_conventional,paper_faithful,iteration_based_paper_interpretation,main,20,5,5,43,5,,8,before_sampling,dropout_2,4,0.5,0.5,1.83984375,0.061584728033472806,success
paper_conventional-main-ants20-iterations5-epochs5-seed-43,paper_conventional,paper_faithful,iteration_based_paper_interpretation,main,20,5,5,43,5,,8,before_sampling,dropout_2,5,0.6,0.6,6.16015625,0.20619769874476987,success
paper_conventional-main-ants20-iterations5-epochs5-seed-43,paper_conventional,paper_faithful,iteration_based_paper_interpretation,main,20,5,5,43,5,,8,before_sampling,dropout_2,6,0.7,0.7,5.05078125,0.16906380753138076,success
paper_conventional-main-ants20-iterations5-epochs5-seed-43,paper_conventional,paper_faithful,iteration_based_paper_interpretation,main,20,5,5,43,5,,8,before_sampling,dropout_2,7,0.8,0.8,2.17578125,0.07282949790794979,success
paper_conventional-main-ants20-iterations5-epochs5-seed-43,paper_conventional,paper_faithful,iteration_based_paper_interpretation,main,20,5,5,43,5,,8,before_sampling,batch_size,0,16,16,1.19140625,0.03987970711297071,success
paper_conventional-main-ants20-iterations5-epochs5-seed-43,paper_conventional,paper_faithful,iteration_based_paper_interpretation,main,20,5,5,43,5,,8,before_sampling,batch_size,1,32,32,3.40234375,0.11388598326359832,success
paper_conventional-main-ants20-iterations5-epochs5-seed-43,paper_conventional,paper_faithful,iteration_based_paper_interpretation,main,20,5,5,43,5,,8,before_sampling,batch_size,2,64,64,3.69921875,0.12382322175732217,success
paper_conventional-main-ants20-iterations5-epochs5-seed-43,paper_conventional,paper_faithful,iteration_based_paper_interpretation,main,20,5,5,43,5,,8,before_sampling,batch_size,3,128,128,2.10546875,0.07047594142259414,success
paper_conventional-main-ants20-iterations5-epochs5-seed-43,paper_conventional,paper_faithful,iteration_based_paper_interpretation,main,20,5,5,43,5,,8,before_sampling,batch_size,4,256,256,7.27734375,0.24359309623430964,success
paper_conventional-main-ants20-iterations5-epochs5-seed-43,paper_conventional,paper_faithful,iteration_based_paper_interpretation,main,20,5,5,43,5,,8,before_sampling,batch_size,5,512,512,2.08984375,0.06995292887029289,success
paper_conventional-main-ants20-iterations5-epochs5-seed-43,paper_conventional,paper_faithful,iteration_based_paper_interpretation,main,20,5,5,43,5,,8,before_sampling,batch_size,6,1024,1024,7.49609375,0.2509152719665272,success
paper_conventional-main-ants20-iterations5-epochs5-seed-43,paper_conventional,paper_faithful,iteration_based_paper_interpretation,main,20,5,5,43,5,,8,before_sampling,batch_size,7,2048,2048,2.61328125,0.08747384937238493,success
paper_conventional-main-ants20-iterations5-epochs5-seed-43,paper_conventional,paper_faithful,iteration_based_paper_interpretation,main,20,5,5,43,5,,8,before_sampling,activation,0,"""relu""","""relu""",3.05859375,0.10237970711297072,success
paper_conventional-main-ants20-iterations5-epochs5-seed-43,paper_conventional,paper_faithful,iteration_based_paper_interpretation,main,20,5,5,43,5,,8,before_sampling,activation,1,"""sigmoid""","""sigmoid""",3.34765625,0.11205543933054393,success
paper_conventional-main-ants20-iterations5-epochs5-seed-43,paper_conventional,paper_faithful,iteration_based_paper_interpretation,main,20,5,5,43,5,,8,before_sampling,activation,2,"""softplus""","""softplus""",4.09765625,0.1371600418410042,success
paper_conventional-main-ants20-iterations5-epochs5-seed-43,paper_conventional,paper_faithful,iteration_based_paper_interpretation,main,20,5,5,43,5,,8,before_sampling,activation,3,"""softsign""","""softsign""",3.98046875,0.13323744769874477,success
paper_conventional-main-ants20-iterations5-epochs5-seed-43,paper_conventional,paper_faithful,iteration_based_paper_interpretation,main,20,5,5,43,5,,8,before_sampling,activation,4,"""tanh""","""tanh""",2.55078125,0.08538179916317992,success
paper_conventional-main-ants20-iterations5-epochs5-seed-43,paper_conventional,paper_faithful,iteration_based_paper_interpretation,main,20,5,5,43,5,,8,before_sampling,activation,5,"""selu""","""selu""",7.44921875,0.24934623430962344,success
paper_conventional-main-ants20-iterations5-epochs5-seed-43,paper_conventional,paper_faithful,iteration_based_paper_interpretation,main,20,5,5,43,5,,8,before_sampling,activation,6,"""gelu""","""gelu""",2.83984375,0.09505753138075314,success
paper_conventional-main-ants20-iterations5-epochs5-seed-43,paper_conventional,paper_faithful,iteration_based_paper_interpretation,main,20,5,5,43,5,,8,before_sampling,activation,7,"""linear""","""linier""",2.55078125,0.08538179916317992,success
paper_conventional-main-ants20-iterations5-epochs5-seed-43,paper_conventional,paper_faithful,iteration_based_paper_interpretation,main,20,5,5,43,5,,8,before_sampling,optimizer,0,"""adam""","""adam""",3.62890625,0.12146966527196652,success
paper_conventional-main-ants20-iterations5-epochs5-seed-43,paper_conventional,paper_faithful,iteration_based_paper_interpretation,main,20,5,5,43,5,,8,before_sampling,optimizer,1,"""rmsprop""","""rmsprop""",2.30859375,0.07727510460251046,success
paper_conventional-main-ants20-iterations5-epochs5-seed-43,paper_conventional,paper_faithful,iteration_based_paper_interpretation,main,20,5,5,43,5,,8,before_sampling,optimizer,2,"""sgd""","""sgd""",7.25390625,0.24280857740585773,success
paper_conventional-main-ants20-iterations5-epochs5-seed-43,paper_conventional,paper_faithful,iteration_based_paper_interpretation,main,20,5,5,43,5,,8,before_sampling,optimizer,3,"""adadelta""","""adadelta""",5.08203125,0.17010983263598325,success
paper_conventional-main-ants20-iterations5-epochs5-seed-43,paper_conventional,paper_faithful,iteration_based_paper_interpretation,main,20,5,5,43,5,,8,before_sampling,optimizer,4,"""adagrad""","""adagrad""",6.05859375,0.20279811715481172,success
paper_conventional-main-ants20-iterations5-epochs5-seed-43,paper_conventional,paper_faithful,iteration_based_paper_interpretation,main,20,5,5,43,5,,8,before_sampling,optimizer,5,"""adamax""","""adamax""",0.31640625,0.010591004184100418,success
paper_conventional-main-ants20-iterations5-epochs5-seed-43,paper_conventional,paper_faithful,iteration_based_paper_interpretation,main,20,5,5,43,5,,8,before_sampling,optimizer,6,"""ftrl""","""ftrl""",2.55078125,0.08538179916317992,success
paper_conventional-main-ants20-iterations5-epochs5-seed-43,paper_conventional,paper_faithful,iteration_based_paper_interpretation,main,20,5,5,43,5,,8,before_sampling,optimizer,7,"""nadam""","""nadam""",2.67578125,0.08956589958158996,success
paper_conventional-main-ants20-iterations5-epochs5-seed-43,paper_conventional,paper_faithful,iteration_based_paper_interpretation,main,20,5,5,43,5,,8,before_sampling,loss,0,"""sparse_categorical_crossentropy""","""sparse_categorical_crossentropy""",5.17578125,0.1732479079497908,success
paper_conventional-main-ants20-iterations5-epochs5-seed-43,paper_conventional,paper_faithful,iteration_based_paper_interpretation,main,20,5,5,43,5,,8,before_sampling,loss,1,"""categorical_crossentropy""","""categorical_crossentropy""",1.74609375,0.058446652719665274,success
paper_conventional-main-ants20-iterations5-epochs5-seed-43,paper_conventional,paper_faithful,iteration_based_paper_interpretation,main,20,5,5,43,5,,8,before_sampling,loss,2,"""binary_crossentropy""","""binary_crossentropy""",7.28515625,0.24385460251046026,success
paper_conventional-main-ants20-iterations5-epochs5-seed-43,paper_conventional,paper_faithful,iteration_based_paper_interpretation,main,20,5,5,43,5,,8,before_sampling,loss,3,"""mean_absolute_error""","""mean_absolute_error""",4.17578125,0.13977510460251047,success
paper_conventional-main-ants20-iterations5-epochs5-seed-43,paper_conventional,paper_faithful,iteration_based_paper_interpretation,main,20,5,5,43,5,,8,before_sampling,loss,4,"""mean_squared_error""","""mean_squared_error""",1.73046875,0.05792364016736402,success
paper_conventional-main-ants20-iterations5-epochs5-seed-43,paper_conventional,paper_faithful,iteration_based_paper_interpretation,main,20,5,5,43,5,,8,before_sampling,loss,5,"""squared_hinge""","""squared_hinge""",2.39453125,0.08015167364016737,success
paper_conventional-main-ants20-iterations5-epochs5-seed-43,paper_conventional,paper_faithful,iteration_based_paper_interpretation,main,20,5,5,43,5,,8,before_sampling,loss,6,"""categorical_hinge""","""categorical_hinge""",4.88671875,0.16357217573221758,success
paper_conventional-main-ants20-iterations5-epochs5-seed-43,paper_conventional,paper_faithful,iteration_based_paper_interpretation,main,20,5,5,43,5,,8,before_sampling,loss,7,"""cosine_similarity""","""cosine_similarity""",2.48046875,0.08302824267782427,success
paper_conventional-main-ants20-iterations5-epochs5-seed-43,paper_conventional,paper_faithful,iteration_based_paper_interpretation,main,20,5,5,43,5,,9,after_update,dense_units_1,0,16,16,2.5068359375,0.07735655737704918,success
paper_conventional-main-ants20-iterations5-epochs5-seed-43,paper_conventional,paper_faithful,iteration_based_paper_interpretation,main,20,5,5,43,5,,9,after_update,dense_units_1,1,32,32,2.9736328125,0.09176108968177435,success
paper_conventional-main-ants20-iterations5-epochs5-seed-43,paper_conventional,paper_faithful,iteration_based_paper_interpretation,main,20,5,5,43,5,,9,after_update,dense_units_1,2,64,64,3.2802734375,0.101223481195757,success
paper_conventional-main-ants20-iterations5-epochs5-seed-43,paper_conventional,paper_faithful,iteration_based_paper_interpretation,main,20,5,5,43,5,,9,after_update,dense_units_1,3,128,128,6.6708984375,0.20585221793635486,success
paper_conventional-main-ants20-iterations5-epochs5-seed-43,paper_conventional,paper_faithful,iteration_based_paper_interpretation,main,20,5,5,43,5,,9,after_update,dense_units_1,4,256,256,5.0224609375,0.15498432979749277,success
paper_conventional-main-ants20-iterations5-epochs5-seed-43,paper_conventional,paper_faithful,iteration_based_paper_interpretation,main,20,5,5,43,5,,9,after_update,dense_units_1,5,512,512,2.8544921875,0.08808461909353905,success
paper_conventional-main-ants20-iterations5-epochs5-seed-43,paper_conventional,paper_faithful,iteration_based_paper_interpretation,main,20,5,5,43,5,,9,after_update,dense_units_1,6,1024,1024,2.7607421875,0.08519165863066538,success
paper_conventional-main-ants20-iterations5-epochs5-seed-43,paper_conventional,paper_faithful,iteration_based_paper_interpretation,main,20,5,5,43,5,,9,after_update,dense_units_1,7,2048,2048,6.3369140625,0.1955460462873674,success
paper_conventional-main-ants20-iterations5-epochs5-seed-43,paper_conventional,paper_faithful,iteration_based_paper_interpretation,main,20,5,5,43,5,,9,after_update,dense_units_2,0,16,16,7.8486328125,0.2421950337512054,success
paper_conventional-main-ants20-iterations5-epochs5-seed-43,paper_conventional,paper_faithful,iteration_based_paper_interpretation,main,20,5,5,43,5,,9,after_update,dense_units_2,1,32,32,1.4208984375,0.04384643201542912,success
paper_conventional-main-ants20-iterations5-epochs5-seed-43,paper_conventional,paper_faithful,iteration_based_paper_interpretation,main,20,5,5,43,5,,9,after_update,dense_units_2,2,64,64,2.8486328125,0.08790380906460946,success
paper_conventional-main-ants20-iterations5-epochs5-seed-43,paper_conventional,paper_faithful,iteration_based_paper_interpretation,main,20,5,5,43,5,,9,after_update,dense_units_2,3,128,128,9.3544921875,0.28866321118611377,success
paper_conventional-main-ants20-iterations5-epochs5-seed-43,paper_conventional,paper_faithful,iteration_based_paper_interpretation,main,20,5,5,43,5,,9,after_update,dense_units_2,4,256,256,3.2587890625,0.10056051108968178,success
paper_conventional-main-ants20-iterations5-epochs5-seed-43,paper_conventional,paper_faithful,iteration_based_paper_interpretation,main,20,5,5,43,5,,9,after_update,dense_units_2,5,512,512,2.1689453125,0.06692984570877532,success
paper_conventional-main-ants20-iterations5-epochs5-seed-43,paper_conventional,paper_faithful,iteration_based_paper_interpretation,main,20,5,5,43,5,,9,after_update,dense_units_2,6,1024,1024,2.4189453125,0.0746444069431051,success
paper_conventional-main-ants20-iterations5-epochs5-seed-43,paper_conventional,paper_faithful,iteration_based_paper_interpretation,main,20,5,5,43,5,,9,after_update,dense_units_2,7,2048,2048,3.0869140625,0.09525675024108003,success
paper_conventional-main-ants20-iterations5-epochs5-seed-43,paper_conventional,paper_faithful,iteration_based_paper_interpretation,main,20,5,5,43,5,,9,after_update,dropout_1,0,0.1,0.1,1.9208984375,0.059275554484088715,success
paper_conventional-main-ants20-iterations5-epochs5-seed-43,paper_conventional,paper_faithful,iteration_based_paper_interpretation,main,20,5,5,43,5,,9,after_update,dropout_1,1,0.2,0.2,4.1162109375,0.12701904532304725,success
paper_conventional-main-ants20-iterations5-epochs5-seed-43,paper_conventional,paper_faithful,iteration_based_paper_interpretation,main,20,5,5,43,5,,9,after_update,dropout_1,2,0.3,0.3,1.9189453125,0.05921528447444552,success
paper_conventional-main-ants20-iterations5-epochs5-seed-43,paper_conventional,paper_faithful,iteration_based_paper_interpretation,main,20,5,5,43,5,,9,after_update,dropout_1,3,0.4,0.4,1.2685546875,0.039145371263259406,success
paper_conventional-main-ants20-iterations5-epochs5-seed-43,paper_conventional,paper_faithful,iteration_based_paper_interpretation,main,20,5,5,43,5,,9,after_update,dropout_1,4,0.5,0.5,7.5634765625,0.23339561234329798,success
paper_conventional-main-ants20-iterations5-epochs5-seed-43,paper_conventional,paper_faithful,iteration_based_paper_interpretation,main,20,5,5,43,5,,9,after_update,dropout_1,5,0.6,0.6,5.1748046875,0.1596853905496625,success
paper_conventional-main-ants20-iterations5-epochs5-seed-43,paper_conventional,paper_faithful,iteration_based_paper_interpretation,main,20,5,5,43,5,,9,after_update,dropout_1,6,0.7,0.7,3.2021484375,0.09881268081002893,success
paper_conventional-main-ants20-iterations5-epochs5-seed-43,paper_conventional,paper_faithful,iteration_based_paper_interpretation,main,20,5,5,43,5,,9,after_update,dropout_1,7,0.8,0.8,7.2412109375,0.22345106075216972,success
paper_conventional-main-ants20-iterations5-epochs5-seed-43,paper_conventional,paper_faithful,iteration_based_paper_interpretation,main,20,5,5,43,5,,9,after_update,dropout_2,0,0.1,0.1,2.8427734375,0.08772299903567984,success
paper_conventional-main-ants20-iterations5-epochs5-seed-43,paper_conventional,paper_faithful,iteration_based_paper_interpretation,main,20,5,5,43,5,,9,after_update,dropout_2,1,0.2,0.2,7.6650390625,0.23652965284474445,success
paper_conventional-main-ants20-iterations5-epochs5-seed-43,paper_conventional,paper_faithful,iteration_based_paper_interpretation,main,20,5,5,43,5,,9,after_update,dropout_2,2,0.3,0.3,1.7685546875,0.054574493731919,success
paper_conventional-main-ants20-iterations5-epochs5-seed-43,paper_conventional,paper_faithful,iteration_based_paper_interpretation,main,20,5,5,43,5,,9,after_update,dropout_2,3,0.4,0.4,4.7099609375,0.1453411282545805,success
paper_conventional-main-ants20-iterations5-epochs5-seed-43,paper_conventional,paper_faithful,iteration_based_paper_interpretation,main,20,5,5,43,5,,9,after_update,dropout_2,4,0.5,0.5,1.3798828125,0.04258076181292189,success
paper_conventional-main-ants20-iterations5-epochs5-seed-43,paper_conventional,paper_faithful,iteration_based_paper_interpretation,main,20,5,5,43,5,,9,after_update,dropout_2,5,0.6,0.6,5.6201171875,0.17342695274831244,success
paper_conventional-main-ants20-iterations5-epochs5-seed-43,paper_conventional,paper_faithful,iteration_based_paper_interpretation,main,20,5,5,43,5,,9,after_update,dropout_2,6,0.7,0.7,6.2880859375,0.19403929604628736,success
paper_conventional-main-ants20-iterations5-epochs5-seed-43,paper_conventional,paper_faithful,iteration_based_paper_interpretation,main,20,5,5,43,5,,9,after_update,dropout_2,7,0.8,0.8,2.1318359375,0.06578471552555448,success
paper_conventional-main-ants20-iterations5-epochs5-seed-43,paper_conventional,paper_faithful,iteration_based_paper_interpretation,main,20,5,5,43,5,,9,after_update,batch_size,0,16,16,0.8935546875,0.027573529411764705,success
paper_conventional-main-ants20-iterations5-epochs5-seed-43,paper_conventional,paper_faithful,iteration_based_paper_interpretation,main,20,5,5,43,5,,9,after_update,batch_size,1,32,32,4.0517578125,0.1250301350048216,success
paper_conventional-main-ants20-iterations5-epochs5-seed-43,paper_conventional,paper_faithful,iteration_based_paper_interpretation,main,20,5,5,43,5,,9,after_update,batch_size,2,64,64,2.7744140625,0.08561354869816779,success
paper_conventional-main-ants20-iterations5-epochs5-seed-43,paper_conventional,paper_faithful,iteration_based_paper_interpretation,main,20,5,5,43,5,,9,after_update,batch_size,3,128,128,3.0791015625,0.09501567020250723,success
paper_conventional-main-ants20-iterations5-epochs5-seed-43,paper_conventional,paper_faithful,iteration_based_paper_interpretation,main,20,5,5,43,5,,9,after_update,batch_size,4,256,256,6.9580078125,0.2147119093539055,success
paper_conventional-main-ants20-iterations5-epochs5-seed-43,paper_conventional,paper_faithful,iteration_based_paper_interpretation,main,20,5,5,43,5,,9,after_update,batch_size,5,512,512,3.0673828125,0.09465405014464802,success
paper_conventional-main-ants20-iterations5-epochs5-seed-43,paper_conventional,paper_faithful,iteration_based_paper_interpretation,main,20,5,5,43,5,,9,after_update,batch_size,6,1024,1024,8.1220703125,0.2506328351012536,success
paper_conventional-main-ants20-iterations5-epochs5-seed-43,paper_conventional,paper_faithful,iteration_based_paper_interpretation,main,20,5,5,43,5,,9,after_update,batch_size,7,2048,2048,3.4599609375,0.10676832208293154,success
paper_conventional-main-ants20-iterations5-epochs5-seed-43,paper_conventional,paper_faithful,iteration_based_paper_interpretation,main,20,5,5,43,5,,9,after_update,activation,0,"""relu""","""relu""",3.2939453125,0.1016453712632594,success
paper_conventional-main-ants20-iterations5-epochs5-seed-43,paper_conventional,paper_faithful,iteration_based_paper_interpretation,main,20,5,5,43,5,,9,after_update,activation,1,"""sigmoid""","""sigmoid""",3.0107421875,0.09290621986499518,success
paper_conventional-main-ants20-iterations5-epochs5-seed-43,paper_conventional,paper_faithful,iteration_based_paper_interpretation,main,20,5,5,43,5,,9,after_update,activation,2,"""softplus""","""softplus""",4.5732421875,0.14112222757955642,success
paper_conventional-main-ants20-iterations5-epochs5-seed-43,paper_conventional,paper_faithful,iteration_based_paper_interpretation,main,20,5,5,43,5,,9,after_update,activation,3,"""softsign""","""softsign""",3.4853515625,0.10755183220829315,success
paper_conventional-main-ants20-iterations5-epochs5-seed-43,paper_conventional,paper_faithful,iteration_based_paper_interpretation,main,20,5,5,43,5,,9,after_update,activation,4,"""tanh""","""tanh""",4.4130859375,0.13618008678881388,success
paper_conventional-main-ants20-iterations5-epochs5-seed-43,paper_conventional,paper_faithful,iteration_based_paper_interpretation,main,20,5,5,43,5,,9,after_update,activation,5,"""selu""","""selu""",7.5869140625,0.2341188524590164,success
paper_conventional-main-ants20-iterations5-epochs5-seed-43,paper_conventional,paper_faithful,iteration_based_paper_interpretation,main,20,5,5,43,5,,9,after_update,activation,6,"""gelu""","""gelu""",2.6298828125,0.08115356798457088,success
paper_conventional-main-ants20-iterations5-epochs5-seed-43,paper_conventional,paper_faithful,iteration_based_paper_interpretation,main,20,5,5,43,5,,9,after_update,activation,7,"""linear""","""linier""",3.4130859375,0.1053218418514947,success
paper_conventional-main-ants20-iterations5-epochs5-seed-43,paper_conventional,paper_faithful,iteration_based_paper_interpretation,main,20,5,5,43,5,,9,after_update,optimizer,0,"""adam""","""adam""",3.2216796875,0.09941538090646095,success
paper_conventional-main-ants20-iterations5-epochs5-seed-43,paper_conventional,paper_faithful,iteration_based_paper_interpretation,main,20,5,5,43,5,,9,after_update,optimizer,1,"""rmsprop""","""rmsprop""",1.7314453125,0.05342936354869817,success
paper_conventional-main-ants20-iterations5-epochs5-seed-43,paper_conventional,paper_faithful,iteration_based_paper_interpretation,main,20,5,5,43,5,,9,after_update,optimizer,2,"""sgd""","""sgd""",7.4404296875,0.2295986017357763,success
paper_conventional-main-ants20-iterations5-epochs5-seed-43,paper_conventional,paper_faithful,iteration_based_paper_interpretation,main,20,5,5,43,5,,9,after_update,optimizer,3,"""adadelta""","""adadelta""",6.3115234375,0.19476253616200578,success
paper_conventional-main-ants20-iterations5-epochs5-seed-43,paper_conventional,paper_faithful,iteration_based_paper_interpretation,main,20,5,5,43,5,,9,after_update,optimizer,4,"""adagrad""","""adagrad""",8.5439453125,0.26365115718418514,success
paper_conventional-main-ants20-iterations5-epochs5-seed-43,paper_conventional,paper_faithful,iteration_based_paper_interpretation,main,20,5,5,43,5,,9,after_update,optimizer,5,"""adamax""","""adamax""",0.2373046875,0.007322806171648988,success
paper_conventional-main-ants20-iterations5-epochs5-seed-43,paper_conventional,paper_faithful,iteration_based_paper_interpretation,main,20,5,5,43,5,,9,after_update,optimizer,6,"""ftrl""","""ftrl""",2.9130859375,0.0898927193828351,success
paper_conventional-main-ants20-iterations5-epochs5-seed-43,paper_conventional,paper_faithful,iteration_based_paper_interpretation,main,20,5,5,43,5,,9,after_update,optimizer,7,"""nadam""","""nadam""",2.0068359375,0.06192743490838958,success
paper_conventional-main-ants20-iterations5-epochs5-seed-43,paper_conventional,paper_faithful,iteration_based_paper_interpretation,main,20,5,5,43,5,,9,after_update,loss,0,"""sparse_categorical_crossentropy""","""sparse_categorical_crossentropy""",5.8818359375,0.18150313404050145,success
paper_conventional-main-ants20-iterations5-epochs5-seed-43,paper_conventional,paper_faithful,iteration_based_paper_interpretation,main,20,5,5,43,5,,9,after_update,loss,1,"""categorical_crossentropy""","""categorical_crossentropy""",1.8095703125,0.05584016393442623,success
paper_conventional-main-ants20-iterations5-epochs5-seed-43,paper_conventional,paper_faithful,iteration_based_paper_interpretation,main,20,5,5,43,5,,9,after_update,loss,2,"""binary_crossentropy""","""binary_crossentropy""",9.9638671875,0.30746745419479266,success
paper_conventional-main-ants20-iterations5-epochs5-seed-43,paper_conventional,paper_faithful,iteration_based_paper_interpretation,main,20,5,5,43,5,,9,after_update,loss,3,"""mean_absolute_error""","""mean_absolute_error""",3.1318359375,0.09664296046287367,success
paper_conventional-main-ants20-iterations5-epochs5-seed-43,paper_conventional,paper_faithful,iteration_based_paper_interpretation,main,20,5,5,43,5,,9,after_update,loss,4,"""mean_squared_error""","""mean_squared_error""",2.2978515625,0.07090766634522662,success
paper_conventional-main-ants20-iterations5-epochs5-seed-43,paper_conventional,paper_faithful,iteration_based_paper_interpretation,main,20,5,5,43,5,,9,after_update,loss,5,"""squared_hinge""","""squared_hinge""",2.2958984375,0.07084739633558342,success
paper_conventional-main-ants20-iterations5-epochs5-seed-43,paper_conventional,paper_faithful,iteration_based_paper_interpretation,main,20,5,5,43,5,,9,after_update,loss,6,"""categorical_hinge""","""categorical_hinge""",4.6650390625,0.14395491803278687,success
paper_conventional-main-ants20-iterations5-epochs5-seed-43,paper_conventional,paper_faithful,iteration_based_paper_interpretation,main,20,5,5,43,5,,9,after_update,loss,7,"""cosine_similarity""","""cosine_similarity""",2.3603515625,0.07283630665380907,success
